slide,model,lambda,fold,dice,iou,entropy
test_001,mean,0.0,0,0.0,0.0,0.9999943534977114
test_001,mean,0.0,1,0.0,0.0,0.9999943534977114
test_001,mean,0.0,2,0.0,0.0,0.9999943534977114
test_001,mean,0.0,3,0.0,0.0,0.9999943534977114
test_001,mean,0.0,4,0.0,0.0,0.9999943534977114
test_001,mean,0.0,5,0.0,0.0,0.9999943534977114
test_001,mean,0.0,6,0.0,0.0,0.9999943534977114
test_001,mean,0.0,7,0.0,0.0,0.9999943534977114
test_001,mean,0.0,8,0.0,0.0,0.9999943534977114
test_001,mean,0.0,9,0.0,0.0,0.9999943534977114
test_001,max,0.0,0,0.0,0.0,0.9999943534977114
test_001,max,0.0,1,0.0,0.0,0.9999943534977114
test_001,max,0.0,2,0.0,0.0,0.9999943534977114
test_001,max,0.0,3,0.0,0.0,0.9999943534977114
test_001,max,0.0,4,0.0,0.0,0.9999943534977114
test_001,max,0.0,5,0.0,0.0,0.9999943534977114
test_001,max,0.0,6,0.0,0.0,0.9999943534977114
test_001,max,0.0,7,0.0,0.0,0.9999943534977114
test_001,max,0.0,8,0.0,0.0,0.9999943534977114
test_001,max,0.0,9,0.0,0.0,0.9999943534977114
test_001,abmil,0.0,0,0.7723889255814784,0.6291804804280812,0.5471542245330216
test_001,abmil,0.0,1,0.6096642330554614,0.43850143796220215,0.3264285254874463
test_001,abmil,0.0,2,0.7008800271326824,0.5395036961719201,0.4481975539807417
test_001,abmil,0.0,3,0.6088074115063994,0.4376154793676863,0.46740542823856757
test_001,abmil,0.0,4,0.7345102729333642,0.5804158320873417,0.4984632099684907
test_001,abmil,0.0,5,0.680601917138216,0.5158427361528263,0.41181646779708336
test_001,abmil,0.0,6,0.7191588868460042,0.5614739247986175,0.5013078980881973
test_001,abmil,0.0,7,0.8154799093197194,0.6884475119804696,0.5745395060078881
test_001,abmil,0.0,8,0.8079470198675497,0.6777777777777778,0.5655475629942249
test_001,abmil,0.0,9,0.6472215776226772,0.4784387205742637,0.5028798616936253
test_001,transmil,0.0,0,0.0020349511790221523,0.001018511900507469,0.9840581242655493
test_001,transmil,0.0,1,0.5347280484104175,0.36493433715858975,0.9993654327552729
test_001,transmil,0.0,2,0.0031416790132271825,0.001573310925571666,0.965562577727433
test_001,transmil,0.0,3,0.5736063261991039,0.4021374580767883,0.36168272956993897
test_001,transmil,0.0,4,0.023169882722550474,0.011720725276312937,0.9646541491828244
test_001,transmil,0.0,5,0.07850627443280199,0.04085689866597302,0.9913917370031662
test_001,transmil,0.0,6,0.002177754770532479,0.0010900643316654754,0.9809329135916679
test_001,transmil,0.0,7,0.12763070991235428,0.06816535102772375,0.9915343660349312
test_001,transmil,0.0,8,0.4151657414183967,0.26196161470535234,0.9986045942522297
test_001,transmil,0.0,9,0.013280734010460362,0.0066847562400043125,0.9687602867945357
test_001,clam,0.0,0,0.49038753324646117,0.3248433250561665,0.4478629113196521
test_001,clam,0.0,1,0.8053408543224863,0.6741176822161791,0.29975988442830936
test_001,clam,0.0,2,0.6185180557291016,0.4477206946454414,0.4177096964392088
test_001,clam,0.0,3,0.6485425108441477,0.4798837670056796,0.5059125608097493
test_001,clam,0.0,4,0.7567162314132201,0.6086432160804021,0.4807012163795149
test_001,clam,0.0,5,0.6366898127487907,0.4670175714248304,0.44862806251871507
test_001,clam,0.0,6,0.7313685939201371,0.5765020402420149,0.4915289585198155
test_001,clam,0.0,7,0.699809000196355,0.5382355363958373,0.3641062674201595
test_001,clam,0.0,8,0.8367933453526356,0.7193849364679885,0.5426376197354289
test_001,clam,0.0,9,0.5060245265168419,0.3387100628479939,0.3601092720240596
test_001,clam,0.05,0,0.7595723032434266,0.6123471003022017,0.5974222764630039
test_001,clam,0.05,1,0.8404705378340265,0.7248375873641429,0.5930492590740694
test_001,clam,0.05,2,0.7671408935934739,0.6222453884690007,0.557771856633248
test_001,clam,0.05,3,0.7492547437568055,0.5990466404064623,0.5752138650900904
test_001,clam,0.05,4,0.8216918655504186,0.6973488865323436,0.6088551490487452
test_001,clam,0.05,5,0.7266917762981739,0.5707116020860203,0.5565490804676428
test_001,clam,0.05,6,0.845040252762357,0.7316620815430744,0.5808362676971965
test_001,clam,0.05,7,0.8562503346959176,0.7486343914848457,0.6165898143286449
test_001,clam,0.05,8,0.7562521197408115,0.6080429416154773,0.6200211982323742
test_001,clam,0.05,9,0.821656164652541,0.6972974610676846,0.634529727769103
test_002,mean,0.0,0,0.0,0.0,0.999993401295132
test_002,mean,0.0,1,0.0,0.0,0.999993401295132
test_002,mean,0.0,2,0.0,0.0,0.999993401295132
test_002,mean,0.0,3,0.0,0.0,0.999993401295132
test_002,mean,0.0,4,0.0,0.0,0.999993401295132
test_002,mean,0.0,5,0.0,0.0,0.999993401295132
test_002,mean,0.0,6,0.0,0.0,0.999993401295132
test_002,mean,0.0,7,0.0,0.0,0.999993401295132
test_002,mean,0.0,8,0.0,0.0,0.999993401295132
test_002,mean,0.0,9,0.0,0.0,0.999993401295132
test_002,max,0.0,0,0.0,0.0,0.999993401295132
test_002,max,0.0,1,0.0,0.0,0.999993401295132
test_002,max,0.0,2,0.0,0.0,0.999993401295132
test_002,max,0.0,3,0.0,0.0,0.999993401295132
test_002,max,0.0,4,0.0,0.0,0.999993401295132
test_002,max,0.0,5,0.0,0.0,0.999993401295132
test_002,max,0.0,6,0.0,0.0,0.999993401295132
test_002,max,0.0,7,0.0,0.0,0.999993401295132
test_002,max,0.0,8,0.0,0.0,0.999993401295132
test_002,max,0.0,9,0.0,0.0,0.999993401295132
test_002,abmil,0.0,0,0.2082284162816667,0.11621370612963144,0.3535698333798602
test_002,abmil,0.0,1,0.1845372336931532,0.10164749017053815,0.02103309849956095
test_002,abmil,0.0,2,0.185369271528979,0.10215261354312467,0.13849843410642204
test_002,abmil,0.0,3,0.20038974403888682,0.11135174595449568,0.33749782260492983
test_002,abmil,0.0,4,0.19798121346149636,0.10986634264884569,0.30585390084404224
test_002,abmil,0.0,5,0.21103107004444835,0.11796240086164692,0.2922447518416003
test_002,abmil,0.0,6,0.20354272952201616,0.11330229383516564,0.33633879636701186
test_002,abmil,0.0,7,0.20897287118740557,0.11667766938066945,0.4400759216120763
test_002,abmil,0.0,8,0.23113135249939787,0.13066620454039066,0.4775333240637493
test_002,abmil,0.0,9,0.19355827549210658,0.10714891760199753,0.27330613508141094
test_002,transmil,0.0,0,0.020363031245210307,0.010286245188691766,0.99249786459927
test_002,transmil,0.0,1,0.169385386788115,0.09252924431260914,0.9995761915837398
test_002,transmil,0.0,2,0.027851371767642488,0.014122349283890308,0.9905839978279627
test_002,transmil,0.0,3,0.001357535416347354,0.0006792287467134092,0.8071946127761647
test_002,transmil,0.0,4,0.022640187427470385,0.01144970545245161,0.9940396641914494
test_002,transmil,0.0,5,0.031179523110945677,0.015836651171066973,0.9956263855700141
test_002,transmil,0.0,6,0.0010072036959996498,0.0005038555906063792,0.9760392726036647
test_002,transmil,0.0,7,0.010378577215300737,0.0052163577937227625,0.9909948059088627
test_002,transmil,0.0,8,0.10768321254187559,0.05690548921595853,0.9985129690573267
test_002,transmil,0.0,9,0.04926539817389591,0.02525479279845553,0.9902908473005929
test_002,clam,0.0,0,0.1963609292548882,0.10886930342098235,0.26299192184927717
test_002,clam,0.0,1,0.20297344047645113,0.11294960522468077,0.2735598272829017
test_002,clam,0.0,2,0.19605438899958397,0.10868087585570714,0.23326647492992184
test_002,clam,0.0,3,0.21247618839088261,0.11886621426296577,0.33214810141278006
test_002,clam,0.0,4,0.2098924919533183,0.11725133323548119,0.313648824138357
test_002,clam,0.0,5,0.2016159050601038,0.11210947963084715,0.3269668093263405
test_002,clam,0.0,6,0.19855050250706138,0.11021707951479204,0.2935323625540611
test_002,clam,0.0,7,0.1963609292548882,0.10886930342098235,0.279848270325684
test_002,clam,0.0,8,0.21282652011123032,0.11908554066305653,0.35818651269417623
test_002,clam,0.0,9,0.19206936568062885,0.10623713213031367,0.13684061875818782
test_002,clam,0.05,0,0.1738959076875917,0.09522781774580336,0.5013920905354698
test_002,clam,0.05,1,0.21685533489522893,0.1216139885557111,0.4032902488703328
test_002,clam,0.05,2,0.20034595257384336,0.11132470313412497,0.46621044013056107
test_002,clam,0.05,3,0.19368964988723697,0.10722944142746314,0.38962903143367156
test_002,clam,0.05,4,0.19693021830045324,0.10921941030747559,0.39878529456404765
test_002,clam,0.05,5,0.19728055002080094,0.10943497060681144,0.4528186706325073
test_002,clam,0.05,6,0.21133761029975257,0.11815399681723589,0.4256503715692269
test_002,clam,0.05,7,0.2310875610343544,0.13063821359607863,0.5469649117045938
test_002,clam,0.05,8,0.1833548641369797,0.10093047922090445,0.4755890495476038
test_002,clam,0.05,9,0.183004532416632,0.10071821073941965,0.49048707855131096
test_004,mean,0.0,0,0.0,0.0,0.9999929492928289
test_004,mean,0.0,1,0.0,0.0,0.9999929492928289
test_004,mean,0.0,2,0.0,0.0,0.9999929492928289
test_004,mean,0.0,3,0.0,0.0,0.9999929492928289
test_004,mean,0.0,4,0.0,0.0,0.9999929492928289
test_004,mean,0.0,5,0.0,0.0,0.9999929492928289
test_004,mean,0.0,6,0.0,0.0,0.9999929492928289
test_004,mean,0.0,7,0.0,0.0,0.9999929492928289
test_004,mean,0.0,8,0.0,0.0,0.9999929492928289
test_004,mean,0.0,9,0.0,0.0,0.9999929492928289
test_004,max,0.0,0,0.0,0.0,0.9999929492928289
test_004,max,0.0,1,0.0,0.0,0.9999929492928289
test_004,max,0.0,2,0.0,0.0,0.9999929492928289
test_004,max,0.0,3,0.0,0.0,0.9999929492928289
test_004,max,0.0,4,0.0,0.0,0.9999929492928289
test_004,max,0.0,5,0.0,0.0,0.9999929492928289
test_004,max,0.0,6,0.0,0.0,0.9999929492928289
test_004,max,0.0,7,0.0,0.0,0.9999929492928289
test_004,max,0.0,8,0.0,0.0,0.9999929492928289
test_004,max,0.0,9,0.0,0.0,0.9999929492928289
test_004,abmil,0.0,0,0.0029237516349926904,0.0014640160271228231,0.7424841081432335
test_004,abmil,0.0,1,0.0037444538483239723,0.001875738732720078,0.48090499897730393
test_004,abmil,0.0,2,0.0019491677566617937,0.00097553461864298,0.12323640330427758
test_004,abmil,0.0,3,0.005539739939986151,0.002777563459609598,0.32673139745538987
test_004,abmil,0.0,4,0.0029237516349926904,0.0014640160271228231,0.6517055536547466
test_004,abmil,0.0,5,0.003282808853325126,0.001644103064710869,0.2643768128547038
test_004,abmil,0.0,6,0.0037444538483239723,0.001875738732720078,0.6627435315017458
test_004,abmil,0.0,7,0.000512938883332051,0.00025653523511454297,0.9272937091443957
test_004,abmil,0.0,8,0.0,0.0,0.9714191258821349
test_004,abmil,0.0,9,0.0037444538483239723,0.001875738732720078,0.36499484545312294
test_004,transmil,0.0,0,0.0,0.0,0.9999829864284758
test_004,transmil,0.0,1,0.0,0.0,0.9995164835162951
test_004,transmil,0.0,2,0.0,0.0,0.9999754321686917
test_004,transmil,0.0,3,0.0013336410966633325,0.0006672654946747081,0.9999728046000711
test_004,transmil,0.0,4,0.0,0.0,0.9999018602473151
test_004,transmil,0.0,5,0.0,0.0,0.9999272600773141
test_004,transmil,0.0,6,0.0,0.0,0.9973698694352982
test_004,transmil,0.0,7,0.0,0.0,0.9993155839988458
test_004,transmil,0.0,8,0.0,0.0,0.9997355570500369
test_004,transmil,0.0,9,0.0,0.0,0.9998800733241694
test_004,clam,0.0,0,0.0033341027416583313,0.0016698350716744593,0.23810153720639113
test_004,clam,0.0,1,0.0013336410966633325,0.0006672654946747081,0.9459376222917989
test_004,clam,0.0,2,0.0037444538483239723,0.001875738732720078,0.1979452544635998
test_004,clam,0.0,3,0.0020004616449949986,0.0010012322858903265,0.3378666774528703
test_004,clam,0.0,4,0.004154804954989613,0.0020817270624518117,0.8073193091153027
test_004,clam,0.0,5,0.004154804954989613,0.0020817270624518117,0.6501354719219176
test_004,clam,0.0,6,0.00533456438665333,0.002674415614472703,0.42111768577146763
test_004,clam,0.0,7,0.0037957477366571775,0.001901482642546959,0.6969204260317983
test_004,clam,0.0,8,0.0013336410966633325,0.0006672654946747081,0.9161637663956758
test_004,clam,0.0,9,0.004154804954989613,0.0020817270624518117,0.5154618508780965
test_004,clam,0.05,0,0.0020004616449949986,0.0010012322858903265,0.9875312671815728
test_004,clam,0.05,1,0.0033341027416583313,0.0016698350716744593,0.9584041216121927
test_004,clam,0.05,2,0.0033341027416583313,0.0016698350716744593,0.9865580814537215
test_004,clam,0.05,3,0.0028211638583262805,0.0014125744811999178,0.9633005957366639
test_004,clam,0.05,4,0.0014875227616629478,0.0007443149735639854,0.9798646788388435
test_004,clam,0.05,5,0.0015901105383293581,0.0007956878850102669,0.979832710087293
test_004,clam,0.05,6,0.0037957477366571775,0.001901482642546959,0.9793067584350714
test_004,clam,0.05,7,0.0,0.0,0.9802808200191296
test_004,clam,0.05,8,0.0014875227616629478,0.0007443149735639854,0.970381564723079
test_004,clam,0.05,9,0.0033853966299915365,0.001695568400770713,0.9728351664045817
test_008,mean,0.0,0,0.0,0.0,0.9999925768746548
test_008,mean,0.0,1,0.0,0.0,0.9999925768746548
test_008,mean,0.0,2,0.0,0.0,0.9999925768746548
test_008,mean,0.0,3,0.0,0.0,0.9999925768746548
test_008,mean,0.0,4,0.0,0.0,0.9999925768746548
test_008,mean,0.0,5,0.0,0.0,0.9999925768746548
test_008,mean,0.0,6,0.0,0.0,0.9999925768746548
test_008,mean,0.0,7,0.0,0.0,0.9999925768746548
test_008,mean,0.0,8,0.0,0.0,0.9999925768746548
test_008,mean,0.0,9,0.0,0.0,0.9999925768746548
test_008,max,0.0,0,0.0,0.0,0.9999925768746548
test_008,max,0.0,1,0.0,0.0,0.9999925768746548
test_008,max,0.0,2,0.0,0.0,0.9999925768746548
test_008,max,0.0,3,0.0,0.0,0.9999925768746548
test_008,max,0.0,4,0.0,0.0,0.9999925768746548
test_008,max,0.0,5,0.0,0.0,0.9999925768746548
test_008,max,0.0,6,0.0,0.0,0.9999925768746548
test_008,max,0.0,7,0.0,0.0,0.9999925768746548
test_008,max,0.0,8,0.0,0.0,0.9999925768746548
test_008,max,0.0,9,0.0,0.0,0.9999925768746548
test_008,abmil,0.0,0,0.0203748788616541,0.01029229152736651,0.6070975659606267
test_008,abmil,0.0,1,0.012716571725719147,0.006398972358342452,0.44012649489285205
test_008,abmil,0.0,2,0.02098943437256246,0.010606024412966104,0.1330041305778509
test_008,abmil,0.0,3,0.015600255276904531,0.007861447935774353,0.23638842996637763
test_008,abmil,0.0,4,0.012716571725719147,0.006398972358342452,0.6394455484300481
test_008,abmil,0.0,5,0.024534946935495308,0.012419833445008136,0.1520823143915508
test_008,abmil,0.0,6,0.01701846030207767,0.008582258564378858,0.40539437767111247
test_008,abmil,0.0,7,0.023920391424586948,0.012104973565225711,0.7884103810817261
test_008,abmil,0.0,8,0.02425130593046068,0.012274489161123607,0.8956360987826747
test_008,abmil,0.0,9,0.014702058760961543,0.007405467187351176,0.2917493446951578
test_008,transmil,0.0,0,0.0,0.0,0.9999763904176755
test_008,transmil,0.0,1,0.013992956248374974,0.007045773725928924,0.9993784692148979
test_008,transmil,0.0,2,0.0,0.0,0.9997794370854379
test_008,transmil,0.0,3,0.0,0.0,0.9494407508532624
test_008,transmil,0.0,4,0.009643794171177347,0.0048452604327482605,0.9996192020247372
test_008,transmil,0.0,5,0.010967452194672276,0.005513963161021984,0.9995022032719407
test_008,transmil,0.0,6,0.0023164015411161272,0.0011595437550286337,0.9921400811948623
test_008,transmil,0.0,7,0.0023164015411161272,0.0011595437550286337,0.9992083484657065
test_008,transmil,0.0,8,0.01701846030207767,0.008582258564378858,0.9996249596235284
test_008,transmil,0.0,9,0.01110927269718959,0.005585662673512074,0.9989705487722326
test_008,clam,0.0,0,0.01385113574585766,0.006973865854239063,0.33919559797229054
test_008,clam,0.0,1,0.026945895478289645,0.013656947073340201,0.6175183852370887
test_008,clam,0.0,2,0.023778570922069635,0.01203234140273658,0.1662137024003573
test_008,clam,0.0,3,0.024913134942208145,0.012613690761129727,0.32461814542882644
test_008,clam,0.0,4,0.015032973266835276,0.0075734120841172686,0.8042462220213885
test_008,clam,0.0,5,0.01181837520977616,0.005944313669543714,0.5444089932720612
test_008,clam,0.0,6,0.01999669085494126,0.010099321936777768,0.2533496098848869
test_008,clam,0.0,7,0.012196563216488997,0.006135698827558325,0.6007524205077857
test_008,clam,0.0,8,0.02538586995059919,0.012856116830260953,0.688313819974688
test_008,clam,0.0,9,0.01753846881130782,0.008846814193056085,0.4078147690007248
test_008,clam,0.05,0,0.022880374406126645,0.01157257968103675,0.9450773600409865
test_008,clam,0.05,1,0.025764057957312028,0.013050141276758775,0.7768978993476492
test_008,clam,0.05,2,0.024629493937173518,0.012468290815105539,0.9381219634332394
test_008,clam,0.05,3,0.026284066466542178,0.013317046298292256,0.7885920713454698
test_008,clam,0.05,4,0.026473160469898598,0.013414137542817449,0.7298849325380453
test_008,clam,0.05,5,0.026378613468220388,0.013365589594960358,0.9139119123195367
test_008,clam,0.05,6,0.02425130593046068,0.012274489161123607,0.938746934486942
test_008,clam,0.05,7,0.02538586995059919,0.012856116830260953,0.8908935755216899
test_008,clam,0.05,8,0.02477131443969083,0.012540985568293325,0.8725722986811647
test_008,clam,0.05,9,0.02557496395395561,0.012953119762486233,0.7630791733958456
test_010,mean,0.0,0,0.0,0.0,0.9999877886189363
test_010,mean,0.0,1,0.0,0.0,0.9999877886189363
test_010,mean,0.0,2,0.0,0.0,0.9999877886189363
test_010,mean,0.0,3,0.0,0.0,0.9999877886189363
test_010,mean,0.0,4,0.0,0.0,0.9999877886189363
test_010,mean,0.0,5,0.0,0.0,0.9999877886189363
test_010,mean,0.0,6,0.0,0.0,0.9999877886189363
test_010,mean,0.0,7,0.0,0.0,0.9999877886189363
test_010,mean,0.0,8,0.0,0.0,0.9999877886189363
test_010,mean,0.0,9,0.0,0.0,0.9999877886189363
test_010,max,0.0,0,0.0,0.0,0.9999877886189363
test_010,max,0.0,1,0.0,0.0,0.9999877886189363
test_010,max,0.0,2,0.0,0.0,0.9999877886189363
test_010,max,0.0,3,0.0,0.0,0.9999877886189363
test_010,max,0.0,4,0.0,0.0,0.9999877886189363
test_010,max,0.0,5,0.0,0.0,0.9999877886189363
test_010,max,0.0,6,0.0,0.0,0.9999877886189363
test_010,max,0.0,7,0.0,0.0,0.9999877886189363
test_010,max,0.0,8,0.0,0.0,0.9999877886189363
test_010,max,0.0,9,0.0,0.0,0.9999877886189363
test_010,abmil,0.0,0,0.003698427483425566,0.0018526396684461156,0.9533271541093975
test_010,abmil,0.0,1,0.00183551586214454,0.0009186009844112042,0.8571717761680093
test_010,abmil,0.0,2,0.0027943674319215388,0.0013991385695865683,0.14472391762689202
test_010,abmil,0.0,3,0.0027943674319215388,0.0013991385695865683,0.41416823327277663
test_010,abmil,0.0,4,0.003698427483425566,0.0018526396684461156,0.9350208833378225
test_010,abmil,0.0,5,0.003698427483425566,0.0018526396684461156,0.19324247365837066
test_010,abmil,0.0,6,0.003698427483425566,0.0018526396684461156,0.912633516140451
test_010,abmil,0.0,7,0.003698427483425566,0.0018526396684461156,0.968010911887714
test_010,abmil,0.0,8,0.003698427483425566,0.0018526396684461156,0.9827970876537473
test_010,abmil,0.0,9,0.003698427483425566,0.0018526396684461156,0.06285498102293734
test_010,transmil,0.0,0,0.0,0.0,0.9999747183273833
test_010,transmil,0.0,1,0.0018081201030080544,0.0009048781156598755,0.9995822011341797
test_010,transmil,0.0,2,0.0,0.0,0.9999721655360643
test_010,transmil,0.0,3,0.00468467481233905,0.002347836832205182,0.9999685916282177
test_010,transmil,0.0,4,0.0028192916187660807,0.0014116357157541288,0.9998806734951927
test_010,transmil,0.0,5,0.001806536377073411,0.0009040848195939837,0.999863212402571
test_010,transmil,0.0,6,0.0,0.0,0.9983797343112963
test_010,transmil,0.0,7,0.0,0.0,0.9995900637314422
test_010,transmil,0.0,8,0.003698427483425566,0.0018526396684461156,0.9997858117697801
test_010,transmil,0.0,9,0.0,0.0,0.9998113396829698
test_010,clam,0.0,0,0.0037258232425620512,0.0018663885381786244,0.3017138443739126
test_010,clam,0.0,1,0.004712070571475536,0.002361599297012302,0.9474822831055043
test_010,clam,0.0,2,0.0027943674319215388,0.0013991385695865683,0.4370385885876957
test_010,clam,0.0,3,0.0027943674319215388,0.0013991385695865683,0.0953873834370353
test_010,clam,0.0,4,0.004629883294066078,0.0023203130363149585,0.9662310036684817
test_010,clam,0.0,5,0.004629883294066078,0.0023203130363149585,0.4770414412257314
test_010,clam,0.0,6,0.003753219001698537,0.0018801377852800307,0.3750376694284299
test_010,clam,0.0,7,0.003698427483425566,0.0018526396684461156,0.8749228658835367
test_010,clam,0.0,8,0.003698427483425566,0.0018526396684461156,0.9771244790080577
test_010,clam,0.0,9,0.003698427483425566,0.0018526396684461156,0.6396709945546006
test_010,clam,0.05,0,0.002766971672785053,0.0013854025211582513,0.9565115060006695
test_010,clam,0.05,1,0.004629883294066078,0.0023203130363149585,0.9768768582501184
test_010,clam,0.05,2,0.0037258232425620512,0.0018663885381786244,0.995689296484417
test_010,clam,0.05,3,0.0037258232425620512,0.0018663885381786244,0.9346570595190442
test_010,clam,0.05,4,0.001917703139553997,0.0009597718485205803,0.9773025617304684
test_010,clam,0.05,5,0.004629883294066078,0.0023203130363149585,0.9941689560864966
test_010,clam,0.05,6,0.003753219001698537,0.0018801377852800307,0.9781559088125706
test_010,clam,0.05,7,0.003698427483425566,0.0018526396684461156,0.986905652114136
test_010,clam,0.05,8,0.001917703139553997,0.0009597718485205803,0.93489048675725
test_010,clam,0.05,9,0.0037258232425620512,0.0018663885381786244,0.9324629864362236
test_011,mean,0.0,0,0.0,0.0,0.9999952909646159
test_011,mean,0.0,1,0.0,0.0,0.9999952909646159
test_011,mean,0.0,2,0.0,0.0,0.9999952909646159
test_011,mean,0.0,3,0.0,0.0,0.9999952909646159
test_011,mean,0.0,4,0.0,0.0,0.9999952909646159
test_011,mean,0.0,5,0.0,0.0,0.9999952909646159
test_011,mean,0.0,6,0.0,0.0,0.9999952909646159
test_011,mean,0.0,7,0.0,0.0,0.9999952909646159
test_011,mean,0.0,8,0.0,0.0,0.9999952909646159
test_011,mean,0.0,9,0.0,0.0,0.9999952909646159
test_011,max,0.0,0,0.0,0.0,0.9999952909646159
test_011,max,0.0,1,0.0,0.0,0.9999952909646159
test_011,max,0.0,2,0.0,0.0,0.9999952909646159
test_011,max,0.0,3,0.0,0.0,0.9999952909646159
test_011,max,0.0,4,0.0,0.0,0.9999952909646159
test_011,max,0.0,5,0.0,0.0,0.9999952909646159
test_011,max,0.0,6,0.0,0.0,0.9999952909646159
test_011,max,0.0,7,0.0,0.0,0.9999952909646159
test_011,max,0.0,8,0.0,0.0,0.9999952909646159
test_011,max,0.0,9,0.0,0.0,0.9999952909646159
test_011,abmil,0.0,0,0.0,0.0,0.6418495152363196
test_011,abmil,0.0,1,0.0,0.0,0.5344864550351355
test_011,abmil,0.0,2,0.0,0.0,0.4628674105535827
test_011,abmil,0.0,3,0.0,0.0,0.4997805365118757
test_011,abmil,0.0,4,0.0,0.0,0.7122040940691508
test_011,abmil,0.0,5,0.0,0.0,0.3072522698819151
test_011,abmil,0.0,6,0.0,0.0,0.654893939790682
test_011,abmil,0.0,7,0.0,0.0,0.8177304986489428
test_011,abmil,0.0,8,0.0,0.0,0.887368244049332
test_011,abmil,0.0,9,0.0,0.0,0.4620220371081829
test_011,transmil,0.0,0,0.0018736094305008002,0.0009376831412385232,0.9999833284041258
test_011,transmil,0.0,1,0.0,0.0,0.9995032156398428
test_011,transmil,0.0,2,0.00046840235762520005,0.00023425604185374615,0.9999755067299594
test_011,transmil,0.0,3,0.0021078106093134004,0.0010550171928727728,0.9999775771731211
test_011,transmil,0.0,4,0.0018736094305008002,0.0009376831412385232,0.9998236742314318
test_011,transmil,0.0,5,0.0018736094305008002,0.0009376831412385232,0.99988107151686
test_011,transmil,0.0,6,0.0014052070728756002,0.0007030975352525292,0.9968703020858322
test_011,transmil,0.0,7,0.0014052070728756002,0.0007030975352525292,0.9981907847245408
test_011,transmil,0.0,8,0.0018736094305008002,0.0009376831412385232,0.9996533227690688
test_011,transmil,0.0,9,0.0018736094305008002,0.0009376831412385232,0.999753509213173
test_011,clam,0.0,0,0.0,0.0,0.5205437457101288
test_011,clam,0.0,1,0.0030446153245638004,0.0015246286161063331,0.9647519199039549
test_011,clam,0.0,2,0.0,0.0,0.37608084583608
test_011,clam,0.0,3,0.0,0.0,0.4045518835831598
test_011,clam,0.0,4,0.0,0.0,0.796874809656132
test_011,clam,0.0,5,0.0,0.0,0.42957790520219213
test_011,clam,0.0,6,0.0,0.0,0.44148157308674674
test_011,clam,0.0,7,0.0,0.0,0.5902167461565777
test_011,clam,0.0,8,0.0,0.0,0.7374898987926712
test_011,clam,0.0,9,0.0,0.0,0.4701824012686245
test_011,clam,0.05,0,0.0,0.0,0.9715531531533353
test_011,clam,0.05,1,0.0,0.0,0.9074301481388564
test_011,clam,0.05,2,0.0,0.0,0.9535432307740239
test_011,clam,0.05,3,0.0,0.0,0.967598606714415
test_011,clam,0.05,4,0.0,0.0,0.9505084211973958
test_011,clam,0.05,5,0.0,0.0,0.9706114465886047
test_011,clam,0.05,6,0.0,0.0,0.9719621807023988
test_011,clam,0.05,7,0.0,0.0,0.9711848443197861
test_011,clam,0.05,8,0.0,0.0,0.9548960928432898
test_011,clam,0.05,9,0.0,0.0,0.9680978135656342
test_013,mean,0.0,0,0.0,0.0,0.9999975117283639
test_013,mean,0.0,1,0.0,0.0,0.9999975117283639
test_013,mean,0.0,2,0.0,0.0,0.9999975117283639
test_013,mean,0.0,3,0.0,0.0,0.9999975117283639
test_013,mean,0.0,4,0.0,0.0,0.9999975117283639
test_013,mean,0.0,5,0.0,0.0,0.9999975117283639
test_013,mean,0.0,6,0.0,0.0,0.9999975117283639
test_013,mean,0.0,7,0.0,0.0,0.9999975117283639
test_013,mean,0.0,8,0.0,0.0,0.9999975117283639
test_013,mean,0.0,9,0.0,0.0,0.9999975117283639
test_013,max,0.0,0,0.0,0.0,0.9999975117283639
test_013,max,0.0,1,0.0,0.0,0.9999975117283639
test_013,max,0.0,2,0.0,0.0,0.9999975117283639
test_013,max,0.0,3,0.0,0.0,0.9999975117283639
test_013,max,0.0,4,0.0,0.0,0.9999975117283639
test_013,max,0.0,5,0.0,0.0,0.9999975117283639
test_013,max,0.0,6,0.0,0.0,0.9999975117283639
test_013,max,0.0,7,0.0,0.0,0.9999975117283639
test_013,max,0.0,8,0.0,0.0,0.9999975117283639
test_013,max,0.0,9,0.0,0.0,0.9999975117283639
test_013,abmil,0.0,0,0.018293725423149255,0.009231300146665516,0.2754987120432927
test_013,abmil,0.0,1,0.006496837066165157,0.0032590051457975985,0.49433461871328255
test_013,abmil,0.0,2,0.013164643528808343,0.006625935805868686,0.18786433845561773
test_013,abmil,0.0,3,0.012651735339374252,0.006366139022711631,0.32723773901193487
test_013,abmil,0.0,4,0.01128398016755001,0.005674002751031637,0.5648539403472124
test_013,abmil,0.0,5,0.01590015387245683,0.008013787160706592,0.2414077692488793
test_013,abmil,0.0,6,0.018293725423149255,0.009231300146665516,0.10025373610469437
test_013,abmil,0.0,7,0.013164643528808343,0.006625935805868686,0.6345128545141847
test_013,abmil,0.0,8,0.01248076594289622,0.0062795698924731184,0.9338770296294514
test_013,abmil,0.0,9,0.010258163788681825,0.005155525004296271,0.41087051507647515
test_013,transmil,0.0,0,0.0,0.0,0.999981229623726
test_013,transmil,0.0,1,0.0,0.0,0.9993102288271263
test_013,transmil,0.0,2,0.0,0.0,0.9999765230778542
test_013,transmil,0.0,3,0.0018806633612583347,0.0009412167365448789,0.9999751238344868
test_013,transmil,0.0,4,0.0018806633612583347,0.0009412167365448789,0.9997611668032298
test_013,transmil,0.0,5,0.0,0.0,0.9998259136099539
test_013,transmil,0.0,6,0.0,0.0,0.995113516356715
test_013,transmil,0.0,7,0.0,0.0,0.9984150310818996
test_013,transmil,0.0,8,0.0018806633612583347,0.0009412167365448789,0.9995679440145976
test_013,transmil,0.0,9,0.0,0.0,0.99972173358106
test_013,clam,0.0,0,0.01590015387245683,0.008013787160706592,0.36613641841447836
test_013,clam,0.0,1,0.008206531030945461,0.004120171673819743,0.9618342937202736
test_013,clam,0.0,2,0.013164643528808343,0.006625935805868686,0.08723894423197258
test_013,clam,0.0,3,0.018293725423149255,0.009231300146665516,0.4399433259418909
test_013,clam,0.0,4,0.018293725423149255,0.009231300146665516,0.8142444566086068
test_013,clam,0.0,5,0.016413062061890922,0.008274435442165143,0.22713031924208196
test_013,clam,0.0,6,0.01590015387245683,0.008013787160706592,0.3929901883042573
test_013,clam,0.0,7,0.018293725423149255,0.009231300146665516,0.3985744095782916
test_013,clam,0.0,8,0.018122756026671225,0.00914423740510697,0.1874016500153273
test_013,clam,0.0,9,0.010258163788681825,0.005155525004296271,0.2623021298362693
test_013,clam,0.05,0,0.016413062061890922,0.008274435442165143,0.9660121800071974
test_013,clam,0.05,1,0.018293725423149255,0.009231300146665516,0.5492698037417475
test_013,clam,0.05,2,0.012651735339374252,0.006366139022711631,0.9749675283639403
test_013,clam,0.05,3,0.01213882714994016,0.006106476305151802,0.9585051121375989
test_013,clam,0.05,4,0.017780817233715166,0.00897015697774711,0.8249956702253298
test_013,clam,0.05,5,0.017780817233715166,0.00897015697774711,0.9762200419836028
test_013,clam,0.05,6,0.017609847837237135,0.008883139284174214,0.8326934168047109
test_013,clam,0.05,7,0.01248076594289622,0.0062795698924731184,0.9185226233441115
test_013,clam,0.05,8,0.017267909044281073,0.008709148917823576,0.9649235686674247
test_013,clam,0.05,9,0.017267909044281073,0.008709148917823576,0.9668506447940766
test_016,mean,0.0,0,0.0,0.0,0.9999904385159564
test_016,mean,0.0,1,0.0,0.0,0.9999904385159564
test_016,mean,0.0,2,0.0,0.0,0.9999904385159564
test_016,mean,0.0,3,0.0,0.0,0.9999904385159564
test_016,mean,0.0,4,0.0,0.0,0.9999904385159564
test_016,mean,0.0,5,0.0,0.0,0.9999904385159564
test_016,mean,0.0,6,0.0,0.0,0.9999904385159564
test_016,mean,0.0,7,0.0,0.0,0.9999904385159564
test_016,mean,0.0,8,0.0,0.0,0.9999904385159564
test_016,mean,0.0,9,0.0,0.0,0.9999904385159564
test_016,max,0.0,0,0.0,0.0,0.9999904385159564
test_016,max,0.0,1,0.0,0.0,0.9999904385159564
test_016,max,0.0,2,0.0,0.0,0.9999904385159564
test_016,max,0.0,3,0.0,0.0,0.9999904385159564
test_016,max,0.0,4,0.0,0.0,0.9999904385159564
test_016,max,0.0,5,0.0,0.0,0.9999904385159564
test_016,max,0.0,6,0.0,0.0,0.9999904385159564
test_016,max,0.0,7,0.0,0.0,0.9999904385159564
test_016,max,0.0,8,0.0,0.0,0.9999904385159564
test_016,max,0.0,9,0.0,0.0,0.9999904385159564
test_016,abmil,0.0,0,0.49061778418691887,0.32504542523884883,0.6941441432264229
test_016,abmil,0.0,1,0.48938805481585024,0.3239667582240599,0.5027438427365969
test_016,abmil,0.0,2,0.4814700131819911,0.3170632238819883,0.5485772667638863
test_016,abmil,0.0,3,0.4862562260578769,0.32122756468326097,0.6242826522983258
test_016,abmil,0.0,4,0.4906000902391337,0.3250298923874053,0.6541151742216124
test_016,abmil,0.0,5,0.49044084470906724,0.3248901131102385,0.6226884517324491
test_016,abmil,0.0,6,0.49062663116081145,0.32505319180113595,0.6788038278590788
test_016,abmil,0.0,7,0.49078587669087786,0.3251930054926696,0.7501654953851219
test_016,abmil,0.0,8,0.49084780550812596,0.32524738545232845,0.7342298000597735
test_016,abmil,0.0,9,0.4770465262357011,0.31323775443814483,0.5701493518983429
test_016,transmil,0.0,0,0.0527102704519919,0.027068529994366403,0.9620412502335505
test_016,transmil,0.0,1,0.37043164385621896,0.22731887401938164,0.9990368419642475
test_016,transmil,0.0,2,0.019985314023338318,0.010093518075842132,0.973299200568234
test_016,transmil,0.0,3,0.49051698984057934,0.3249569465434225,0.9999850747325508
test_016,transmil,0.0,4,0.07223554183291606,0.0374711451530741,0.9214091185261866
test_016,transmil,0.0,5,0.10330611414365716,0.05446641385518847,0.9770783540801516
test_016,transmil,0.0,6,0.012580396875248822,0.0063300154911771515,0.9963244503166713
test_016,transmil,0.0,7,0.04775596507214707,0.024462087842369532,0.9493421249183807
test_016,transmil,0.0,8,0.3523838171153557,0.21387494294842538,0.9977431184412993
test_016,transmil,0.0,9,0.032583404846372295,0.016561517741913726,0.9597043234243553
test_016,clam,0.0,0,0.4659524209744057,0.30374052757240566,0.5524788933302281
test_016,clam,0.0,1,0.48924650323356894,0.32384270781483326,0.528670899307379
test_016,clam,0.0,2,0.49058239629134853,0.32501435990012545,0.619858687883295
test_016,clam,0.0,3,0.4906885599780595,0.32510756028651483,0.6702922923863175
test_016,clam,0.0,4,0.49061778418691887,0.32504542523884883,0.6574233665160872
test_016,clam,0.0,5,0.49036122194403403,0.32482023453020703,0.629773063061027
test_016,clam,0.0,6,0.4904585386568524,0.32490564268467076,0.6209326540449556
test_016,clam,0.0,7,0.490299293126786,0.3247658896194461,0.5846559144628116
test_016,clam,0.0,8,0.4908124176125556,0.32521631064318707,0.7298921294542362
test_016,clam,0.0,9,0.47515327382268896,0.31160723610160246,0.5056212496030582
test_016,clam,0.05,0,0.49058239629134853,0.32501435990012545,0.7428248948642137
test_016,clam,0.05,1,0.49084780550812596,0.32524738545232845,0.7569354840066922
test_016,clam,0.05,2,0.4906000902391337,0.3250298923874053,0.7238046033918408
test_016,clam,0.05,3,0.49054700839577825,0.32498329601800513,0.7292204470479839
test_016,clam,0.05,4,0.49080357063866303,0.32520854216860406,0.7479132322159538
test_016,clam,0.05,5,0.49044084470906724,0.3248901131102385,0.7204223698519261
test_016,clam,0.05,6,0.49083895853423337,0.32523961661341855,0.7428110121306937
test_016,clam,0.05,7,0.4907770297169853,0.32518523729131493,0.7846222822233542
test_016,clam,0.05,8,0.4902108233878602,0.3246882617663604,0.755510558134758
test_016,clam,0.05,9,0.4905912432652411,0.3250221260982457,0.7581248240976816
test_021,mean,0.0,0,0.0,0.0,0.9999844829634095
test_021,mean,0.0,1,0.0,0.0,0.9999844829634095
test_021,mean,0.0,2,0.0,0.0,0.9999844829634095
test_021,mean,0.0,3,0.0,0.0,0.9999844829634095
test_021,mean,0.0,4,0.0,0.0,0.9999844829634095
test_021,mean,0.0,5,0.0,0.0,0.9999844829634095
test_021,mean,0.0,6,0.0,0.0,0.9999844829634095
test_021,mean,0.0,7,0.0,0.0,0.9999844829634095
test_021,mean,0.0,8,0.0,0.0,0.9999844829634095
test_021,mean,0.0,9,0.0,0.0,0.9999844829634095
test_021,max,0.0,0,0.0,0.0,0.9999844829634095
test_021,max,0.0,1,0.0,0.0,0.9999844829634095
test_021,max,0.0,2,0.0,0.0,0.9999844829634095
test_021,max,0.0,3,0.0,0.0,0.9999844829634095
test_021,max,0.0,4,0.0,0.0,0.9999844829634095
test_021,max,0.0,5,0.0,0.0,0.9999844829634095
test_021,max,0.0,6,0.0,0.0,0.9999844829634095
test_021,max,0.0,7,0.0,0.0,0.9999844829634095
test_021,max,0.0,8,0.0,0.0,0.9999844829634095
test_021,max,0.0,9,0.0,0.0,0.9999844829634095
test_021,abmil,0.0,0,0.19565946477533175,0.10843821382695319,0.85164467468019
test_021,abmil,0.0,1,0.1956367621518372,0.10842426738041315,0.7629916700993586
test_021,abmil,0.0,2,0.1956780396491,0.10844962481698389,0.8272339808231288
test_021,abmil,0.0,3,0.19563469827697408,0.10842299953903926,0.8307488915581239
test_021,abmil,0.0,4,0.19576059464362558,0.10850034317089911,0.8573229473115894
test_021,abmil,0.0,5,0.19581838313979347,0.10853584878033155,0.8465407432788552
test_021,abmil,0.0,6,0.19575027526930988,0.10849400312283732,0.8479818591626601
test_021,abmil,0.0,7,0.19582044701465662,0.10853711687987819,0.8904065512164208
test_021,abmil,0.0,8,0.1958782355108245,0.10857262484513404,0.8528782571665476
test_021,abmil,0.0,9,0.19577504176766755,0.1085092193600269,0.8091913847228576
test_021,transmil,0.0,0,0.08957836068483496,0.04688931429657926,0.8832929220012413
test_021,transmil,0.0,1,0.19057614098741965,0.10532421137157927,0.9990950683026749
test_021,transmil,0.0,2,0.09550168154204475,0.05014532206012714,0.9354270988089693
test_021,transmil,0.0,3,0.19860897480144768,0.11025311663221853,0.9999843836651332
test_021,transmil,0.0,4,0.08361789008008866,0.04363320323606193,0.8495612975453377
test_021,transmil,0.0,5,0.11219842918484166,0.05943338056255248,0.897596640104344
test_021,transmil,0.0,6,0.053060158856448214,0.02725310650856211,0.9989813717763222
test_021,transmil,0.0,7,0.10647943193908267,0.05623357556032477,0.9045704573465064
test_021,transmil,0.0,8,0.16964638600032403,0.09268503348356492,0.982624959705741
test_021,transmil,0.0,9,0.18451866826410582,0.10163622453097663,0.9187716996284773
test_021,clam,0.0,0,0.19569248677314197,0.10845850019388424,0.7903466571467113
test_021,clam,0.0,1,0.19572963652067848,0.10848132324428202,0.7184869770521395
test_021,clam,0.0,2,0.19572963652067848,0.10848132324428202,0.8247448212822152
test_021,clam,0.0,3,0.1957832972671201,0.10851429153192273,0.8264559788283923
test_021,clam,0.0,4,0.19588442713541393,0.10857642940490082,0.8360503768801388
test_021,clam,0.0,5,0.19579774439116207,0.10852316794443262,0.8389114581148988
test_021,clam,0.0,6,0.19586172451191938,0.10856247948008982,0.8189043449164951
test_021,clam,0.0,7,0.195752339144173,0.10849527112664778,0.8285259506959453
test_021,clam,0.0,8,0.19579980826602522,0.10852443601496715,0.8783481657368002
test_021,clam,0.0,9,0.19578948889170952,0.10851809569130597,0.7706829173877203
test_021,clam,0.05,0,0.19567597577423684,0.10844835691760052,0.8595115806193097
test_021,clam,0.05,1,0.19581838313979347,0.10853584878033155,0.8835431536574935
test_021,clam,0.05,2,0.1958142553900672,0.10853331258994205,0.8502153752912637
test_021,clam,0.05,3,0.1957420197698573,0.10848893113660463,0.8384089095385923
test_021,clam,0.05,4,0.19566978414964745,0.10844455323685379,0.8707306970677224
test_021,clam,0.05,5,0.19576059464362558,0.10850034317089911,0.8398256973447059
test_021,clam,0.05,6,0.19581838313979347,0.10853584878033155,0.8747147425090523
test_021,clam,0.05,7,0.1958782355108245,0.10857262484513404,0.9049254486842452
test_021,clam,0.05,8,0.19576472239335185,0.10850287921043059,0.8791500986161228
test_021,clam,0.05,9,0.19578123339225695,0.10851302348459717,0.8555858232661624
test_026,mean,0.0,0,0.0,0.0,0.9999960277917135
test_026,mean,0.0,1,0.0,0.0,0.9999960277917135
test_026,mean,0.0,2,0.0,0.0,0.9999960277917135
test_026,mean,0.0,3,0.0,0.0,0.9999960277917135
test_026,mean,0.0,4,0.0,0.0,0.9999960277917135
test_026,mean,0.0,5,0.0,0.0,0.9999960277917135
test_026,mean,0.0,6,0.0,0.0,0.9999960277917135
test_026,mean,0.0,7,0.0,0.0,0.9999960277917135
test_026,mean,0.0,8,0.0,0.0,0.9999960277917135
test_026,mean,0.0,9,0.0,0.0,0.9999960277917135
test_026,max,0.0,0,0.0,0.0,0.9999960277917135
test_026,max,0.0,1,0.0,0.0,0.9999960277917135
test_026,max,0.0,2,0.0,0.0,0.9999960277917135
test_026,max,0.0,3,0.0,0.0,0.9999960277917135
test_026,max,0.0,4,0.0,0.0,0.9999960277917135
test_026,max,0.0,5,0.0,0.0,0.9999960277917135
test_026,max,0.0,6,0.0,0.0,0.9999960277917135
test_026,max,0.0,7,0.0,0.0,0.9999960277917135
test_026,max,0.0,8,0.0,0.0,0.9999960277917135
test_026,max,0.0,9,0.0,0.0,0.9999960277917135
test_026,abmil,0.0,0,0.4187049335380923,0.26478608731445036,0.6494211479341704
test_026,abmil,0.0,1,0.4183184679691234,0.26447705147824746,0.5115295578431638
test_026,abmil,0.0,2,0.41713873096911325,0.26353461236972975,0.5655432199343262
test_026,abmil,0.0,3,0.4185218709001597,0.2646396830908927,0.5928200336659332
test_026,abmil,0.0,4,0.4187049335380923,0.26478608731445036,0.6272571756076725
test_026,abmil,0.0,5,0.41839982914153795,0.2645420991036177,0.6035719228880441
test_026,abmil,0.0,6,0.41880663500361043,0.26486743764230675,0.6245289450571321
test_026,abmil,0.0,7,0.4188676558829213,0.26491625286232534,0.6895519601742269
test_026,abmil,0.0,8,0.4188676558829213,0.26491625286232534,0.6584900151671262
test_026,abmil,0.0,9,0.4188676558829213,0.26491625286232534,0.6274909007763709
test_026,transmil,0.0,0,0.01576372715530831,0.007944480892242086,0.9411446444472779
test_026,transmil,0.0,1,0.35731792895135617,0.21752105002476474,0.9988572819217838
test_026,transmil,0.0,2,0.005471538844874755,0.002743274388627139,0.9615580991131143
test_026,transmil,0.0,3,0.41737557296907235,0.2637237021243803,0.9999941381491166
test_026,transmil,0.0,4,0.012366898207003162,0.006221922041772838,0.928097902393949
test_026,transmil,0.0,5,0.0786965940179198,0.04096000338774905,0.9724953504637105
test_026,transmil,0.0,6,0.0032341066034761562,0.0016196723983375439,0.998314363983175
test_026,transmil,0.0,7,0.12375034324244612,0.06595622432054465,0.9048916740726233
test_026,transmil,0.0,8,0.30490099362331813,0.17987208562823237,0.9940486139234374
test_026,transmil,0.0,9,0.006610595258677678,0.003316258851860166,0.9428338668262038
test_026,clam,0.0,0,0.4144131316932277,0.261362615935243,0.5601562031986799
test_026,clam,0.0,1,0.41821676650360534,0.264395751356634,0.49339707894572454
test_026,clam,0.0,2,0.41860323207257416,0.2647047474500624,0.594806992856526
test_026,clam,0.0,3,0.41839982914153795,0.2645420991036177,0.6056559624670504
test_026,clam,0.0,4,0.4188676558829213,0.26491625286232534,0.6194466922415597
test_026,clam,0.0,5,0.4188676558829213,0.26491625286232534,0.6282461673018014
test_026,clam,0.0,6,0.418501530607056,0.2646234180471242,0.6307237840029339
test_026,clam,0.0,7,0.41880663500361043,0.26486743764230675,0.5918980061813303
test_026,clam,0.0,8,0.4187049335380923,0.26478608731445036,0.6745063896127437
test_026,clam,0.0,9,0.4110569833311298,0.258698379374792,0.5019487155691226
test_026,clam,0.05,0,0.4182981276760198,0.26446079061752525,0.677948019294928
test_026,clam,0.05,1,0.4187252738311959,0.26480235654287954,0.7061990028365448
test_026,clam,0.05,2,0.41876595441740316,0.2648348962554188,0.651053799137853
test_026,clam,0.05,3,0.4185625514863669,0.26467221443362615,0.6655695611562431
test_026,clam,0.05,4,0.4184608500208488,0.2645908892147028,0.6897748789493247
test_026,clam,0.05,5,0.41860323207257416,0.2647047474500624,0.6626080187963223
test_026,clam,0.05,6,0.41917276027947564,0.2651603854913213,0.693959197223404
test_026,clam,0.05,7,0.4188676558829213,0.26491625286232534,0.7236738270589472
test_026,clam,0.05,8,0.41862357236567777,0.2647210145859594,0.6977174010918927
test_026,clam,0.05,9,0.41862357236567777,0.2647210145859594,0.6953839877414327
test_027,mean,0.0,0,0.0,0.0,0.9999946226140806
test_027,mean,0.0,1,0.0,0.0,0.9999946226140806
test_027,mean,0.0,2,0.0,0.0,0.9999946226140806
test_027,mean,0.0,3,0.0,0.0,0.9999946226140806
test_027,mean,0.0,4,0.0,0.0,0.9999946226140806
test_027,mean,0.0,5,0.0,0.0,0.9999946226140806
test_027,mean,0.0,6,0.0,0.0,0.9999946226140806
test_027,mean,0.0,7,0.0,0.0,0.9999946226140806
test_027,mean,0.0,8,0.0,0.0,0.9999946226140806
test_027,mean,0.0,9,0.0,0.0,0.9999946226140806
test_027,max,0.0,0,0.0,0.0,0.9999946226140806
test_027,max,0.0,1,0.0,0.0,0.9999946226140806
test_027,max,0.0,2,0.0,0.0,0.9999946226140806
test_027,max,0.0,3,0.0,0.0,0.9999946226140806
test_027,max,0.0,4,0.0,0.0,0.9999946226140806
test_027,max,0.0,5,0.0,0.0,0.9999946226140806
test_027,max,0.0,6,0.0,0.0,0.9999946226140806
test_027,max,0.0,7,0.0,0.0,0.9999946226140806
test_027,max,0.0,8,0.0,0.0,0.9999946226140806
test_027,max,0.0,9,0.0,0.0,0.9999946226140806
test_027,abmil,0.0,0,0.552214406023977,0.3814200171086399,0.570151781890094
test_027,abmil,0.0,1,0.5499355989299515,0.3792490861262,0.5473606492277103
test_027,abmil,0.0,2,0.5502823739225206,0.3795790049207217,0.5615560154356991
test_027,abmil,0.0,3,0.5491925096601605,0.3785426483644062,0.5830887569503159
test_027,abmil,0.0,4,0.5453779847419004,0.3749276300105575,0.5745517021927949
test_027,abmil,0.0,5,0.5496879025066878,0.379013526438038,0.5882482456634432
test_027,abmil,0.0,6,0.548746656098286,0.37811913295784266,0.5645127387571331
test_027,abmil,0.0,7,0.5447339740414149,0.37431917211328974,0.5592622355795467
test_027,abmil,0.0,8,0.5496879025066878,0.379013526438038,0.5433947761126133
test_027,abmil,0.0,9,0.5508273060537006,0.38009776775031623,0.5944108769888932
test_027,transmil,0.0,0,0.0,0.0,0.9436809245253666
test_027,transmil,0.0,1,0.08287922322401664,0.04323109124266777,0.9996595805755488
test_027,transmil,0.0,2,0.0,0.0,0.9807837700305674
test_027,transmil,0.0,3,0.5467650847121768,0.37623998636441114,0.9945161865746919
test_027,transmil,0.0,4,0.0,0.0,0.9675353282849987
test_027,transmil,0.0,5,0.002972357079163777,0.001488390553681286,0.987200459789498
test_027,transmil,0.0,6,0.0,0.0,0.9996088028917659
test_027,transmil,0.0,7,0.0010898642623600515,0.0005452292441140025,0.9634563388118318
test_027,transmil,0.0,8,0.024769642326364808,0.012540128410914928,0.9959147263965604
test_027,transmil,0.0,9,0.0,0.0,0.8724304267053026
test_027,clam,0.0,0,0.5485484989596751,0.3779309874057135,0.5625158610051532
test_027,clam,0.0,1,0.5543941345486971,0.38350296425756486,0.548575913347175
test_027,clam,0.0,2,0.5468146239968295,0.37628690257039615,0.5594871081791566
test_027,clam,0.0,3,0.5490438918062023,0.37840144764245964,0.5850748104415787
test_027,clam,0.0,4,0.548746656098286,0.37811913295784266,0.5583281755526386
test_027,clam,0.0,5,0.5483008025364113,0.3776958776958777,0.5858452031127223
test_027,clam,0.0,6,0.5532547310016843,0.38241336803177645,0.5865831230017146
test_027,clam,0.0,7,0.5472604775587041,0.37670929241261725,0.5620032104164254
test_027,clam,0.0,8,0.5473595561280095,0.3768031920335573,0.5735852827267797
test_027,clam,0.0,9,0.539581888437531,0.3694708276797829,0.5434232252166971
test_027,clam,0.05,0,0.5529574952937679,0.3821294077370763,0.5974460336968848
test_027,clam,0.05,1,0.552759338155157,0.3819401656739919,0.5846420100274604
test_027,clam,0.05,2,0.5512236203309224,0.38047529492220894,0.571538477363848
test_027,clam,0.05,3,0.5531061131477262,0.38227137330092104,0.5876153381048637
test_027,clam,0.05,4,0.5536015059942534,0.38274480254820703,0.5965225145730834
test_027,clam,0.05,5,0.5541464381254335,0.38326594942780784,0.5800257178534615
test_027,clam,0.05,6,0.5511740810462696,0.38042809273062983,0.5844469466484641
test_027,clam,0.05,7,0.5517190131774498,0.380947494441594,0.5754129393138313
test_027,clam,0.05,8,0.5506786881997424,0.3799562482909489,0.604821548937872
test_027,clam,0.05,9,0.5524621024472407,0.3816563997262149,0.5902104971154328
test_029,mean,0.0,0,0.0,0.0,0.9999968276347626
test_029,mean,0.0,1,0.0,0.0,0.9999968276347626
test_029,mean,0.0,2,0.0,0.0,0.9999968276347626
test_029,mean,0.0,3,0.0,0.0,0.9999968276347626
test_029,mean,0.0,4,0.0,0.0,0.9999968276347626
test_029,mean,0.0,5,0.0,0.0,0.9999968276347626
test_029,mean,0.0,6,0.0,0.0,0.9999968276347626
test_029,mean,0.0,7,0.0,0.0,0.9999968276347626
test_029,mean,0.0,8,0.0,0.0,0.9999968276347626
test_029,mean,0.0,9,0.0,0.0,0.9999968276347626
test_029,max,0.0,0,0.0,0.0,0.9999968276347626
test_029,max,0.0,1,0.0,0.0,0.9999968276347626
test_029,max,0.0,2,0.0,0.0,0.9999968276347626
test_029,max,0.0,3,0.0,0.0,0.9999968276347626
test_029,max,0.0,4,0.0,0.0,0.9999968276347626
test_029,max,0.0,5,0.0,0.0,0.9999968276347626
test_029,max,0.0,6,0.0,0.0,0.9999968276347626
test_029,max,0.0,7,0.0,0.0,0.9999968276347626
test_029,max,0.0,8,0.0,0.0,0.9999968276347626
test_029,max,0.0,9,0.0,0.0,0.9999968276347626
test_029,abmil,0.0,0,0.04565387156845077,0.023360177045552346,0.2217948867645783
test_029,abmil,0.0,1,0.03940649966961014,0.020099270788651265,0.09765059563724213
test_029,abmil,0.0,2,0.03604253018561903,0.018351991191044227,0.024162698701660715
test_029,abmil,0.0,3,0.04565387156845077,0.023360177045552346,0.12655567970106607
test_029,abmil,0.0,4,0.04565387156845077,0.023360177045552346,0.13552051384511238
test_029,abmil,0.0,5,0.042650327386315856,0.021789835502086914,0.01564182054053317
test_029,abmil,0.0,6,0.04385174505916982,0.02241739344060926,0.10542145684103353
test_029,abmil,0.0,7,0.03604253018561903,0.018351991191044227,0.5489842290715768
test_029,abmil,0.0,8,0.03303898600348411,0.01679697043733203,0.8919146213113193
test_029,abmil,0.0,9,0.04409202859374061,0.02254299754299754,0.1297784759275746
test_029,transmil,0.0,0,0.0,0.0,0.9984331095110758
test_029,transmil,0.0,1,0.0037243947858473,0.0018656716417910447,0.9997448662067571
test_029,transmil,0.0,2,0.0,0.0,0.9924284951802145
test_029,transmil,0.0,3,0.0014417012074247613,0.000721370604147881,0.9035421971484869
test_029,transmil,0.0,4,0.00024028353457079355,0.00012015620306398318,0.9990257845939
test_029,transmil,0.0,5,0.0019222682765663484,0.0009620588058445072,0.999701797956871
test_029,transmil,0.0,6,0.0,0.0,0.9827017621007286
test_029,transmil,0.0,7,0.0028834024148495225,0.0014437827107020393,0.9987886050652198
test_029,transmil,0.0,8,0.005286237760557458,0.0026501234716617477,0.9998211481069789
test_029,transmil,0.0,9,0.0,0.0,0.9978706673663778
test_029,clam,0.0,0,0.04409202859374061,0.02254299754299754,0.18315979235860932
test_029,clam,0.0,1,0.04565387156845077,0.023360177045552346,0.08071403678499246
test_029,clam,0.0,2,0.039166216135039345,0.019974266282703265,0.0757506491013581
test_029,clam,0.0,3,0.04565387156845077,0.023360177045552346,0.07938722445110956
test_029,clam,0.0,4,0.04565387156845077,0.023360177045552346,0.15712634316602617
test_029,clam,0.0,5,0.041088484411605695,0.020975160993560258,0.09952379076840794
test_029,clam,0.0,6,0.042650327386315856,0.021789835502086914,0.11821453677531102
test_029,clam,0.0,7,0.04565387156845077,0.023360177045552346,0.11356486144788214
test_029,clam,0.0,8,0.04277046915360125,0.021852556626358113,0.1465239650441011
test_029,clam,0.0,9,0.03940649966961014,0.020099270788651265,0.2229880080727733
test_029,clam,0.05,0,0.03652309725476062,0.018601236003181792,0.5884452088753426
test_029,clam,0.05,1,0.04565387156845077,0.023360177045552346,0.20003939831685363
test_029,clam,0.05,2,0.04565387156845077,0.023360177045552346,0.4876366703137243
test_029,clam,0.05,3,0.042650327386315856,0.021789835502086914,0.19383206514030707
test_029,clam,0.05,4,0.04541358803387998,0.023234372118753458,0.18066987874664264
test_029,clam,0.05,5,0.04685528924130474,0.02398966599003506,0.43538557608017536
test_029,clam,0.05,6,0.04565387156845077,0.023360177045552346,0.3536236060454843
test_029,clam,0.05,7,0.033279269538054906,0.016921197312156383,0.9060063336829265
test_029,clam,0.05,8,0.03904607436775395,0.019911775517706162,0.6357781279630083
test_029,clam,0.05,9,0.041088484411605695,0.020975160993560258,0.5947625546647689
test_030,mean,0.0,0,0.0,0.0,0.9999954619695565
test_030,mean,0.0,1,0.0,0.0,0.9999954619695565
test_030,mean,0.0,2,0.0,0.0,0.9999954619695565
test_030,mean,0.0,3,0.0,0.0,0.9999954619695565
test_030,mean,0.0,4,0.0,0.0,0.9999954619695565
test_030,mean,0.0,5,0.0,0.0,0.9999954619695565
test_030,mean,0.0,6,0.0,0.0,0.9999954619695565
test_030,mean,0.0,7,0.0,0.0,0.9999954619695565
test_030,mean,0.0,8,0.0,0.0,0.9999954619695565
test_030,mean,0.0,9,0.0,0.0,0.9999954619695565
test_030,max,0.0,0,0.0,0.0,0.9999954619695565
test_030,max,0.0,1,0.0,0.0,0.9999954619695565
test_030,max,0.0,2,0.0,0.0,0.9999954619695565
test_030,max,0.0,3,0.0,0.0,0.9999954619695565
test_030,max,0.0,4,0.0,0.0,0.9999954619695565
test_030,max,0.0,5,0.0,0.0,0.9999954619695565
test_030,max,0.0,6,0.0,0.0,0.9999954619695565
test_030,max,0.0,7,0.0,0.0,0.9999954619695565
test_030,max,0.0,8,0.0,0.0,0.9999954619695565
test_030,max,0.0,9,0.0,0.0,0.9999954619695565
test_030,abmil,0.0,0,0.025022275022275022,0.012669649234933644,0.45782330778603547
test_030,abmil,0.0,1,0.044624294624294625,0.022821340421492312,0.11713704766620746
test_030,abmil,0.0,2,0.031482031482031485,0.015992757996378996,0.30704538572051177
test_030,abmil,0.0,3,0.04395604395604396,0.02247191011235955,0.3469678434361845
test_030,abmil,0.0,4,0.02427977427977428,0.012289075124957721,0.4003702064769257
test_030,abmil,0.0,5,0.04195129195129195,0.021425050244586855,0.3496679193535138
test_030,abmil,0.0,6,0.023314523314523314,0.01179475621666291,0.5793045653969431
test_030,abmil,0.0,7,0.020196020196020195,0.0102010201020102,0.8172991825562005
test_030,abmil,0.0,8,0.022572022572022572,0.011414839291078402,0.7880289458718486
test_030,abmil,0.0,9,0.03786753786753787,0.019299175054870204,0.33407402473935877
test_030,transmil,0.0,0,0.0,0.0,0.9861728668762274
test_030,transmil,0.0,1,0.0,0.0,0.9995433438074989
test_030,transmil,0.0,2,0.0012622512622512622,0.0006315242022363386,0.9855245443010877
test_030,transmil,0.0,3,0.0005197505197505198,0.0002599428125812321,0.6623737268835276
test_030,transmil,0.0,4,0.004677754677754678,0.0023443605105496223,0.999066830780582
test_030,transmil,0.0,5,0.0,0.0,0.9987516723598054
test_030,transmil,0.0,6,0.0034155034155034154,0.0017106731126812942,0.9583357123363317
test_030,transmil,0.0,7,0.00037125037125037126,0.0001856596487319446,0.989918872624396
test_030,transmil,0.0,8,0.02546777546777547,0.012898131087128192,0.9993505082090878
test_030,transmil,0.0,9,0.00348975348975349,0.0017479266614600765,0.9979575614256261
test_030,clam,0.0,0,0.03244728244728245,0.016491188346730065,0.2988789142938285
test_030,clam,0.0,1,0.08702108702108702,0.04548983077161931,0.2866581034520596
test_030,clam,0.0,2,0.03987228987228987,0.0203416796090761,0.2517549182226781
test_030,clam,0.0,3,0.059325809325809324,0.030569690477101428,0.3721922208251398
test_030,clam,0.0,4,0.015518265518265519,0.007819807685112434,0.7932931253764228
test_030,clam,0.0,5,0.054425304425304424,0.027973896118765027,0.42340189209611784
test_030,clam,0.0,6,0.024057024057024055,0.012174958665263792,0.30204240551896583
test_030,clam,0.0,7,0.029106029106029108,0.014767932489451477,0.3473753828868624
test_030,clam,0.0,8,0.02130977130977131,0.010769634883110061,0.6090178592935478
test_030,clam,0.0,9,0.016854766854766855,0.00849900782507769,0.1885786073685596
test_030,clam,0.05,0,0.044104544104544105,0.022549540657505127,0.5607609250402268
test_030,clam,0.05,1,0.08204633204633205,0.042778057372924005,0.7535984982736318
test_030,clam,0.05,2,0.0547965547965548,0.028170089319795404,0.6803613966534998
test_030,clam,0.05,3,0.09073359073359073,0.047522750252780584,0.5759013075000465
test_030,clam,0.05,4,0.11278586278586279,0.059763150647204624,0.5607474497815427
test_030,clam,0.05,5,0.07046332046332046,0.03651825912956478,0.8720790713408317
test_030,clam,0.05,6,0.041283041283041284,0.021076573161485975,0.7858784804514963
test_030,clam,0.05,7,0.0568013068013068,0.029230828015742616,0.9278935347275403
test_030,clam,0.05,8,0.052866052866052865,0.027150701647345944,0.6327743337726108
test_030,clam,0.05,9,0.05301455301455302,0.027229044313934865,0.7508432725368172
test_033,mean,0.0,0,0.0,0.0,0.9999827302831702
test_033,mean,0.0,1,0.0,0.0,0.9999827302831702
test_033,mean,0.0,2,0.0,0.0,0.9999827302831702
test_033,mean,0.0,3,0.0,0.0,0.9999827302831702
test_033,mean,0.0,4,0.0,0.0,0.9999827302831702
test_033,mean,0.0,5,0.0,0.0,0.9999827302831702
test_033,mean,0.0,6,0.0,0.0,0.9999827302831702
test_033,mean,0.0,7,0.0,0.0,0.9999827302831702
test_033,mean,0.0,8,0.0,0.0,0.9999827302831702
test_033,mean,0.0,9,0.0,0.0,0.9999827302831702
test_033,max,0.0,0,0.0,0.0,0.9999827302831702
test_033,max,0.0,1,0.0,0.0,0.9999827302831702
test_033,max,0.0,2,0.0,0.0,0.9999827302831702
test_033,max,0.0,3,0.0,0.0,0.9999827302831702
test_033,max,0.0,4,0.0,0.0,0.9999827302831702
test_033,max,0.0,5,0.0,0.0,0.9999827302831702
test_033,max,0.0,6,0.0,0.0,0.9999827302831702
test_033,max,0.0,7,0.0,0.0,0.9999827302831702
test_033,max,0.0,8,0.0,0.0,0.9999827302831702
test_033,max,0.0,9,0.0,0.0,0.9999827302831702
test_033,abmil,0.0,0,0.004047380342356392,0.002027793797555485,0.7558706094704848
test_033,abmil,0.0,1,0.004307303850581114,0.0021583001525694936,0.42731056171884296
test_033,abmil,0.0,2,0.0035460992907801418,0.0017761989342806395,0.2955791180350384
test_033,abmil,0.0,3,0.004678623148045004,0.002344796784278696,0.44742214381657963
test_033,abmil,0.0,4,0.0050313764806356985,0.002522032888797893,0.7121723728517398
test_033,abmil,0.0,5,0.002376443503768891,0.0011896353024275995,0.27581257233077533
test_033,abmil,0.0,6,0.004344435780327504,0.0021769466927156014,0.726146395812201
test_033,abmil,0.0,7,0.004047380342356392,0.002027793797555485,0.9121189528537804
test_033,abmil,0.0,8,0.003880286658497642,0.0019439148025856858,0.9680989751169986
test_033,abmil,0.0,9,0.004047380342356392,0.002027793797555485,0.46002195320138584
test_033,transmil,0.0,0,0.0,0.0,0.9999664540565953
test_033,transmil,0.0,1,0.000686940700308195,0.0003435883625692981,0.9994136506503992
test_033,transmil,0.0,2,0.0,0.0,0.9999697877415564
test_033,transmil,0.0,3,0.0019122943819390294,0.0009570622833833546,0.9999652774619032
test_033,transmil,0.0,4,0.00035275333259069476,0.00017640778051158256,0.9998490887360532
test_033,transmil,0.0,5,0.0,0.0,0.9998833080316832
test_033,transmil,0.0,6,0.0,0.0,0.9680799535028088
test_033,transmil,0.0,7,0.0,0.0,0.9991508778358186
test_033,transmil,0.0,8,0.00035275333259069476,0.00017640778051158256,0.9996998573092652
test_033,transmil,0.0,9,0.0,0.0,0.9997797676987739
test_033,clam,0.0,0,0.005551223497085143,0.0027833372120083777,0.4735874036549972
test_033,clam,0.0,1,0.0029148564850915303,0.0014595554398653863,0.9512044480315003
test_033,clam,0.0,2,0.005959674724295421,0.0029887433311918663,0.23635140027280702
test_033,clam,0.0,3,0.005885410864802644,0.0029513905052743305,0.49853660385429655
test_033,clam,0.0,4,0.004307303850581114,0.0021583001525694936,0.8886041196337723
test_033,clam,0.0,5,0.005179904199621254,0.0025966773698171157,0.7428496282106669
test_033,clam,0.0,6,0.002543537187627641,0.0012733880487419483,0.4254595331441933
test_033,clam,0.0,7,0.005959674724295421,0.0029887433311918663,0.672981376349957
test_033,clam,0.0,8,0.00516133823474806,0.0025873462018130037,0.8889735703671081
test_033,clam,0.0,9,0.003676061044892503,0.0018414150996038168,0.5235150718465632
test_033,clam,0.05,0,0.0035275333259069475,0.0017668830323432588,0.990597622721218
test_033,clam,0.05,1,0.006089636478407783,0.0030541174717866586,0.9510787484985554
test_033,clam,0.05,2,0.004604359288552226,0.002307491905169526,0.9861416625229222
test_033,clam,0.05,3,0.00466005718317181,0.0023354703041694193,0.9717019041634841
test_033,clam,0.05,4,0.007853403141361256,0.003942181340341655,0.9191268488897968
test_033,clam,0.05,5,0.004641491218298615,0.0023261439976180287,0.9859567410571389
test_033,clam,0.05,6,0.005681185251197505,0.0028486845780036863,0.9890544207329027
test_033,clam,0.05,7,0.0027663287661059744,0.0013850801766209621,0.9696858091584812
test_033,clam,0.05,8,0.0038988526233708367,0.0019532339974328923,0.9765740847341288
test_033,clam,0.05,9,0.003713192974638892,0.0018600498493359621,0.9677357995553544
test_038,mean,0.0,0,0.0,0.0,0.9999944602086858
test_038,mean,0.0,1,0.0,0.0,0.9999944602086858
test_038,mean,0.0,2,0.0,0.0,0.9999944602086858
test_038,mean,0.0,3,0.0,0.0,0.9999944602086858
test_038,mean,0.0,4,0.0,0.0,0.9999944602086858
test_038,mean,0.0,5,0.0,0.0,0.9999944602086858
test_038,mean,0.0,6,0.0,0.0,0.9999944602086858
test_038,mean,0.0,7,0.0,0.0,0.9999944602086858
test_038,mean,0.0,8,0.0,0.0,0.9999944602086858
test_038,mean,0.0,9,0.0,0.0,0.9999944602086858
test_038,max,0.0,0,0.0,0.0,0.9999944602086858
test_038,max,0.0,1,0.0,0.0,0.9999944602086858
test_038,max,0.0,2,0.0,0.0,0.9999944602086858
test_038,max,0.0,3,0.0,0.0,0.9999944602086858
test_038,max,0.0,4,0.0,0.0,0.9999944602086858
test_038,max,0.0,5,0.0,0.0,0.9999944602086858
test_038,max,0.0,6,0.0,0.0,0.9999944602086858
test_038,max,0.0,7,0.0,0.0,0.9999944602086858
test_038,max,0.0,8,0.0,0.0,0.9999944602086858
test_038,max,0.0,9,0.0,0.0,0.9999944602086858
test_038,abmil,0.0,0,0.016989357609949993,0.008567456596941579,0.37751516517317946
test_038,abmil,0.0,1,0.009231952814463392,0.004637382455236378,0.17486082704417397
test_038,abmil,0.0,2,0.002756763687652263,0.0013802844027862484,0.08793289337119232
test_038,abmil,0.0,3,0.028016412360559045,0.014207223901947397,0.27488072244870065
test_038,abmil,0.0,4,0.01025772534940377,0.005155303518494652,0.23211500632679105
test_038,abmil,0.0,5,0.01981023208103603,0.01000420889047172,0.08214048754341802
test_038,abmil,0.0,6,0.011732273368380562,0.00590075129784284,0.19881978922178764
test_038,abmil,0.0,7,0.020964226182843954,0.010593151705594609,0.6026470359895868
test_038,abmil,0.0,8,0.026221310424413388,0.013284828011823173,0.8403511686750579
test_038,abmil,0.0,9,0.008398512629824337,0.004216964429422179,0.06428291005597006
test_038,transmil,0.0,0,0.0,0.0,0.9999885860589814
test_038,transmil,0.0,1,0.0,0.0,0.9996822265590183
test_038,transmil,0.0,2,0.0006411078343377356,0.00032065670493170014,0.9999378650355731
test_038,transmil,0.0,3,0.0008334401846390563,0.0004168938203508322,0.9999720932540425
test_038,transmil,0.0,4,0.005000641107834338,0.0025065878269811687,0.9998167671801305
test_038,transmil,0.0,5,0.0,0.0,0.9993659261903247
test_038,transmil,0.0,6,0.0,0.0,0.9864388430862373
test_038,transmil,0.0,7,0.004103090139761508,0.0020557625594243866,0.9991324287395785
test_038,transmil,0.0,8,0.0019233235030132068,0.0009625874350253481,0.999716567741905
test_038,transmil,0.0,9,0.02686241825875112,0.013614062449231568,0.9967112623816469
test_038,clam,0.0,0,0.0022438774201820745,0.0011231988703828504,0.0704708466706852
test_038,clam,0.0,1,0.02250288498525452,0.011379478035337981,0.8589295226879423
test_038,clam,0.0,2,0.017951019361456596,0.009056799068443524,0.09077378608221462
test_038,clam,0.0,3,0.043851775868701114,0.02241740954378605,0.18460969862663487
test_038,clam,0.0,4,0.0033978715219899988,0.0017018270558391935,0.4516658277403618
test_038,clam,0.0,5,0.023720989870496218,0.012002854733017583,0.15380838284381043
test_038,clam,0.0,6,0.01224515963585075,0.006160296726334462,0.10801137954564281
test_038,clam,0.0,7,0.005449416591870752,0.0027321526148307673,0.20806980993705187
test_038,clam,0.0,8,0.018592127195794332,0.0093832912703035,0.346827985813576
test_038,clam,0.0,9,0.006346967559943582,0.0031835868411743897,0.023681510978088353
test_038,clam,0.05,0,0.023977433004231313,0.012134189864382585,0.916822769920842
test_038,clam,0.05,1,0.04141556609821772,0.021145662847790507,0.49002461837268785
test_038,clam,0.05,2,0.026926529042184896,0.013646997660514687,0.925581691952053
test_038,clam,0.05,3,0.033017053468393384,0.016785632802059906,0.8400558796879989
test_038,clam,0.05,4,0.054301833568406205,0.02790866255889815,0.6783121842596198
test_038,clam,0.05,5,0.027439415309655085,0.01391055642225689,0.8993780703186804
test_038,clam,0.05,6,0.04154378766508527,0.02121251800445201,0.667286348782424
test_038,clam,0.05,7,0.03795358379279395,0.01934387661743563,0.7953855693683325
test_038,clam,0.05,8,0.03769714065905885,0.019210663878724516,0.7508970187962474
test_038,clam,0.05,9,0.02660597512501603,0.013482343003801045,0.8345662608604878
test_040,mean,0.0,0,0.0,0.0,0.999995839911155
test_040,mean,0.0,1,0.0,0.0,0.999995839911155
test_040,mean,0.0,2,0.0,0.0,0.999995839911155
test_040,mean,0.0,3,0.0,0.0,0.999995839911155
test_040,mean,0.0,4,0.0,0.0,0.999995839911155
test_040,mean,0.0,5,0.0,0.0,0.999995839911155
test_040,mean,0.0,6,0.0,0.0,0.999995839911155
test_040,mean,0.0,7,0.0,0.0,0.999995839911155
test_040,mean,0.0,8,0.0,0.0,0.999995839911155
test_040,mean,0.0,9,0.0,0.0,0.999995839911155
test_040,max,0.0,0,0.0,0.0,0.999995839911155
test_040,max,0.0,1,0.0,0.0,0.999995839911155
test_040,max,0.0,2,0.0,0.0,0.999995839911155
test_040,max,0.0,3,0.0,0.0,0.999995839911155
test_040,max,0.0,4,0.0,0.0,0.999995839911155
test_040,max,0.0,5,0.0,0.0,0.999995839911155
test_040,max,0.0,6,0.0,0.0,0.999995839911155
test_040,max,0.0,7,0.0,0.0,0.999995839911155
test_040,max,0.0,8,0.0,0.0,0.999995839911155
test_040,max,0.0,9,0.0,0.0,0.999995839911155
test_040,abmil,0.0,0,0.3031893659489532,0.1786819105589316,0.5975023850707183
test_040,abmil,0.0,1,0.22215993544825244,0.12496058553178478,0.28434560699771727
test_040,abmil,0.0,2,0.26493396186350704,0.1526938779506359,0.18409637262897477
test_040,abmil,0.0,3,0.2673971206523124,0.15433260780045885,0.3152248762027297
test_040,abmil,0.0,4,0.2533656092071177,0.14505932697918694,0.25421279905165123
test_040,abmil,0.0,5,0.2910604323268357,0.1703163984453435,0.2726419324694448
test_040,abmil,0.0,6,0.29671720389009215,0.1742031355966011,0.5267820684545598
test_040,abmil,0.0,7,0.31171699154881727,0.18463550837651557,0.8624166033606326
test_040,abmil,0.0,8,0.33860789060177515,0.20380973804216682,0.915742572272955
test_040,abmil,0.0,9,0.21324160190257782,0.11934551539236751,0.37910655516271435
test_040,transmil,0.0,0,0.31241347093047944,0.1851244161700757,0.9999505801908795
test_040,transmil,0.0,1,0.3493948273665435,0.21167680385316,0.999151816846328
test_040,transmil,0.0,2,0.31474073130335073,0.1867610148477426,0.9998584106563599
test_040,transmil,0.0,3,0.12482269503546099,0.06656580937972768,0.9372922101807398
test_040,transmil,0.0,4,0.3511445194716949,0.21296258138959862,0.9946054543718731
test_040,transmil,0.0,5,0.35301312269078866,0.2143387585865462,0.9973918737651946
test_040,transmil,0.0,6,0.19888733171953965,0.11042470314165259,0.9806520240475314
test_040,transmil,0.0,7,0.3334777254002633,0.20010397129576776,0.9971288016410926
test_040,transmil,0.0,8,0.3530640845967639,0.21437633443698362,0.9992250103002113
test_040,transmil,0.0,9,0.35301312269078866,0.2143387585865462,0.9883807106038646
test_040,clam,0.0,0,0.16482779122605853,0.08981598045023696,0.2748394745778003
test_040,clam,0.0,1,0.3480528305091944,0.21069247064146598,0.4233863553488059
test_040,clam,0.0,2,0.2143797511360258,0.12005898301859867,0.1676158086590753
test_040,clam,0.0,3,0.2765362891238799,0.16045379277716448,0.24728373035281742
test_040,clam,0.0,4,0.29326878158576464,0.17183067750893294,0.6961328625234968
test_040,clam,0.0,5,0.2446171486813607,0.13935259108724052,0.45088776433668704
test_040,clam,0.0,6,0.27821803202106427,0.16158726086999417,0.22289028808736422
test_040,clam,0.0,7,0.21363230984838832,0.11959033463612244,0.42771187042517134
test_040,clam,0.0,8,0.3475941733554168,0.2103564195614405,0.6046640286212027
test_040,clam,0.0,9,0.20933452244447276,0.11690319887678823,0.18667477705140723
test_040,clam,0.05,0,0.2788635494967512,0.16202291771533472,0.8812481239790014
test_040,clam,0.05,1,0.35199388457128294,0.21358772960603625,0.6810748710831063
test_040,clam,0.05,2,0.3123115471185289,0.18505284348263715,0.8948823200523889
test_040,clam,0.05,3,0.3366883254767062,0.20242046673134861,0.7034255117486853
test_040,clam,0.05,4,0.3053127786979233,0.1801587778913815,0.5272954244745087
test_040,clam,0.05,5,0.31526733766509535,0.1871319674114705,0.8667887630575686
test_040,clam,0.05,6,0.35282626236887926,0.214201000360955,0.7494923047706064
test_040,clam,0.05,7,0.3496666241984117,0.21187635742298072,0.9082770167726512
test_040,clam,0.05,8,0.3088970994181849,0.18266014404677,0.8147978969614491
test_040,clam,0.05,9,0.33318894126640336,0.19989604671782799,0.7673985351962053
test_046,mean,0.0,0,0.0,0.0,0.9999977597664409
test_046,mean,0.0,1,0.0,0.0,0.9999977597664409
test_046,mean,0.0,2,0.0,0.0,0.9999977597664409
test_046,mean,0.0,3,0.0,0.0,0.9999977597664409
test_046,mean,0.0,4,0.0,0.0,0.9999977597664409
test_046,mean,0.0,5,0.0,0.0,0.9999977597664409
test_046,mean,0.0,6,0.0,0.0,0.9999977597664409
test_046,mean,0.0,7,0.0,0.0,0.9999977597664409
test_046,mean,0.0,8,0.0,0.0,0.9999977597664409
test_046,mean,0.0,9,0.0,0.0,0.9999977597664409
test_046,max,0.0,0,0.0,0.0,0.9999977597664409
test_046,max,0.0,1,0.0,0.0,0.9999977597664409
test_046,max,0.0,2,0.0,0.0,0.9999977597664409
test_046,max,0.0,3,0.0,0.0,0.9999977597664409
test_046,max,0.0,4,0.0,0.0,0.9999977597664409
test_046,max,0.0,5,0.0,0.0,0.9999977597664409
test_046,max,0.0,6,0.0,0.0,0.9999977597664409
test_046,max,0.0,7,0.0,0.0,0.9999977597664409
test_046,max,0.0,8,0.0,0.0,0.9999977597664409
test_046,max,0.0,9,0.0,0.0,0.9999977597664409
test_046,abmil,0.0,0,0.03715450838241957,0.018928901200369344,0.4323480217870379
test_046,abmil,0.0,1,0.024467603081105575,0.012385321100917432,0.09599088620330057
test_046,abmil,0.0,2,0.025192569098323517,0.01275697503671072,0.14668470997033817
test_046,abmil,0.0,3,0.05527865881286815,0.02842497670083877,0.28772591336734576
test_046,abmil,0.0,4,0.03715450838241957,0.018928901200369344,0.4116042923630748
test_046,abmil,0.0,5,0.06633439057544177,0.03430499578217265,0.10097834536017536
test_046,abmil,0.0,6,0.06905301314000906,0.03576121644452788,0.39677311149675715
test_046,abmil,0.0,7,0.04929768917082012,0.025271764377961536,0.7436583177746331
test_046,abmil,0.0,8,0.055459900317172635,0.028520831391555597,0.8866578029485696
test_046,abmil,0.0,9,0.04331671952877209,0.022137828825490924,0.3284179017432179
test_046,transmil,0.0,0,0.031173538740371546,0.015833563472337293,0.9999866194449266
test_046,transmil,0.0,1,0.06162211146352515,0.031790556334735855,0.9994319859813305
test_046,transmil,0.0,2,0.010874490258269144,0.005466970387243736,0.9944186481151579
test_046,transmil,0.0,3,0.011599456275487087,0.005833561206817974,0.9587673654473287
test_046,transmil,0.0,4,0.040779338468509285,0.020814061054579093,0.9991002877378633
test_046,transmil,0.0,5,0.04676030811055732,0.02393987194952213,0.9996505423467602
test_046,transmil,0.0,6,0.00018124150430448574,9.062896501721951e-05,0.9971890464514902
test_046,transmil,0.0,7,0.021930222020842775,0.011086677661718893,0.9986631106120821
test_046,transmil,0.0,8,0.06633439057544177,0.03430499578217265,0.9996927854156233
test_046,transmil,0.0,9,0.04929768917082012,0.025271764377961536,0.9993239956970568
test_046,clam,0.0,0,0.027367467149977346,0.013873575891216464,0.24269493074898355
test_046,clam,0.0,1,0.06162211146352515,0.031790556334735855,0.65888105060559
test_046,clam,0.0,2,0.055459900317172635,0.028520831391555597,0.19827373584495117
test_046,clam,0.0,3,0.06361576801087448,0.03285286409584425,0.14402235021447124
test_046,clam,0.0,4,0.055459900317172635,0.028520831391555597,0.6108362568455554
test_046,clam,0.0,5,0.05364748527412778,0.027563087810783128,0.3941278324939633
test_046,clam,0.0,6,0.07140915269596737,0.03702659524480782,0.3645284489950907
test_046,clam,0.0,7,0.06325328500226551,0.03265955455736478,0.4553751307518873
test_046,clam,0.0,8,0.0672405980969642,0.03478994748687172,0.4728263478115561
test_046,clam,0.0,9,0.027004984141368375,0.013687304795149733,0.5164349431942696
test_046,clam,0.05,0,0.03352967829632986,0.017050691244239632,0.8965719163571757
test_046,clam,0.05,1,0.06361576801087448,0.03285286409584425,0.607266395552002
test_046,clam,0.05,2,0.055459900317172635,0.028520831391555597,0.9714136266085709
test_046,clam,0.05,3,0.061803352967829635,0.03188703946138021,0.66486733134898
test_046,clam,0.05,4,0.035342093339374714,0.017988929889298892,0.7324492224836495
test_046,clam,0.05,5,0.06361576801087448,0.03285286409584425,0.8595785791189522
test_046,clam,0.05,6,0.0672405980969642,0.03478994748687172,0.8026159257893102
test_046,clam,0.05,7,0.04929768917082012,0.025271764377961536,0.8856424238177228
test_046,clam,0.05,8,0.05274127775260535,0.02708488458674609,0.8968947924963224
test_046,clam,0.05,9,0.055459900317172635,0.028520831391555597,0.7648854598784076
test_048,mean,0.0,0,0.0,0.0,0.9999870256688084
test_048,mean,0.0,1,0.0,0.0,0.9999870256688084
test_048,mean,0.0,2,0.0,0.0,0.9999870256688084
test_048,mean,0.0,3,0.0,0.0,0.9999870256688084
test_048,mean,0.0,4,0.0,0.0,0.9999870256688084
test_048,mean,0.0,5,0.0,0.0,0.9999870256688084
test_048,mean,0.0,6,0.0,0.0,0.9999870256688084
test_048,mean,0.0,7,0.0,0.0,0.9999870256688084
test_048,mean,0.0,8,0.0,0.0,0.9999870256688084
test_048,mean,0.0,9,0.0,0.0,0.9999870256688084
test_048,max,0.0,0,0.0,0.0,0.9999870256688084
test_048,max,0.0,1,0.0,0.0,0.9999870256688084
test_048,max,0.0,2,0.0,0.0,0.9999870256688084
test_048,max,0.0,3,0.0,0.0,0.9999870256688084
test_048,max,0.0,4,0.0,0.0,0.9999870256688084
test_048,max,0.0,5,0.0,0.0,0.9999870256688084
test_048,max,0.0,6,0.0,0.0,0.9999870256688084
test_048,max,0.0,7,0.0,0.0,0.9999870256688084
test_048,max,0.0,8,0.0,0.0,0.9999870256688084
test_048,max,0.0,9,0.0,0.0,0.9999870256688084
test_048,abmil,0.0,0,0.027242649353892253,0.013809427370766037,0.7112575536492566
test_048,abmil,0.0,1,0.029115425432299145,0.014772770464594763,0.2375006544331625
test_048,abmil,0.0,2,0.018952493913477746,0.009566905314107088,0.33173266307543753
test_048,abmil,0.0,3,0.02764217491728572,0.014014787056261711,0.34773797039656135
test_048,abmil,0.0,4,0.029764654472813533,0.015107156888838194,0.7227846421002917
test_048,abmil,0.0,5,0.021149884512141833,0.01068796688875429,0.2050847565649846
test_048,abmil,0.0,6,0.0258692802297272,0.013104137416359934,0.7329099119040566
test_048,abmil,0.0,7,0.02694300518134715,0.01365546218487395,0.9530487109634377
test_048,abmil,0.0,8,0.009139147262625632,0.0045905504897841435,0.9846206464545347
test_048,abmil,0.0,9,0.028441226044072662,0.014425756117331172,0.31431887817729903
test_048,transmil,0.0,0,0.0,0.0,0.9999489457055549
test_048,transmil,0.0,1,0.001098695299332043,0.000549649598381032,0.9992986493118026
test_048,transmil,0.0,2,0.0,0.0,0.9970367400051426
test_048,transmil,0.0,3,0.0010487546039078593,0.0005246524177732252,0.9992289710811685
test_048,transmil,0.0,4,0.0,0.0,0.9998152607281755
test_048,transmil,0.0,5,0.0,0.0,0.9998512138849707
test_048,transmil,0.0,6,0.0,0.0,0.9972747397754772
test_048,transmil,0.0,7,0.0,0.0,0.9990588265645038
test_048,transmil,0.0,8,0.0,0.0,0.9995880975431286
test_048,transmil,0.0,9,0.0,0.0,0.9997041604098534
test_048,clam,0.0,0,0.029789624820525627,0.015120022306151936,0.42064104728044627
test_048,clam,0.0,1,0.019077345652038204,0.009630535351880097,0.9576802877706451
test_048,clam,0.0,2,0.028591048130345215,0.014502849905003166,0.15358841710908958
test_048,clam,0.0,3,0.029889506211373994,0.01517148723668534,0.326445270305336
test_048,clam,0.0,4,0.03086334977214558,0.0156735439201613,0.9165800567933307
test_048,clam,0.0,5,0.02983956551594981,0.01514575411913815,0.6653524617766317
test_048,clam,0.0,6,0.026868094138210875,0.01361697819511763,0.26753630140675033
test_048,clam,0.0,7,0.029290217866283788,0.014862775905324244,0.7316808203241504
test_048,clam,0.0,8,0.01810350209126662,0.009134433665112763,0.976510221940523
test_048,clam,0.0,9,0.026992945876771333,0.013681119801554155,0.4313895220147445
test_048,clam,0.05,0,0.030014357949934452,0.01523582573865869,0.990057979079947
test_048,clam,0.05,1,0.030788438729009302,0.01563490654561132,0.9749514753595789
test_048,clam,0.05,2,0.030463824208752106,0.015467511885895404,0.9900289127250167
test_048,clam,0.05,3,0.02891566265060241,0.014669926650366748,0.972723493679754
test_048,clam,0.05,4,0.033335414195642676,0.016950228542407315,0.9619865644662294
test_048,clam,0.05,5,0.03076346838129721,0.01562202807400175,0.9845041784818178
test_048,clam,0.05,6,0.02666833135651414,0.013514368506965973,0.9945339951862039
test_048,clam,0.05,7,0.0033709969411324053,0.001688344172086043,0.9897703538255853
test_048,clam,0.05,8,0.02761720456957363,0.014001949638557267,0.9660792490275008
test_048,clam,0.05,9,0.02736750109245271,0.013873593336624515,0.9825622016323863
test_051,mean,0.0,0,0.0,0.0,0.9999963289227509
test_051,mean,0.0,1,0.0,0.0,0.9999963289227509
test_051,mean,0.0,2,0.0,0.0,0.9999963289227509
test_051,mean,0.0,3,0.0,0.0,0.9999963289227509
test_051,mean,0.0,4,0.0,0.0,0.9999963289227509
test_051,mean,0.0,5,0.0,0.0,0.9999963289227509
test_051,mean,0.0,6,0.0,0.0,0.9999963289227509
test_051,mean,0.0,7,0.0,0.0,0.9999963289227509
test_051,mean,0.0,8,0.0,0.0,0.9999963289227509
test_051,mean,0.0,9,0.0,0.0,0.9999963289227509
test_051,max,0.0,0,0.0,0.0,0.9999963289227509
test_051,max,0.0,1,0.0,0.0,0.9999963289227509
test_051,max,0.0,2,0.0,0.0,0.9999963289227509
test_051,max,0.0,3,0.0,0.0,0.9999963289227509
test_051,max,0.0,4,0.0,0.0,0.9999963289227509
test_051,max,0.0,5,0.0,0.0,0.9999963289227509
test_051,max,0.0,6,0.0,0.0,0.9999963289227509
test_051,max,0.0,7,0.0,0.0,0.9999963289227509
test_051,max,0.0,8,0.0,0.0,0.9999963289227509
test_051,max,0.0,9,0.0,0.0,0.9999963289227509
test_051,abmil,0.0,0,0.002045837825882613,0.0010239663474843638,0.6721407395986793
test_051,abmil,0.0,1,0.001492908683752177,0.000747011952191235,0.5197626775893331
test_051,abmil,0.0,2,0.0,0.0,0.34916665168034305
test_051,abmil,0.0,3,0.002432888225373918,0.0012179256511750214,0.47218776512419686
test_051,abmil,0.0,4,0.0,0.0,0.7935891316265212
test_051,abmil,0.0,5,0.0035387465096347903,0.0017725094856952946,0.32999752594558984
test_051,abmil,0.0,6,0.001492908683752177,0.000747011952191235,0.6836440136305122
test_051,abmil,0.0,7,0.06867379945260015,0.03555784591600103,0.9185068921245403
test_051,abmil,0.0,8,0.021232479057808742,0.010730153407662,0.9583178370598152
test_051,abmil,0.0,9,0.001492908683752177,0.000747011952191235,0.5158660093149805
test_051,transmil,0.0,0,0.15786127007823947,0.08569456117180935,0.9999703359966123
test_051,transmil,0.0,1,0.028918194133421803,0.014671229802513465,0.9994172543314678
test_051,transmil,0.0,2,0.06895026402366537,0.03570610468445768,0.9999117174666311
test_051,transmil,0.0,3,0.12523845069254375,0.06680233586975756,0.9953516619141416
test_051,transmil,0.0,4,0.11246578750933067,0.05958344318481413,0.9996891343634912
test_051,transmil,0.0,5,0.081169998064748,0.04230181828660346,0.9998162905630835
test_051,transmil,0.0,6,0.18346188935887867,0.10099534289106017,0.9940660577627171
test_051,transmil,0.0,7,0.07099610184954798,0.03680454037320492,0.9984784017901162
test_051,transmil,0.0,8,0.24041359099831355,0.13663073877384282,0.9994385267032041
test_051,transmil,0.0,9,0.12070443172707418,0.06422855125338355,0.9997214611980679
test_051,clam,0.0,0,0.002432888225373918,0.0012179256511750214,0.5303401851736634
test_051,clam,0.0,1,0.24715932653230488,0.14100501561464937,0.9154788656140388
test_051,clam,0.0,2,0.001492908683752177,0.000747011952191235,0.21713919846798777
test_051,clam,0.0,3,0.047109562909513146,0.024122993289730738,0.4881786431615241
test_051,clam,0.0,4,0.0,0.0,0.8457534089091376
test_051,clam,0.0,5,0.0009952724558347848,0.0004978839930296241,0.6889843947518353
test_051,clam,0.0,6,0.008846866274086975,0.004443086834578324,0.3176490037834303
test_051,clam,0.0,7,0.004755190622321749,0.002383261743106554,0.7230253881151903
test_051,clam,0.0,8,0.21514472920295263,0.12053903345724908,0.8646932292322668
test_051,clam,0.0,9,0.0,0.0,0.49831725869415966
test_051,clam,0.05,0,0.0060822205634347955,0.0030503868445134635,0.9648469015826854
test_051,clam,0.05,1,0.05988222609272622,0.030865253077975375,0.9392159642868295
test_051,clam,0.05,2,0.005031655193386967,0.002522172949002217,0.9626124062425728
test_051,clam,0.05,3,0.05772580243841752,0.029720727645400975,0.9591334771558852
test_051,clam,0.05,4,0.058776367808465346,0.030277999316395125,0.9365828509920736
test_051,clam,0.05,5,0.031240496530369633,0.015868112115935515,0.9744133739710081
test_051,clam,0.05,6,0.08586989577285671,0.04486105494251545,0.9741457962164146
test_051,clam,0.05,7,0.31395316690166153,0.18620667038336666,0.9734855161386438
test_051,clam,0.05,8,0.03826269663542617,0.019504495617125625,0.9508220149461526
test_051,clam,0.05,9,0.042188493544552265,0.021548802530501582,0.963849311003646
test_052,mean,0.0,0,0.0,0.0,0.9999954266670652
test_052,mean,0.0,1,0.0,0.0,0.9999954266670652
test_052,mean,0.0,2,0.0,0.0,0.9999954266670652
test_052,mean,0.0,3,0.0,0.0,0.9999954266670652
test_052,mean,0.0,4,0.0,0.0,0.9999954266670652
test_052,mean,0.0,5,0.0,0.0,0.9999954266670652
test_052,mean,0.0,6,0.0,0.0,0.9999954266670652
test_052,mean,0.0,7,0.0,0.0,0.9999954266670652
test_052,mean,0.0,8,0.0,0.0,0.9999954266670652
test_052,mean,0.0,9,0.0,0.0,0.9999954266670652
test_052,max,0.0,0,0.0,0.0,0.9999954266670652
test_052,max,0.0,1,0.0,0.0,0.9999954266670652
test_052,max,0.0,2,0.0,0.0,0.9999954266670652
test_052,max,0.0,3,0.0,0.0,0.9999954266670652
test_052,max,0.0,4,0.0,0.0,0.9999954266670652
test_052,max,0.0,5,0.0,0.0,0.9999954266670652
test_052,max,0.0,6,0.0,0.0,0.9999954266670652
test_052,max,0.0,7,0.0,0.0,0.9999954266670652
test_052,max,0.0,8,0.0,0.0,0.9999954266670652
test_052,max,0.0,9,0.0,0.0,0.9999954266670652
test_052,abmil,0.0,0,0.002554278416347382,0.0012787723785166241,0.3900070791879149
test_052,abmil,0.0,1,0.002554278416347382,0.0012787723785166241,0.06486277571980309
test_052,abmil,0.0,2,0.002554278416347382,0.0012787723785166241,0.20157943218526303
test_052,abmil,0.0,3,0.002554278416347382,0.0012787723785166241,0.292652262995578
test_052,abmil,0.0,4,0.002554278416347382,0.0012787723785166241,0.07872168318861682
test_052,abmil,0.0,5,0.002554278416347382,0.0012787723785166241,0.16389125502400526
test_052,abmil,0.0,6,0.002554278416347382,0.0012787723785166241,0.2991367386192855
test_052,abmil,0.0,7,0.002554278416347382,0.0012787723785166241,0.65962440070927
test_052,abmil,0.0,8,0.002554278416347382,0.0012787723785166241,0.8426355455123313
test_052,abmil,0.0,9,0.002554278416347382,0.0012787723785166241,0.35892571400249185
test_052,transmil,0.0,0,0.002554278416347382,0.0012787723785166241,0.9999873507084196
test_052,transmil,0.0,1,0.002554278416347382,0.0012787723785166241,0.9993942292313136
test_052,transmil,0.0,2,0.0,0.0,0.9999587387406463
test_052,transmil,0.0,3,0.002554278416347382,0.0012787723785166241,0.9999631228324826
test_052,transmil,0.0,4,0.002554278416347382,0.0012787723785166241,0.9996252016485799
test_052,transmil,0.0,5,0.0,0.0,0.9995196373319971
test_052,transmil,0.0,6,0.0,0.0,0.9878459544805107
test_052,transmil,0.0,7,0.002554278416347382,0.0012787723785166241,0.9979535935797629
test_052,transmil,0.0,8,0.002554278416347382,0.0012787723785166241,0.9994721045468254
test_052,transmil,0.0,9,0.0,0.0,0.9953286762782426
test_052,clam,0.0,0,0.002554278416347382,0.0012787723785166241,0.3385360239399505
test_052,clam,0.0,1,0.002554278416347382,0.0012787723785166241,0.6725637593367905
test_052,clam,0.0,2,0.002554278416347382,0.0012787723785166241,0.09924901787132538
test_052,clam,0.0,3,0.002554278416347382,0.0012787723785166241,0.1831197664468457
test_052,clam,0.0,4,0.002554278416347382,0.0012787723785166241,0.14087134060140516
test_052,clam,0.0,5,0.002554278416347382,0.0012787723785166241,0.3658151412668611
test_052,clam,0.0,6,0.002554278416347382,0.0012787723785166241,0.23060513420420292
test_052,clam,0.0,7,0.002554278416347382,0.0012787723785166241,0.11528981862452507
test_052,clam,0.0,8,0.002554278416347382,0.0012787723785166241,0.17025352408777802
test_052,clam,0.0,9,0.002554278416347382,0.0012787723785166241,0.25669971029675903
test_052,clam,0.05,0,0.002554278416347382,0.0012787723785166241,0.9646580312753711
test_052,clam,0.05,1,0.002554278416347382,0.0012787723785166241,0.5072763441192045
test_052,clam,0.05,2,0.002554278416347382,0.0012787723785166241,0.9749511866817981
test_052,clam,0.05,3,0.002554278416347382,0.0012787723785166241,0.8531307729411569
test_052,clam,0.05,4,0.002554278416347382,0.0012787723785166241,0.7194621202714448
test_052,clam,0.05,5,0.002554278416347382,0.0012787723785166241,0.952171214759103
test_052,clam,0.05,6,0.002554278416347382,0.0012787723785166241,0.7165515447755433
test_052,clam,0.05,7,0.002554278416347382,0.0012787723785166241,0.8591663983204215
test_052,clam,0.05,8,0.002554278416347382,0.0012787723785166241,0.9224575708557441
test_052,clam,0.05,9,0.002554278416347382,0.0012787723785166241,0.8465524431409028
test_061,mean,0.0,0,0.0,0.0,0.9999920516889818
test_061,mean,0.0,1,0.0,0.0,0.9999920516889818
test_061,mean,0.0,2,0.0,0.0,0.9999920516889818
test_061,mean,0.0,3,0.0,0.0,0.9999920516889818
test_061,mean,0.0,4,0.0,0.0,0.9999920516889818
test_061,mean,0.0,5,0.0,0.0,0.9999920516889818
test_061,mean,0.0,6,0.0,0.0,0.9999920516889818
test_061,mean,0.0,7,0.0,0.0,0.9999920516889818
test_061,mean,0.0,8,0.0,0.0,0.9999920516889818
test_061,mean,0.0,9,0.0,0.0,0.9999920516889818
test_061,max,0.0,0,0.0,0.0,0.9999920516889818
test_061,max,0.0,1,0.0,0.0,0.9999920516889818
test_061,max,0.0,2,0.0,0.0,0.9999920516889818
test_061,max,0.0,3,0.0,0.0,0.9999920516889818
test_061,max,0.0,4,0.0,0.0,0.9999920516889818
test_061,max,0.0,5,0.0,0.0,0.9999920516889818
test_061,max,0.0,6,0.0,0.0,0.9999920516889818
test_061,max,0.0,7,0.0,0.0,0.9999920516889818
test_061,max,0.0,8,0.0,0.0,0.9999920516889818
test_061,max,0.0,9,0.0,0.0,0.9999920516889818
test_061,abmil,0.0,0,0.2324050730355459,0.13148095725453476,0.28004167448768635
test_061,abmil,0.0,1,0.2447220030407421,0.13942065215007785,0.16538359962754692
test_061,abmil,0.0,2,0.24506841669713825,0.13964556739921918,0.18977422325642332
test_061,abmil,0.0,3,0.2557302592328862,0.14661164684334796,0.2833984871010503
test_061,abmil,0.0,4,0.2284790515963896,0.12897338403041825,0.22624272820870472
test_061,abmil,0.0,5,0.2562306345143473,0.1469406674907293,0.217999642768931
test_061,abmil,0.0,6,0.2366390177248321,0.13419771680527362,0.2224763812220675
test_061,abmil,0.0,7,0.18352225707742345,0.10103193270188375,0.5216847980620142
test_061,abmil,0.0,8,0.21289043705856314,0.11912556536721947,0.5120244875763863
test_061,abmil,0.0,9,0.2519581994187949,0.14413739953759772,0.22645010990331868
test_061,transmil,0.0,0,0.0018090490945131925,0.0009053434526332011,0.9730137794353495
test_061,transmil,0.0,1,0.14176016627855506,0.07628733584655537,0.9995717897468943
test_061,transmil,0.0,2,0.0009237697503897154,0.0004620983114157537,0.9861888511606005
test_061,transmil,0.0,3,0.2485710436673659,0.1419247082609938,0.5439515652183602
test_061,transmil,0.0,4,0.020361424914839978,0.010285425416083372,0.9855199683774526
test_061,transmil,0.0,5,0.06531821943380613,0.03376173802323731,0.9960611254682253
test_061,transmil,0.0,6,0.010084486441754392,0.005067796282326544,0.990108241201828
test_061,transmil,0.0,7,0.023787071072535172,0.012036694388719007,0.9898518576979071
test_061,transmil,0.0,8,0.17312984738553916,0.09476855655984662,0.9990025278037896
test_061,transmil,0.0,9,0.030753834606724272,0.015617059536374654,0.9927945538106149
test_061,clam,0.0,0,0.2486480244798984,0.14197490165051319,0.2097800609472627
test_061,clam,0.0,1,0.25811666442139297,0.14818252126836814,0.19354976145151692
test_061,clam,0.0,2,0.22185870171859665,0.12477000671039246,0.14319301707736498
test_061,clam,0.0,3,0.24910990935509325,0.14227615467475654,0.2268100225324037
test_061,clam,0.0,4,0.23798618194415042,0.13506487832583336,0.20902382125324348
test_061,clam,0.0,5,0.2515732953561325,0.14388552559163456,0.22056501416849852
test_061,clam,0.0,6,0.24537633994726815,0.1398455666213311,0.22834525083521393
test_061,clam,0.0,7,0.25395970054463923,0.14544893415338492,0.23576878236201237
test_061,clam,0.0,8,0.2330979003483382,0.13192462694695567,0.29290103763625247
test_061,clam,0.0,9,0.1949539077384962,0.10800494711702491,0.14474953879566063
test_061,clam,0.05,0,0.23925636535093628,0.13588370313695486,0.4100872204188599
test_061,clam,0.05,1,0.24737784107311253,0.141147274564062,0.3864236860677401
test_061,clam,0.05,2,0.24972575585535306,0.14267807270248278,0.38398647946644254
test_061,clam,0.05,3,0.26931737264486827,0.15561337959256294,0.3775752476932984
test_061,clam,0.05,4,0.2680471892380824,0.15476587328044092,0.405235852621632
test_061,clam,0.05,5,0.2645445622678547,0.15243523775727466,0.3729820153898732
test_061,clam,0.05,6,0.24968726544908681,0.14265294453973698,0.401293956248847
test_061,clam,0.05,7,0.18471545967167682,0.10175565073576184,0.7173559227696914
test_061,clam,0.05,8,0.2685475645195435,0.1550995909656767,0.4392316260085528
test_061,clam,0.05,9,0.2685475645195435,0.1550995909656767,0.4295217746398081
test_064,mean,0.0,0,0.0,0.0,0.9999983394671188
test_064,mean,0.0,1,0.0,0.0,0.9999983394671188
test_064,mean,0.0,2,0.0,0.0,0.9999983394671188
test_064,mean,0.0,3,0.0,0.0,0.9999983394671188
test_064,mean,0.0,4,0.0,0.0,0.9999983394671188
test_064,mean,0.0,5,0.0,0.0,0.9999983394671188
test_064,mean,0.0,6,0.0,0.0,0.9999983394671188
test_064,mean,0.0,7,0.0,0.0,0.9999983394671188
test_064,mean,0.0,8,0.0,0.0,0.9999983394671188
test_064,mean,0.0,9,0.0,0.0,0.9999983394671188
test_064,max,0.0,0,0.0,0.0,0.9999983394671188
test_064,max,0.0,1,0.0,0.0,0.9999983394671188
test_064,max,0.0,2,0.0,0.0,0.9999983394671188
test_064,max,0.0,3,0.0,0.0,0.9999983394671188
test_064,max,0.0,4,0.0,0.0,0.9999983394671188
test_064,max,0.0,5,0.0,0.0,0.9999983394671188
test_064,max,0.0,6,0.0,0.0,0.9999983394671188
test_064,max,0.0,7,0.0,0.0,0.9999983394671188
test_064,max,0.0,8,0.0,0.0,0.9999983394671188
test_064,max,0.0,9,0.0,0.0,0.9999983394671188
test_064,abmil,0.0,0,0.09501128102281274,0.04987498355046717,0.13431043037010676
test_064,abmil,0.0,1,0.08648784156430182,0.04519848028298179,0.11321445272142847
test_064,abmil,0.0,2,0.08999749310604162,0.04711904449402809,0.09883855819911529
test_064,abmil,0.0,3,0.08999749310604162,0.04711904449402809,0.13723611580151937
test_064,abmil,0.0,4,0.09375783404361995,0.049184639663335084,0.11777366594785436
test_064,abmil,0.0,5,0.09501128102281274,0.04987498355046717,0.1293945854134844
test_064,abmil,0.0,6,0.09375783404361995,0.049184639663335084,0.1182965560584181
test_064,abmil,0.0,7,0.09501128102281274,0.04987498355046717,0.3393428485448367
test_064,abmil,0.0,8,0.09225369766858862,0.04835742444152431,0.8822348591427295
test_064,abmil,0.0,9,0.09626472800200551,0.05056623650250198,0.1404129510512513
test_064,transmil,0.0,0,0.0,0.0,0.9609825448748939
test_064,transmil,0.0,1,0.05565304587615944,0.02862300154718927,0.9996928382176277
test_064,transmil,0.0,2,0.0,0.0,0.9890429257041781
test_064,transmil,0.0,3,0.10528954625219353,0.055570256681661816,0.1034022402835184
test_064,transmil,0.0,4,0.0,0.0,0.9844279613665347
test_064,transmil,0.0,5,0.007520681875156681,0.00377453447408153,0.9965873023321511
test_064,transmil,0.0,6,0.0,0.0,0.979188233820062
test_064,transmil,0.0,7,0.005264477312609677,0.0026391856227221313,0.9948686975994206
test_064,transmil,0.0,8,0.07320130358485837,0.037991152745251104,0.9996674078861951
test_064,transmil,0.0,9,0.02958134870894961,0.015012722646310433,0.9956754529414199
test_064,clam,0.0,0,0.09100025068939584,0.04766907419566645,0.10016331320332578
test_064,clam,0.0,1,0.10278265229380797,0.0541754756871036,0.138439840640815
test_064,clam,0.0,2,0.09100025068939584,0.04766907419566645,0.10704914036980037
test_064,clam,0.0,3,0.10127851591877664,0.05334037496699234,0.14660070044264797
test_064,clam,0.0,4,0.09501128102281274,0.04987498355046717,0.13046060197262185
test_064,clam,0.0,5,0.09375783404361995,0.049184639663335084,0.12949610437583461
test_064,clam,0.0,6,0.09501128102281274,0.04987498355046717,0.14866715096215546
test_064,clam,0.0,7,0.09626472800200551,0.05056623650250198,0.11963222182153899
test_064,clam,0.0,8,0.10278265229380797,0.0541754756871036,0.1284829130907108
test_064,clam,0.0,9,0.09225369766858862,0.04835742444152431,0.04829354426377188
test_064,clam,0.05,0,0.09501128102281274,0.04987498355046717,0.20352207908735265
test_064,clam,0.05,1,0.09626472800200551,0.05056623650250198,0.16602409416395367
test_064,clam,0.05,2,0.09501128102281274,0.04987498355046717,0.2278311993488758
test_064,clam,0.05,3,0.09626472800200551,0.05056623650250198,0.179256399498091
test_064,clam,0.05,4,0.10654299323138632,0.05626903217264663,0.20455517786999383
test_064,clam,0.05,5,0.10278265229380797,0.0541754756871036,0.17943081986812232
test_064,clam,0.05,6,0.09626472800200551,0.05056623650250198,0.2034635286160437
test_064,clam,0.05,7,0.10027575833542242,0.05278437582475587,0.7662830707059166
test_064,clam,0.05,8,0.09626472800200551,0.05056623650250198,0.2538606781590902
test_064,clam,0.05,9,0.09626472800200551,0.05056623650250198,0.22018161062686578
test_065,mean,0.0,0,0.0,0.0,0.9999989504012801
test_065,mean,0.0,1,0.0,0.0,0.9999989504012801
test_065,mean,0.0,2,0.0,0.0,0.9999989504012801
test_065,mean,0.0,3,0.0,0.0,0.9999989504012801
test_065,mean,0.0,4,0.0,0.0,0.9999989504012801
test_065,mean,0.0,5,0.0,0.0,0.9999989504012801
test_065,mean,0.0,6,0.0,0.0,0.9999989504012801
test_065,mean,0.0,7,0.0,0.0,0.9999989504012801
test_065,mean,0.0,8,0.0,0.0,0.9999989504012801
test_065,mean,0.0,9,0.0,0.0,0.9999989504012801
test_065,max,0.0,0,0.0,0.0,0.9999989504012801
test_065,max,0.0,1,0.0,0.0,0.9999989504012801
test_065,max,0.0,2,0.0,0.0,0.9999989504012801
test_065,max,0.0,3,0.0,0.0,0.9999989504012801
test_065,max,0.0,4,0.0,0.0,0.9999989504012801
test_065,max,0.0,5,0.0,0.0,0.9999989504012801
test_065,max,0.0,6,0.0,0.0,0.9999989504012801
test_065,max,0.0,7,0.0,0.0,0.9999989504012801
test_065,max,0.0,8,0.0,0.0,0.9999989504012801
test_065,max,0.0,9,0.0,0.0,0.9999989504012801
test_065,abmil,0.0,0,0.05137105171815342,0.026362664766654793,0.5558771283235966
test_065,abmil,0.0,1,0.0,0.0,0.29899124661180726
test_065,abmil,0.0,2,0.03193335647344672,0.016225749559082892,0.2105414882368632
test_065,abmil,0.0,3,0.05137105171815342,0.026362664766654793,0.17647062466704913
test_065,abmil,0.0,4,0.05137105171815342,0.026362664766654793,0.6642352111307532
test_065,abmil,0.0,5,0.02221450885109337,0.011232011232011231,0.028238913269211092
test_065,abmil,0.0,6,0.03193335647344672,0.016225749559082892,0.5339660218357594
test_065,abmil,0.0,7,0.04165220409580007,0.021269053527118043,0.89724543666005
test_065,abmil,0.0,8,0.02221450885109337,0.011232011232011231,0.9034889536163164
test_065,abmil,0.0,9,0.0,0.0,0.41959815314939114
test_065,transmil,0.0,0,0.02221450885109337,0.011232011232011231,0.9982056731521379
test_065,transmil,0.0,1,0.0076362374175633465,0.003832752613240418,0.9992888345084667
test_065,transmil,0.0,2,0.0076362374175633465,0.003832752613240418,0.9899403734922338
test_065,transmil,0.0,3,0.0,0.0,0.8459928149865568
test_065,transmil,0.0,4,0.0076362374175633465,0.003832752613240418,0.9870910228077845
test_065,transmil,0.0,5,0.02221450885109337,0.011232011232011231,0.9998066332717185
test_065,transmil,0.0,6,0.02221450885109337,0.011232011232011231,0.9565096131374751
test_065,transmil,0.0,7,0.0076362374175633465,0.003832752613240418,0.992342595737566
test_065,transmil,0.0,8,0.02221450885109337,0.011232011232011231,0.9994787343432389
test_065,transmil,0.0,9,0.02221450885109337,0.011232011232011231,0.9996190796348301
test_065,clam,0.0,0,0.0,0.0,0.33183687943374135
test_065,clam,0.0,1,0.11384935786185352,0.060360691939639305,0.019610126236033944
test_065,clam,0.0,2,0.04165220409580007,0.021269053527118043,0.11982448509180786
test_065,clam,0.0,3,0.05137105171815342,0.026362664766654793,0.11138389601122585
test_065,clam,0.0,4,0.02221450885109337,0.011232011232011231,0.8062557591079149
test_065,clam,0.0,5,0.05900728913571676,0.030400572246065807,0.4765169849059385
test_065,clam,0.0,6,0.02221450885109337,0.011232011232011231,0.39812759863690617
test_065,clam,0.0,7,0.04165220409580007,0.021269053527118043,0.5507804044541422
test_065,clam,0.0,8,0.11384935786185352,0.060360691939639305,0.34685794925452934
test_065,clam,0.0,9,0.0,0.0,0.3346991342065513
test_065,clam,0.05,0,0.05137105171815342,0.026362664766654793,0.7050950293421252
test_065,clam,0.05,1,0.07358556056924678,0.0381981981981982,0.4314789437481455
test_065,clam,0.05,2,0.04165220409580007,0.021269053527118043,0.9120468170426329
test_065,clam,0.05,3,0.07358556056924678,0.0381981981981982,0.19655404300344934
test_065,clam,0.05,4,0.07358556056924678,0.0381981981981982,0.5109631868144725
test_065,clam,0.05,5,0.08122179798681013,0.04232995658465991,0.8229099959465058
test_065,clam,0.05,6,0.08122179798681013,0.04232995658465991,0.7840052715413488
test_065,clam,0.05,7,0.07150295036445678,0.037077033837293015,0.9483107179873715
test_065,clam,0.05,8,0.07358556056924678,0.0381981981981982,0.6913219235047725
test_065,clam,0.05,9,0.07358556056924678,0.0381981981981982,0.650596833929452
test_066,mean,0.0,0,0.0,0.0,0.9999911704204092
test_066,mean,0.0,1,0.0,0.0,0.9999911704204092
test_066,mean,0.0,2,0.0,0.0,0.9999911704204092
test_066,mean,0.0,3,0.0,0.0,0.9999911704204092
test_066,mean,0.0,4,0.0,0.0,0.9999911704204092
test_066,mean,0.0,5,0.0,0.0,0.9999911704204092
test_066,mean,0.0,6,0.0,0.0,0.9999911704204092
test_066,mean,0.0,7,0.0,0.0,0.9999911704204092
test_066,mean,0.0,8,0.0,0.0,0.9999911704204092
test_066,mean,0.0,9,0.0,0.0,0.9999911704204092
test_066,max,0.0,0,0.0,0.0,0.9999911704204092
test_066,max,0.0,1,0.0,0.0,0.9999911704204092
test_066,max,0.0,2,0.0,0.0,0.9999911704204092
test_066,max,0.0,3,0.0,0.0,0.9999911704204092
test_066,max,0.0,4,0.0,0.0,0.9999911704204092
test_066,max,0.0,5,0.0,0.0,0.9999911704204092
test_066,max,0.0,6,0.0,0.0,0.9999911704204092
test_066,max,0.0,7,0.0,0.0,0.9999911704204092
test_066,max,0.0,8,0.0,0.0,0.9999911704204092
test_066,max,0.0,9,0.0,0.0,0.9999911704204092
test_066,abmil,0.0,0,0.0010444283763155781,0.0005224870383023191,0.7791052839789144
test_066,abmil,0.0,1,0.0027315819072868965,0.0013676588897827836,0.16945655696390077
test_066,abmil,0.0,2,0.0010042580541495944,0.0005023812873018106,0.22105354484805678
test_066,abmil,0.0,3,0.0010444283763155781,0.0005224870383023191,0.3132305430748895
test_066,abmil,0.0,4,0.001968345786133205,0.000985142443555359,0.7966219230184661
test_066,abmil,0.0,5,0.0,0.0,0.45274768197676385
test_066,abmil,0.0,6,0.0010444283763155781,0.0005224870383023191,0.6669219553532831
test_066,abmil,0.0,7,0.0010444283763155781,0.0005224870383023191,0.9644551569762787
test_066,abmil,0.0,8,0.0,0.0,0.9776870323894733
test_066,abmil,0.0,9,0.0010444283763155781,0.0005224870383023191,0.3103777917136407
test_066,transmil,0.0,0,0.0,0.0,0.9999680377710854
test_066,transmil,0.0,1,0.0001606812886639351,8.034709946970914e-05,0.9992471945695771
test_066,transmil,0.0,2,0.0001606812886639351,8.034709946970914e-05,0.9999632406779078
test_066,transmil,0.0,3,0.006146059291395517,0.003082502266545784,0.9999777385595116
test_066,transmil,0.0,4,0.0014461315979754157,0.000723589001447178,0.9997147512513008
test_066,transmil,0.0,5,0.0,0.0,0.9998476840333596
test_066,transmil,0.0,6,0.0,0.0,0.9944340044791744
test_066,transmil,0.0,7,0.0001606812886639351,8.034709946970914e-05,0.9985750685143405
test_066,transmil,0.0,8,0.0005616625210623445,0.0002809101488823789,0.999608255782755
test_066,transmil,0.0,9,0.0,0.0,0.9995586858199184
test_066,clam,0.0,0,0.008716959910018479,0.004377559460168243,0.3841866402113553
test_066,clam,0.0,1,0.009681047642002089,0.004864068460249863,0.9590881691290235
test_066,clam,0.0,2,0.0018478348196352536,0.0009247718226046399,0.16115325505729236
test_066,clam,0.0,3,0.01108700891781152,0.005574406204556471,0.20768840352133278
test_066,clam,0.0,4,0.001405961275809432,0.0007034751673265934,0.9477457088154346
test_066,clam,0.0,5,0.001405961275809432,0.0007034751673265934,0.7102713142622101
test_066,clam,0.0,6,0.00040170322165983773,0.00020089196030374866,0.21832463844234662
test_066,clam,0.0,7,0.0037358399614364907,0.0018714156353757923,0.8450314157143789
test_066,clam,0.0,8,0.0,0.0,0.9675094129015102
test_066,clam,0.0,9,0.0,0.0,0.5185889051629824
test_066,clam,0.05,0,0.001928175463967221,0.0009650180940892642,0.9918898394618425
test_066,clam,0.05,1,0.010886157306981602,0.005472867903952178,0.9794801858193124
test_066,clam,0.05,2,0.0042982244717602635,0.0021537408667297356,0.9919612628491555
test_066,clam,0.05,3,0.010725476018317666,0.005391652026413037,0.9836838252699304
test_066,clam,0.05,4,0.008636619265686511,0.004337038307143002,0.97498179164344
test_066,clam,0.05,5,0.009922069574997992,0.004985769362750045,0.9885212140303631
test_066,clam,0.05,6,0.0026914115851209125,0.0013475191568954768,0.9937187045853381
test_066,clam,0.05,7,0.0,0.0,0.9758948383782697
test_066,clam,0.05,8,0.007592190889370932,0.003810560696788242,0.9718082480011887
test_066,clam,0.05,9,0.0091588334538443,0.004600484261501211,0.9830667058831318
test_068,mean,0.0,0,0.0,0.0,0.9999924495769249
test_068,mean,0.0,1,0.0,0.0,0.9999924495769249
test_068,mean,0.0,2,0.0,0.0,0.9999924495769249
test_068,mean,0.0,3,0.0,0.0,0.9999924495769249
test_068,mean,0.0,4,0.0,0.0,0.9999924495769249
test_068,mean,0.0,5,0.0,0.0,0.9999924495769249
test_068,mean,0.0,6,0.0,0.0,0.9999924495769249
test_068,mean,0.0,7,0.0,0.0,0.9999924495769249
test_068,mean,0.0,8,0.0,0.0,0.9999924495769249
test_068,mean,0.0,9,0.0,0.0,0.9999924495769249
test_068,max,0.0,0,0.0,0.0,0.9999924495769249
test_068,max,0.0,1,0.0,0.0,0.9999924495769249
test_068,max,0.0,2,0.0,0.0,0.9999924495769249
test_068,max,0.0,3,0.0,0.0,0.9999924495769249
test_068,max,0.0,4,0.0,0.0,0.9999924495769249
test_068,max,0.0,5,0.0,0.0,0.9999924495769249
test_068,max,0.0,6,0.0,0.0,0.9999924495769249
test_068,max,0.0,7,0.0,0.0,0.9999924495769249
test_068,max,0.0,8,0.0,0.0,0.9999924495769249
test_068,max,0.0,9,0.0,0.0,0.9999924495769249
test_068,abmil,0.0,0,0.5490422146159851,0.378399854321519,0.5392660996130055
test_068,abmil,0.0,1,0.5838467543385576,0.41227653583907187,0.1969452563895707
test_068,abmil,0.0,2,0.5134930643127364,0.34543603664743805,0.3490785036740573
test_068,abmil,0.0,3,0.527088212334114,0.35785456858172565,0.4092050025051978
test_068,abmil,0.0,4,0.5660481594907825,0.39474698068644365,0.4151427849555609
test_068,abmil,0.0,5,0.6903500870713986,0.5271256694299757,0.2858942139571011
test_068,abmil,0.0,6,0.6051522248243559,0.4338482202820685,0.4672055456993022
test_068,abmil,0.0,7,0.602846333993875,0.43148176801279076,0.6593789916267574
test_068,abmil,0.0,8,0.673224043715847,0.5074135090609555,0.6641298566464421
test_068,abmil,0.0,9,0.5542544886807181,0.3833693304535637,0.3340602288087007
test_068,transmil,0.0,0,0.024139794631597912,0.012217359591539023,0.9885303236096629
test_068,transmil,0.0,1,0.6578754578754579,0.490174672489083,0.9993199208009547
test_068,transmil,0.0,2,0.3584939650513421,0.21839332748024584,0.9818151091590539
test_068,transmil,0.0,3,0.009031405752717228,0.00453618694881106,0.8554959755918237
test_068,transmil,0.0,4,0.23933225244700654,0.13593266121881012,0.9907628071982478
test_068,transmil,0.0,5,0.10921755839788627,0.05776315455169084,0.9949635937207888
test_068,transmil,0.0,6,0.007734342160571669,0.0038821841505612287,0.9805864903950289
test_068,transmil,0.0,7,0.2225905242298685,0.12523311440849752,0.9949173431510772
test_068,transmil,0.0,8,0.7321923977661683,0.5775264294645902,0.9984732212612929
test_068,transmil,0.0,9,0.1761364318741368,0.09657324974977612,0.9842367110022441
test_068,clam,0.0,0,0.3631057467123041,0.22182602570875154,0.3588995467801942
test_068,clam,0.0,1,0.817198102444004,0.69090022947424,0.3640578121636441
test_068,clam,0.0,2,0.5429652314898217,0.37265084075173094,0.2753963094689319
test_068,clam,0.0,3,0.7094697652074701,0.5497505955926146,0.3471345716492
test_068,clam,0.0,4,0.6068816429472167,0.43562820048621526,0.44335119155842323
test_068,clam,0.0,5,0.653551912568306,0.48538961038961037,0.38598588964936825
test_068,clam,0.0,6,0.5717888668708341,0.4003531786074672,0.2897006250128506
test_068,clam,0.0,7,0.5265117396264938,0.3573233352351455,0.36260143371469855
test_068,clam,0.0,8,0.6773314117576412,0.5120945774161915,0.5402842620375701
test_068,clam,0.0,9,0.4658139674533117,0.303622870741483,0.2954049612328368
test_068,clam,0.05,0,0.7186452891370925,0.5608480485884603,0.6376817337289851
test_068,clam,0.05,1,0.7544346364018495,0.6056965442764579,0.6012297858871515
test_068,clam,0.05,2,0.7103584939650514,0.5508185729451863,0.6359982454860282
test_068,clam,0.05,3,0.774178826637843,0.6315593525884704,0.5620153684202016
test_068,clam,0.05,4,0.7614483876778959,0.614789387945078,0.5702794353803915
test_068,clam,0.05,5,0.7750435356992734,0.6327110867092827,0.6019042643358496
test_068,clam,0.05,6,0.7805440461178166,0.6400756367074396,0.6196631833232854
test_068,clam,0.05,7,0.6769951360115295,0.5117102396514162,0.7139232524924958
test_068,clam,0.05,8,0.7426409655917853,0.5906355665081093,0.6506329222421726
test_068,clam,0.05,9,0.7746111811685582,0.6321350164654226,0.6300786058235497
test_069,mean,0.0,0,0.0,0.0,0.9999804049500396
test_069,mean,0.0,1,0.0,0.0,0.9999804049500396
test_069,mean,0.0,2,0.0,0.0,0.9999804049500396
test_069,mean,0.0,3,0.0,0.0,0.9999804049500396
test_069,mean,0.0,4,0.0,0.0,0.9999804049500396
test_069,mean,0.0,5,0.0,0.0,0.9999804049500396
test_069,mean,0.0,6,0.0,0.0,0.9999804049500396
test_069,mean,0.0,7,0.0,0.0,0.9999804049500396
test_069,mean,0.0,8,0.0,0.0,0.9999804049500396
test_069,mean,0.0,9,0.0,0.0,0.9999804049500396
test_069,max,0.0,0,0.0,0.0,0.9999804049500396
test_069,max,0.0,1,0.0,0.0,0.9999804049500396
test_069,max,0.0,2,0.0,0.0,0.9999804049500396
test_069,max,0.0,3,0.0,0.0,0.9999804049500396
test_069,max,0.0,4,0.0,0.0,0.9999804049500396
test_069,max,0.0,5,0.0,0.0,0.9999804049500396
test_069,max,0.0,6,0.0,0.0,0.9999804049500396
test_069,max,0.0,7,0.0,0.0,0.9999804049500396
test_069,max,0.0,8,0.0,0.0,0.9999804049500396
test_069,max,0.0,9,0.0,0.0,0.9999804049500396
test_069,abmil,0.0,0,0.043011077466756274,0.021978191583772563,0.7044745569590546
test_069,abmil,0.0,1,0.018530404512538606,0.009351849028993019,0.4076107124847716
test_069,abmil,0.0,2,0.038057554500079284,0.019397895482291722,0.24526598929299817
test_069,abmil,0.0,3,0.027863566687558048,0.014128620219625382,0.43885341903431296
test_069,abmil,0.0,4,0.028301530608392293,0.014353883744264957,0.6721448158925194
test_069,abmil,0.0,5,0.02520557875421918,0.0127636469310656,0.26614792526140596
test_069,abmil,0.0,6,0.04089676888341853,0.020875249570238123,0.6480081496766854
test_069,abmil,0.0,7,0.06090718940429356,0.03141014657549183,0.8952430793661369
test_069,abmil,0.0,8,0.06083167838346007,0.031369983567362134,0.9472677768965149
test_069,abmil,0.0,9,0.02623252863755465,0.013290587173091343,0.34725434489266693
test_069,transmil,0.0,0,0.008683767395851425,0.004360817861909962,0.9999059531766895
test_069,transmil,0.0,1,0.0025975791166720783,0.001300478606370833,0.9991925294393216
test_069,transmil,0.0,2,0.0008759278416684915,0.0004381558172739154,0.9958792806774334
test_069,transmil,0.0,3,0.011855230270858032,0.005962961274934293,0.9971189847841374
test_069,transmil,0.0,4,0.010888689204189351,0.005474147748842154,0.9993729132429766
test_069,transmil,0.0,5,0.006720480854180668,0.0033715697119391453,0.9996021590405553
test_069,transmil,0.0,6,0.001057154291668869,0.0005288566873928121,0.9933163435613693
test_069,transmil,0.0,7,0.000694701391668114,0.00034747139026324736,0.9987790372298726
test_069,transmil,0.0,8,0.0121119677416919,0.00609288226758541,0.9995062697916103
test_069,transmil,0.0,9,0.0,0.0,0.9995012484009304
test_069,clam,0.0,0,0.022728817270880684,0.011495043001390098,0.5510055039135316
test_069,clam,0.0,1,0.0767040949626598,0.03988158803944972,0.5626490466829699
test_069,clam,0.0,2,0.02892072097922692,0.01467253057096448,0.2772277927857236
test_069,clam,0.0,3,0.03571671285424108,0.018183076284347947,0.2340911016065839
test_069,clam,0.0,4,0.03352689325006985,0.017049250831342976,0.8525338340686239
test_069,clam,0.0,5,0.033134235941735694,0.016846211138155823,0.548189372828954
test_069,clam,0.0,6,0.02793907770839154,0.014167451620067238,0.4524572837556241
test_069,clam,0.0,7,0.031050131766731354,0.015769894534995207,0.6593658594381906
test_069,clam,0.0,8,0.07061790668348046,0.036601307189542485,0.7929786921268814
test_069,clam,0.0,9,0.01896836843337285,0.009574995235372594,0.5496393959529816
test_069,clam,0.05,0,0.04788908941259977,0.024531951106297384,0.8397680104822272
test_069,clam,0.05,1,0.0710709728084814,0.03684478371501272,0.731049591176009
test_069,clam,0.05,2,0.046650708670930525,0.02388242025018942,0.9206095034725205
test_069,clam,0.05,3,0.05917043592512327,0.030487188066576923,0.6808671646339235
test_069,clam,0.05,4,0.06628357408763809,0.034277815091922965,0.5946887058725352
test_069,clam,0.05,5,0.04381149428759128,0.022396356056512006,0.8849809018596991
test_069,clam,0.05,6,0.06987789867931224,0.03620387468310851,0.9414788859642286
test_069,clam,0.05,7,0.06675174241680573,0.03452828272570326,0.9570863338494241
test_069,clam,0.05,8,0.05018462444593789,0.025738141710815753,0.8700178335900228
test_069,clam,0.05,9,0.07904493660849801,0.041148769231978743,0.7152071035809118
test_071,mean,0.0,0,0.0,0.0,0.9999958432023228
test_071,mean,0.0,1,0.0,0.0,0.9999958432023228
test_071,mean,0.0,2,0.0,0.0,0.9999958432023228
test_071,mean,0.0,3,0.0,0.0,0.9999958432023228
test_071,mean,0.0,4,0.0,0.0,0.9999958432023228
test_071,mean,0.0,5,0.0,0.0,0.9999958432023228
test_071,mean,0.0,6,0.0,0.0,0.9999958432023228
test_071,mean,0.0,7,0.0,0.0,0.9999958432023228
test_071,mean,0.0,8,0.0,0.0,0.9999958432023228
test_071,mean,0.0,9,0.0,0.0,0.9999958432023228
test_071,max,0.0,0,0.0,0.0,0.9999958432023228
test_071,max,0.0,1,0.0,0.0,0.9999958432023228
test_071,max,0.0,2,0.0,0.0,0.9999958432023228
test_071,max,0.0,3,0.0,0.0,0.9999958432023228
test_071,max,0.0,4,0.0,0.0,0.9999958432023228
test_071,max,0.0,5,0.0,0.0,0.9999958432023228
test_071,max,0.0,6,0.0,0.0,0.9999958432023228
test_071,max,0.0,7,0.0,0.0,0.9999958432023228
test_071,max,0.0,8,0.0,0.0,0.9999958432023228
test_071,max,0.0,9,0.0,0.0,0.9999958432023228
test_071,abmil,0.0,0,0.3717830160696526,0.2283375125913543,0.7284359828683747
test_071,abmil,0.0,1,0.37183536021495994,0.22837700262551572,0.5956003229509931
test_071,abmil,0.0,2,0.3717132238759095,0.22828486316195537,0.6219041794334526
test_071,abmil,0.0,3,0.3716783277790379,0.22825854013972827,0.6605956832559651
test_071,abmil,0.0,4,0.3717830160696526,0.2283375125913543,0.7058991178779105
test_071,abmil,0.0,5,0.3717830160696526,0.2283375125913543,0.6677749086756105
test_071,abmil,0.0,6,0.3717830160696526,0.2283375125913543,0.693900210513901
test_071,abmil,0.0,7,0.37181791216652416,0.2283638389986712,0.752140126062767
test_071,abmil,0.0,8,0.37181791216652416,0.2283638389986712,0.7300571438029526
test_071,abmil,0.0,9,0.3717830160696526,0.2283375125913543,0.6579232429034142
test_071,transmil,0.0,0,0.008497199588226057,0.004266727411314275,0.9298369789052096
test_071,transmil,0.0,1,0.24524976881335822,0.13976334891120612,0.9989249856821081
test_071,transmil,0.0,2,0.00802610228045993,0.0040292206085874955,0.9568283031039242
test_071,transmil,0.0,3,0.36276237502835307,0.2215697767357596,0.9999941969955277
test_071,transmil,0.0,4,0.04557430251426378,0.02331851375720892,0.9136535902473469
test_071,transmil,0.0,5,0.05955018931132553,0.030688858316923383,0.9608517500973565
test_071,transmil,0.0,6,0.008811264460070141,0.0044251277153197046,0.9964804861775792
test_071,transmil,0.0,7,0.04730165930940624,0.02422374123218514,0.9175792055226702
test_071,transmil,0.0,8,0.2442726781009544,0.1391290521336434,0.9951876259124248
test_071,transmil,0.0,9,0.01633137333589238,0.008232914064561527,0.9340622038172417
test_071,clam,0.0,0,0.37180046411808837,0.22835067565395373,0.6775410304875613
test_071,clam,0.0,1,0.37164343168216635,0.2282322182457193,0.5254949015816209
test_071,clam,0.0,2,0.37180046411808837,0.22835067565395373,0.6871457652404921
test_071,clam,0.0,3,0.3717132238759095,0.22828486316195537,0.7005080257963462
test_071,clam,0.0,4,0.37181791216652416,0.2283638389986712,0.6752690887310191
test_071,clam,0.0,5,0.37181791216652416,0.2283638389986712,0.7092345680171892
test_071,clam,0.0,6,0.37176556802121685,0.2283243498108638,0.6508343824781999
test_071,clam,0.0,7,0.37176556802121685,0.2283243498108638,0.6518868377581694
test_071,clam,0.0,8,0.3717830160696526,0.2283375125913543,0.7180039704078047
test_071,clam,0.0,9,0.37181791216652416,0.2283638389986712,0.5829707420051596
test_071,clam,0.05,0,0.37181791216652416,0.2283638389986712,0.7489998102218078
test_071,clam,0.05,1,0.3717830160696526,0.2283375125913543,0.7666603167196769
test_071,clam,0.05,2,0.37181791216652416,0.2283638389986712,0.7330879280989376
test_071,clam,0.05,3,0.3716783277790379,0.22825854013972827,0.7211802676258569
test_071,clam,0.05,4,0.3717830160696526,0.2283375125913543,0.7646752852902814
test_071,clam,0.05,5,0.3717132238759095,0.22828486316195537,0.7090624218209012
test_071,clam,0.05,6,0.3717830160696526,0.2283375125913543,0.7319111842059378
test_071,clam,0.05,7,0.37181791216652416,0.2283638389986712,0.7766961224805254
test_071,clam,0.05,8,0.37176556802121685,0.2283243498108638,0.7566664892321034
test_071,clam,0.05,9,0.3717132238759095,0.22828486316195537,0.7373041576666964
test_073,mean,0.0,0,0.0,0.0,0.9999918445884267
test_073,mean,0.0,1,0.0,0.0,0.9999918445884267
test_073,mean,0.0,2,0.0,0.0,0.9999918445884267
test_073,mean,0.0,3,0.0,0.0,0.9999918445884267
test_073,mean,0.0,4,0.0,0.0,0.9999918445884267
test_073,mean,0.0,5,0.0,0.0,0.9999918445884267
test_073,mean,0.0,6,0.0,0.0,0.9999918445884267
test_073,mean,0.0,7,0.0,0.0,0.9999918445884267
test_073,mean,0.0,8,0.0,0.0,0.9999918445884267
test_073,mean,0.0,9,0.0,0.0,0.9999918445884267
test_073,max,0.0,0,0.0,0.0,0.9999918445884267
test_073,max,0.0,1,0.0,0.0,0.9999918445884267
test_073,max,0.0,2,0.0,0.0,0.9999918445884267
test_073,max,0.0,3,0.0,0.0,0.9999918445884267
test_073,max,0.0,4,0.0,0.0,0.9999918445884267
test_073,max,0.0,5,0.0,0.0,0.9999918445884267
test_073,max,0.0,6,0.0,0.0,0.9999918445884267
test_073,max,0.0,7,0.0,0.0,0.9999918445884267
test_073,max,0.0,8,0.0,0.0,0.9999918445884267
test_073,max,0.0,9,0.0,0.0,0.9999918445884267
test_073,abmil,0.0,0,0.4170383728627845,0.26345450560099676,0.7274270069863007
test_073,abmil,0.0,1,0.417129682470838,0.26352738935806913,0.5770978852844291
test_073,abmil,0.0,2,0.41645399137124206,0.2629882485901768,0.6317578614948636
test_073,abmil,0.0,3,0.41613440774305477,0.26273340981546284,0.6787098769529588
test_073,abmil,0.0,4,0.41708402766681124,0.26349094642846843,0.6936776680782004
test_073,abmil,0.0,5,0.4172392540005022,0.2636148609668859,0.6809911556119672
test_073,abmil,0.0,6,0.41713881343164333,0.26353467819626075,0.7102340945646256
test_073,abmil,0.0,7,0.41724838496130756,0.2636221508143003,0.7718143237564693
test_073,abmil,0.0,8,0.41724838496130756,0.2636221508143003,0.7523635629246687
test_073,abmil,0.0,9,0.41692880133312027,0.263367056190663,0.6817879990303973
test_073,transmil,0.0,0,0.010053187846691168,0.00505198821661604,0.9497509422911528
test_073,transmil,0.0,1,0.3712374734631452,0.22792608954018995,0.9992983952040578
test_073,transmil,0.0,2,1.8261921610701485e-05,9.131044180557268e-06,0.9622055167890865
test_073,transmil,0.0,3,0.4170566347843952,0.2634690816797416,0.999989695024309
test_073,transmil,0.0,4,0.010190152258771429,0.005121168874673617,0.9383915707111855
test_073,transmil,0.0,5,0.039546191247974066,0.02017195767195767,0.9668511547602523
test_073,transmil,0.0,6,0.0013331202775812086,0.000667004737561047,0.9959887113320405
test_073,transmil,0.0,7,0.00590773164106193,0.0029626169936077073,0.9599799655798293
test_073,transmil,0.0,8,0.30084689661469627,0.17705696797734394,0.9982741279019754
test_073,transmil,0.0,9,0.005076814207775013,0.002544867012390207,0.952643610724337
test_073,clam,0.0,0,0.4168922774898989,0.2633379090772762,0.6649877044948195
test_073,clam,0.0,1,0.4167553130778186,0.26322861937909836,0.5753392194015357
test_073,clam,0.0,2,0.41708402766681124,0.26349094642846843,0.6917746589648036
test_073,clam,0.0,3,0.4169105394115096,0.2633524824658546,0.7126835766158437
test_073,clam,0.0,4,0.41724838496130756,0.2636221508143003,0.6783783604269071
test_073,clam,0.0,5,0.4169561942155363,0.2633889174083324,0.7007193176931565
test_073,clam,0.0,6,0.4169014084507042,0.26334519572953735,0.679812764562646
test_073,clam,0.0,7,0.41670965827379186,0.263192193681588,0.6435804641421945
test_073,clam,0.0,8,0.4171753372748647,0.26356383438998077,0.7381092658691936
test_073,clam,0.0,9,0.417129682470838,0.26352738935806913,0.5988771614467244
test_073,clam,0.05,0,0.41721186111808617,0.26359299192929625,0.7843683155948464
test_073,clam,0.05,1,0.4172209920788915,0.2636002815243853,0.7860688895074591
test_073,clam,0.05,2,0.41724838496130756,0.2636221508143003,0.7579248614708702
test_073,clam,0.05,3,0.4172027301572808,0.2635857024183127,0.7643464155769739
test_073,clam,0.05,4,0.41708402766681124,0.26349094642846843,0.7987926431720314
test_073,clam,0.05,5,0.4172027301572808,0.2635857024183127,0.7563827641728348
test_073,clam,0.05,6,0.41713881343164333,0.26353467819626075,0.759879191427577
test_073,clam,0.05,7,0.41724838496130756,0.2636221508143003,0.7977081880746535
test_073,clam,0.05,8,0.41721186111808617,0.26359299192929625,0.7983980906782282
test_073,clam,0.05,9,0.4170018490195631,0.2634253544524301,0.8007515946915912
test_074,mean,0.0,0,0.0,0.0,0.9999924514004079
test_074,mean,0.0,1,0.0,0.0,0.9999924514004079
test_074,mean,0.0,2,0.0,0.0,0.9999924514004079
test_074,mean,0.0,3,0.0,0.0,0.9999924514004079
test_074,mean,0.0,4,0.0,0.0,0.9999924514004079
test_074,mean,0.0,5,0.0,0.0,0.9999924514004079
test_074,mean,0.0,6,0.0,0.0,0.9999924514004079
test_074,mean,0.0,7,0.0,0.0,0.9999924514004079
test_074,mean,0.0,8,0.0,0.0,0.9999924514004079
test_074,mean,0.0,9,0.0,0.0,0.9999924514004079
test_074,max,0.0,0,0.0,0.0,0.9999924514004079
test_074,max,0.0,1,0.0,0.0,0.9999924514004079
test_074,max,0.0,2,0.0,0.0,0.9999924514004079
test_074,max,0.0,3,0.0,0.0,0.9999924514004079
test_074,max,0.0,4,0.0,0.0,0.9999924514004079
test_074,max,0.0,5,0.0,0.0,0.9999924514004079
test_074,max,0.0,6,0.0,0.0,0.9999924514004079
test_074,max,0.0,7,0.0,0.0,0.9999924514004079
test_074,max,0.0,8,0.0,0.0,0.9999924514004079
test_074,max,0.0,9,0.0,0.0,0.9999924514004079
test_074,abmil,0.0,0,0.035182993339367356,0.01790649878339751,0.2673293889870206
test_074,abmil,0.0,1,0.03611130450927151,0.018387653328921557,0.11688321653777618
test_074,abmil,0.0,2,0.03611130450927151,0.018387653328921557,0.13799632067172554
test_074,abmil,0.0,3,0.03611130450927151,0.018387653328921557,0.2679384504238298
test_074,abmil,0.0,4,0.03643621341873796,0.018556164901664146,0.15984360057217673
test_074,abmil,0.0,5,0.036807537886699625,0.018748817855116322,0.12789874028906587
test_074,abmil,0.0,6,0.03611130450927151,0.018387653328921557,0.19845709529345043
test_074,abmil,0.0,7,0.03406901993548237,0.017329713138944634,0.6047154285829128
test_074,abmil,0.0,8,0.03615772006776671,0.018411722996927442,0.661180569322207
test_074,abmil,0.0,9,0.02989161967091369,0.015172576275179645,0.1680092421980529
test_074,transmil,0.0,0,0.0010675578453897747,0.0005340639947986811,0.9796319174149097
test_074,transmil,0.0,1,0.03263013762213094,0.016585665078091824,0.9996055322859175
test_074,transmil,0.0,2,0.0012068045208753974,0.000603766574553561,0.9922662145536559
test_074,transmil,0.0,3,0.0,0.0,0.7303613382921386
test_074,transmil,0.0,4,0.0010675578453897747,0.0005340639947986811,0.98303134017305
test_074,transmil,0.0,5,0.0012532200793706051,0.0006270029260136547,0.9951621436322617
test_074,transmil,0.0,6,0.0,0.0,0.9667486386935208
test_074,transmil,0.0,7,0.0032490890946645316,0.0016271879867035496,0.988417952609732
test_074,transmil,0.0,8,0.024368168209983988,0.012334367070764025,0.9990290575065927
test_074,transmil,0.0,9,0.0009747267283993595,0.0004876010030649206,0.9923639203053812
test_074,clam,0.0,0,0.032862215414606974,0.0167055992071919,0.19637259296346102
test_074,clam,0.0,1,0.03453317552043445,0.01756996103436061,0.11362056556583289
test_074,clam,0.0,2,0.036946784562185246,0.018821081502849172,0.12964256023030502
test_074,clam,0.0,3,0.036807537886699625,0.018748817855116322,0.14670903588720785
test_074,clam,0.0,4,0.03643621341873796,0.018556164901664146,0.16214342696794806
test_074,clam,0.0,5,0.035182993339367356,0.01790649878339751,0.12680220739782477
test_074,clam,0.0,6,0.03611130450927151,0.018387653328921557,0.13624324254119277
test_074,clam,0.0,7,0.035182993339367356,0.01790649878339751,0.12255119388685569
test_074,clam,0.0,8,0.03355844879203509,0.017065571448803284,0.22463436119509705
test_074,clam,0.0,9,0.03081993084081784,0.015651149086623455,0.15393504585328305
test_074,clam,0.05,0,0.031701826452226786,0.016106211385181344,0.5089605386484517
test_074,clam,0.05,1,0.036946784562185246,0.018821081502849172,0.3315916330644679
test_074,clam,0.05,2,0.03611130450927151,0.018387653328921557,0.5096377013195378
test_074,clam,0.05,3,0.03587922671679547,0.018267322053124115,0.2508170898350824
test_074,clam,0.05,4,0.03564714892431943,0.01814701921032112,0.3007756618919889
test_074,clam,0.05,5,0.03587922671679547,0.018267322053124115,0.33121523277119547
test_074,clam,0.05,6,0.03513657778087215,0.017882452990645375,0.3983810510498865
test_074,clam,0.05,7,0.03355844879203509,0.017065571448803284,0.7783741181962761
test_074,clam,0.05,8,0.033326370999559055,0.016945552382525784,0.4808503444617369
test_074,clam,0.05,9,0.031701826452226786,0.016106211385181344,0.4658490956660452
test_075,mean,0.0,0,0.0,0.0,0.9999926128611638
test_075,mean,0.0,1,0.0,0.0,0.9999926128611638
test_075,mean,0.0,2,0.0,0.0,0.9999926128611638
test_075,mean,0.0,3,0.0,0.0,0.9999926128611638
test_075,mean,0.0,4,0.0,0.0,0.9999926128611638
test_075,mean,0.0,5,0.0,0.0,0.9999926128611638
test_075,mean,0.0,6,0.0,0.0,0.9999926128611638
test_075,mean,0.0,7,0.0,0.0,0.9999926128611638
test_075,mean,0.0,8,0.0,0.0,0.9999926128611638
test_075,mean,0.0,9,0.0,0.0,0.9999926128611638
test_075,max,0.0,0,0.0,0.0,0.9999926128611638
test_075,max,0.0,1,0.0,0.0,0.9999926128611638
test_075,max,0.0,2,0.0,0.0,0.9999926128611638
test_075,max,0.0,3,0.0,0.0,0.9999926128611638
test_075,max,0.0,4,0.0,0.0,0.9999926128611638
test_075,max,0.0,5,0.0,0.0,0.9999926128611638
test_075,max,0.0,6,0.0,0.0,0.9999926128611638
test_075,max,0.0,7,0.0,0.0,0.9999926128611638
test_075,max,0.0,8,0.0,0.0,0.9999926128611638
test_075,max,0.0,9,0.0,0.0,0.9999926128611638
test_075,abmil,0.0,0,0.533231582368819,0.36354176702957897,0.4043972271146064
test_075,abmil,0.0,1,0.4523113014231003,0.2922495343146207,0.3179653045724707
test_075,abmil,0.0,2,0.44049688387671176,0.2824597651152675,0.3489397643429447
test_075,abmil,0.0,3,0.5264199205777194,0.3572387601657204,0.4070660222973494
test_075,abmil,0.0,4,0.5136727858566159,0.34559872211763365,0.38507457259621186
test_075,abmil,0.0,5,0.6079902771300575,0.43677157360406094,0.41916549922491736
test_075,abmil,0.0,6,0.5786520823617529,0.4071150174992046,0.3966091317992032
test_075,abmil,0.0,7,0.6122016364946793,0.4411315451823792,0.4510571585539888
test_075,abmil,0.0,8,0.5481550571642572,0.37755757587556216,0.4467200877425687
test_075,abmil,0.0,9,0.44501914896623845,0.28618947215355534,0.39799273304205846
test_075,transmil,0.0,0,0.0052006048529557244,0.0026070816271589895,0.9773003237462681
test_075,transmil,0.0,1,0.28201975664560985,0.16415774147376733,0.999499815184867
test_075,transmil,0.0,2,0.0023176608583824424,0.0011601748751397163,0.9894709692702915
test_075,transmil,0.0,3,0.64671217195913,0.47788220551378446,0.3955481542777895
test_075,transmil,0.0,4,0.03589547914811832,0.018275747938581974,0.9755672678405269
test_075,transmil,0.0,5,0.0394567629061206,0.02012542348446623,0.9926113039771433
test_075,transmil,0.0,6,0.001554528624524809,0.0007778689220151048,0.9944320021880687
test_075,transmil,0.0,7,0.029029297564419344,0.0147284267232116,0.9911350856952797
test_075,transmil,0.0,8,0.44137307273780757,0.2831807054130021,0.9986014271880522
test_075,transmil,0.0,9,0.017665098005963737,0.008911258127067412,0.9797198385510519
test_075,clam,0.0,0,0.4738768530687808,0.3105102324289286,0.3475250098489291
test_075,clam,0.0,1,0.6789050465651983,0.5138957232408378,0.3686105958603469
test_075,clam,0.0,2,0.46856319158858695,0.3059631249653951,0.34186278412100185
test_075,clam,0.0,3,0.6495385876400842,0.480975303474257,0.4182913324731148
test_075,clam,0.0,4,0.6254575260383545,0.4550296101332456,0.37793194219839427
test_075,clam,0.0,5,0.5360014697361541,0.366121590053478,0.41666859061031347
test_075,clam,0.0,6,0.5843049137236613,0.41273358888356493,0.40927358082002346
test_075,clam,0.0,7,0.5415695086276339,0.37133720930232555,0.3611671979487083
test_075,clam,0.0,8,0.6747219513573861,0.5091172769732774,0.4191555769416071
test_075,clam,0.0,9,0.40197283814530604,0.2515431825819346,0.25410051445383225
test_075,clam,0.05,0,0.5487486044572575,0.37812098313403186,0.4931518882188287
test_075,clam,0.05,1,0.7038905611848335,0.5430795734566152,0.483903341537507
test_075,clam,0.05,2,0.5604499653764079,0.38932301892719706,0.4616980326506112
test_075,clam,0.05,3,0.6209069967920182,0.4502285163855471,0.48592297473271867
test_075,clam,0.05,4,0.6509235313237518,0.4824956527204542,0.4982325322230857
test_075,clam,0.05,5,0.6741849323780048,0.5085060117677155,0.4710230216899286
test_075,clam,0.05,6,0.6715563657947174,0.505521159124274,0.47565545033194034
test_075,clam,0.05,7,0.6276338661126892,0.4573370404695706,0.5170053835087407
test_075,clam,0.05,8,0.5495965291615438,0.37892665055733105,0.5173044655936159
test_075,clam,0.05,9,0.6206808835375419,0.449990778877482,0.522276480983879
test_079,mean,0.0,0,0.0,0.0,0.9999956049797617
test_079,mean,0.0,1,0.0,0.0,0.9999956049797617
test_079,mean,0.0,2,0.0,0.0,0.9999956049797617
test_079,mean,0.0,3,0.0,0.0,0.9999956049797617
test_079,mean,0.0,4,0.0,0.0,0.9999956049797617
test_079,mean,0.0,5,0.0,0.0,0.9999956049797617
test_079,mean,0.0,6,0.0,0.0,0.9999956049797617
test_079,mean,0.0,7,0.0,0.0,0.9999956049797617
test_079,mean,0.0,8,0.0,0.0,0.9999956049797617
test_079,mean,0.0,9,0.0,0.0,0.9999956049797617
test_079,max,0.0,0,0.0,0.0,0.9999956049797617
test_079,max,0.0,1,0.0,0.0,0.9999956049797617
test_079,max,0.0,2,0.0,0.0,0.9999956049797617
test_079,max,0.0,3,0.0,0.0,0.9999956049797617
test_079,max,0.0,4,0.0,0.0,0.9999956049797617
test_079,max,0.0,5,0.0,0.0,0.9999956049797617
test_079,max,0.0,6,0.0,0.0,0.9999956049797617
test_079,max,0.0,7,0.0,0.0,0.9999956049797617
test_079,max,0.0,8,0.0,0.0,0.9999956049797617
test_079,max,0.0,9,0.0,0.0,0.9999956049797617
test_079,abmil,0.0,0,0.05648000592965941,0.029060676556958164,0.7849540585901078
test_079,abmil,0.0,1,0.04921617314605492,0.025228922071507277,0.3806535343232161
test_079,abmil,0.0,2,0.04476892858466442,0.02289700140263088,0.4022080687936905
test_079,abmil,0.0,3,0.06270614831560613,0.032367907563989745,0.3923114053091623
test_079,abmil,0.0,4,0.044694807841974576,0.022858225928733888,0.727672097426532
test_079,abmil,0.0,5,0.06181669940332802,0.0318941450915905,0.4393632235121548
test_079,abmil,0.0,6,0.07434310491791128,0.03860662047729022,0.7097017065835568
test_079,abmil,0.0,7,0.03202016084201164,0.01627057361304659,0.9785529934897795
test_079,abmil,0.0,8,0.016751287847904237,0.008446387861120454,0.9773559798216664
test_079,abmil,0.0,9,0.04966089760219397,0.025462699046098887,0.3600923090594669
test_079,transmil,0.0,0,0.002742467479524145,0.0013731166035775254,0.9999656970264038
test_079,transmil,0.0,1,0.012081681058444206,0.006077554064131245,0.999206290040174
test_079,transmil,0.0,2,0.002742467479524145,0.0013731166035775254,0.9999625671243082
test_079,transmil,0.0,3,0.07091359485340333,0.03676019625881631,0.9999634945027069
test_079,transmil,0.0,4,0.006819108327465441,0.003421218995202856,0.9997767436776701
test_079,transmil,0.0,5,0.0287588481636586,0.014589208497837939,0.9998797986022249
test_079,transmil,0.0,6,7.412074268984176e-05,3.706174486694834e-05,0.969805438782957
test_079,transmil,0.0,7,0.0005929659415187341,0.00029657089898053754,0.9983256283283151
test_079,transmil,0.0,8,0.025275173257236036,0.012799339388934764,0.9996244217756848
test_079,transmil,0.0,9,0.0,0.0,0.9997002349597779
test_079,clam,0.0,0,0.034836749064225625,0.017727152717534795,0.36708593038918613
test_079,clam,0.0,1,0.059000111181114034,0.03039676175201436,0.94266113101436
test_079,clam,0.0,2,0.07345365600563318,0.03812711603570329,0.23012965965977852
test_079,clam,0.0,3,0.06455916688285217,0.0333563112745098,0.3520240010685371
test_079,clam,0.0,4,0.06952525664307156,0.03601459013246305,0.8852122417390195
test_079,clam,0.0,5,0.06240966534484676,0.032209938410925364,0.718941293492036
test_079,clam,0.0,6,0.06759811733313568,0.03498139695447049,0.4198669474364298
test_079,clam,0.0,7,0.07286069006411444,0.037807692307692306,0.7939634238111114
test_079,clam,0.0,8,0.05366341770744543,0.027571499295479644,0.9787908660490443
test_079,clam,0.0,9,0.06530037430975058,0.03375220289632978,0.4874111330570685
test_079,clam,0.05,0,0.043064151502798055,0.0220059086432846,0.983182118689156
test_079,clam,0.05,1,0.06856168698810362,0.035497735820093634,0.9718879828995222
test_079,clam,0.05,2,0.05907423192380388,0.03043611089895364,0.9809889846985467
test_079,clam,0.05,3,0.05774005855538673,0.029728285757899556,0.9471528882884299
test_079,clam,0.05,4,0.053218693251306376,0.027336759946697126,0.9380630729913397
test_079,clam,0.05,5,0.07241596560797539,0.03756825347996616,0.9703928750373791
test_079,clam,0.05,6,0.0718971204091465,0.037289047783800405,0.9882169719379607
test_079,clam,0.05,7,0.007337953526294333,0.0036824877250409165,0.9885883869866372
test_079,clam,0.05,8,0.04150761590631138,0.021193657041214092,0.9569269349603059
test_079,clam,0.05,9,0.03661564688878183,0.018649250632337952,0.9497210309190108
test_082,mean,0.0,0,0.0,0.0,0.9999922509130263
test_082,mean,0.0,1,0.0,0.0,0.9999922509130263
test_082,mean,0.0,2,0.0,0.0,0.9999922509130263
test_082,mean,0.0,3,0.0,0.0,0.9999922509130263
test_082,mean,0.0,4,0.0,0.0,0.9999922509130263
test_082,mean,0.0,5,0.0,0.0,0.9999922509130263
test_082,mean,0.0,6,0.0,0.0,0.9999922509130263
test_082,mean,0.0,7,0.0,0.0,0.9999922509130263
test_082,mean,0.0,8,0.0,0.0,0.9999922509130263
test_082,mean,0.0,9,0.0,0.0,0.9999922509130263
test_082,max,0.0,0,0.0,0.0,0.9999922509130263
test_082,max,0.0,1,0.0,0.0,0.9999922509130263
test_082,max,0.0,2,0.0,0.0,0.9999922509130263
test_082,max,0.0,3,0.0,0.0,0.9999922509130263
test_082,max,0.0,4,0.0,0.0,0.9999922509130263
test_082,max,0.0,5,0.0,0.0,0.9999922509130263
test_082,max,0.0,6,0.0,0.0,0.9999922509130263
test_082,max,0.0,7,0.0,0.0,0.9999922509130263
test_082,max,0.0,8,0.0,0.0,0.9999922509130263
test_082,max,0.0,9,0.0,0.0,0.9999922509130263
test_082,abmil,0.0,0,0.18161524112412464,0.09987723458284983,0.33973129038061833
test_082,abmil,0.0,1,0.12409406440170026,0.06615153886280647,0.2156342383479564
test_082,abmil,0.0,2,0.13030182563224366,0.06969136913037079,0.2766927217224733
test_082,abmil,0.0,3,0.1529005229197884,0.08277871593655839,0.33054437040358337
test_082,abmil,0.0,4,0.1630836977462463,0.08878123491318317,0.3167685241501702
test_082,abmil,0.0,5,0.1619216537720559,0.08809290099322874,0.30046130131291016
test_082,abmil,0.0,6,0.17476529769731813,0.09574949318947175,0.3199760175431651
test_082,abmil,0.0,7,0.24824928901256843,0.1417149640388241,0.3592360216496142
test_082,abmil,0.0,8,0.17033118253264426,0.09309399652359941,0.3460939505723342
test_082,abmil,0.0,9,0.13311519525396776,0.07130337925273142,0.303717289233966
test_082,transmil,0.0,0,0.00018348062750374607,9.174873080922381e-05,0.9707055499487184
test_082,transmil,0.0,1,0.10002752209412556,0.052646826865815774,0.9995349936601244
test_082,transmil,0.0,2,0.011284058591480383,0.005674042409238387,0.9923443103162137
test_082,transmil,0.0,3,0.15895538362741202,0.08633977808783469,0.6132634210416326
test_082,transmil,0.0,4,0.03067184489770955,0.0155747760058386,0.9706425097608774
test_082,transmil,0.0,5,0.0669092688296994,0.034612585819596926,0.994733144831492
test_082,transmil,0.0,6,0.010183174826457907,0.005117644346770351,0.9972841135285121
test_082,transmil,0.0,7,0.011039417754808722,0.005550345166894728,0.9821801594821153
test_082,transmil,0.0,8,0.1569370967248708,0.08515015762402522,0.9984887856112281
test_082,transmil,0.0,9,0.07330051068774655,0.038044599634949605,0.9896642387687521
test_082,clam,0.0,0,0.12718265496467998,0.06790980193654785,0.2793241638099651
test_082,clam,0.0,1,0.19173725574141465,0.10603395792464317,0.29422026874388246
test_082,clam,0.0,2,0.11504235344484878,0.06103179753406879,0.2752365635479376
test_082,clam,0.0,3,0.17959695422158345,0.0986577970400981,0.30507405656440123
test_082,clam,0.0,4,0.15721231766612642,0.0853122251539138,0.30234554446164214
test_082,clam,0.0,5,0.15681477630653498,0.08507814314629857,0.3150898362714662
test_082,clam,0.0,6,0.1362037858169475,0.07307869003084597,0.3134094752370917
test_082,clam,0.0,7,0.15002599308889636,0.08109627082782332,0.3073873292106919
test_082,clam,0.0,8,0.2707562459863613,0.1565749451793167,0.3424685190846928
test_082,clam,0.0,9,0.1091709733647289,0.05773709406132747,0.19103152318985125
test_082,clam,0.05,0,0.1551940307635852,0.08412485288510949,0.38038265835894625
test_082,clam,0.05,1,0.23020702730803339,0.1300756816532467,0.36598939067675934
test_082,clam,0.05,2,0.1732057123635363,0.09481402122602028,0.36190270795171237
test_082,clam,0.05,3,0.17415369560563898,0.09538245096889812,0.35396622896089447
test_082,clam,0.05,4,0.20149230910369714,0.11203305391665108,0.3629495097010079
test_082,clam,0.05,5,0.1604843888566099,0.08724274362469661,0.3529422307042041
test_082,clam,0.05,6,0.20821993211216783,0.1162084208011196,0.361338422708666
test_082,clam,0.05,7,0.2595027674994648,0.1490969147515637,0.44950166362813865
test_082,clam,0.05,8,0.11898718693617932,0.06325697842662288,0.39011848134141225
test_082,clam,0.05,9,0.14540839729671876,0.07840453773476017,0.38311834883925916
test_084,mean,0.0,0,0.0,0.0,0.9999971330141758
test_084,mean,0.0,1,0.0,0.0,0.9999971330141758
test_084,mean,0.0,2,0.0,0.0,0.9999971330141758
test_084,mean,0.0,3,0.0,0.0,0.9999971330141758
test_084,mean,0.0,4,0.0,0.0,0.9999971330141758
test_084,mean,0.0,5,0.0,0.0,0.9999971330141758
test_084,mean,0.0,6,0.0,0.0,0.9999971330141758
test_084,mean,0.0,7,0.0,0.0,0.9999971330141758
test_084,mean,0.0,8,0.0,0.0,0.9999971330141758
test_084,mean,0.0,9,0.0,0.0,0.9999971330141758
test_084,max,0.0,0,0.0,0.0,0.9999971330141758
test_084,max,0.0,1,0.0,0.0,0.9999971330141758
test_084,max,0.0,2,0.0,0.0,0.9999971330141758
test_084,max,0.0,3,0.0,0.0,0.9999971330141758
test_084,max,0.0,4,0.0,0.0,0.9999971330141758
test_084,max,0.0,5,0.0,0.0,0.9999971330141758
test_084,max,0.0,6,0.0,0.0,0.9999971330141758
test_084,max,0.0,7,0.0,0.0,0.9999971330141758
test_084,max,0.0,8,0.0,0.0,0.9999971330141758
test_084,max,0.0,9,0.0,0.0,0.9999971330141758
test_084,abmil,0.0,0,0.013349592452345805,0.006719648510693287,0.6265938695656313
test_084,abmil,0.0,1,0.013349592452345805,0.006719648510693287,0.44100383054674963
test_084,abmil,0.0,2,0.006931519157948784,0.003477812842145939,0.0928841379934284
test_084,abmil,0.0,3,0.013349592452345805,0.006719648510693287,0.29629971337609756
test_084,abmil,0.0,4,0.013349592452345805,0.006719648510693287,0.6138368020548216
test_084,abmil,0.0,5,0.006931519157948784,0.003477812842145939,0.16369754624307076
test_084,abmil,0.0,6,0.012579423657018163,0.006329522702318672,0.6452144850251571
test_084,abmil,0.0,7,0.029908221551890123,0.015181131091998958,0.9392860662576243
test_084,abmil,0.0,8,0.008215133816828188,0.004124508603467165,0.9653901610056793
test_084,abmil,0.0,9,0.012579423657018163,0.006329522702318672,0.34082179303934024
test_084,transmil,0.0,0,0.0,0.0,0.9999674526170802
test_084,transmil,0.0,1,0.007059880623836725,0.003542444931083344,0.9990656013844985
test_084,transmil,0.0,2,0.0,0.0,0.9999432754602794
test_084,transmil,0.0,3,0.03606957191451127,0.018366013071895424,0.9999743780430692
test_084,transmil,0.0,4,0.0,0.0,0.9996733693491914
test_084,transmil,0.0,5,0.007059880623836725,0.003542444931083344,0.9998162680943745
test_084,transmil,0.0,6,0.0,0.0,0.9938353589088097
test_084,transmil,0.0,7,0.0,0.0,0.998679879890577
test_084,transmil,0.0,8,0.007059880623836725,0.003542444931083344,0.9994780970699666
test_084,transmil,0.0,9,0.0,0.0,0.999496399981509
test_084,clam,0.0,0,0.019382581349079008,0.009786130913804278,0.41916641654950726
test_084,clam,0.0,1,0.00872857968037995,0.004383420357119835,0.9466210198923544
test_084,clam,0.0,2,0.013349592452345805,0.006719648510693287,0.30514134908547286
test_084,clam,0.0,3,0.029779860086002183,0.01511499120463874,0.41500204041743355
test_084,clam,0.0,4,0.013349592452345805,0.006719648510693287,0.7919523277384634
test_084,clam,0.0,5,0.013349592452345805,0.006719648510693287,0.6387369856956866
test_084,clam,0.0,6,0.00885694114626789,0.004448169159360495,0.3677435827273788
test_084,clam,0.0,7,0.007701687953276426,0.003865730300882675,0.6120615433035415
test_084,clam,0.0,8,0.017200436428984018,0.008674823590341166,0.8995700467282459
test_084,clam,0.0,9,0.013349592452345805,0.006719648510693287,0.4173353215511911
test_084,clam,0.05,0,0.013349592452345805,0.006719648510693287,0.9819489163794707
test_084,clam,0.05,1,0.029779860086002183,0.01511499120463874,0.9391614085898228
test_084,clam,0.05,2,0.012579423657018163,0.006329522702318672,0.9685672001781199
test_084,clam,0.05,3,0.012579423657018163,0.006329522702318672,0.9539943725408268
test_084,clam,0.05,4,0.021179641871510172,0.010703165542293721,0.9326785915225394
test_084,clam,0.05,5,0.012579423657018163,0.006329522702318672,0.9626037282258487
test_084,clam,0.05,6,0.0007701687953276426,0.0003852327447833066,0.9874092437668109
test_084,clam,0.05,7,0.008215133816828188,0.004124508603467165,0.9773760946994492
test_084,clam,0.05,8,0.012579423657018163,0.006329522702318672,0.9479464351251543
test_084,clam,0.05,9,0.020794557473846353,0.01050651793242104,0.9651531506680389
test_090,mean,0.0,0,0.0,0.0,0.9999868926537995
test_090,mean,0.0,1,0.0,0.0,0.9999868926537995
test_090,mean,0.0,2,0.0,0.0,0.9999868926537995
test_090,mean,0.0,3,0.0,0.0,0.9999868926537995
test_090,mean,0.0,4,0.0,0.0,0.9999868926537995
test_090,mean,0.0,5,0.0,0.0,0.9999868926537995
test_090,mean,0.0,6,0.0,0.0,0.9999868926537995
test_090,mean,0.0,7,0.0,0.0,0.9999868926537995
test_090,mean,0.0,8,0.0,0.0,0.9999868926537995
test_090,mean,0.0,9,0.0,0.0,0.9999868926537995
test_090,max,0.0,0,0.0,0.0,0.9999868926537995
test_090,max,0.0,1,0.0,0.0,0.9999868926537995
test_090,max,0.0,2,0.0,0.0,0.9999868926537995
test_090,max,0.0,3,0.0,0.0,0.9999868926537995
test_090,max,0.0,4,0.0,0.0,0.9999868926537995
test_090,max,0.0,5,0.0,0.0,0.9999868926537995
test_090,max,0.0,6,0.0,0.0,0.9999868926537995
test_090,max,0.0,7,0.0,0.0,0.9999868926537995
test_090,max,0.0,8,0.0,0.0,0.9999868926537995
test_090,max,0.0,9,0.0,0.0,0.9999868926537995
test_090,abmil,0.0,0,0.24943019110513703,0.14248514388729386,0.7698464931375949
test_090,abmil,0.0,1,0.24935121551333345,0.14243360388614407,0.7379773670195154
test_090,abmil,0.0,2,0.24943019110513703,0.14248514388729386,0.759950220484712
test_090,abmil,0.0,3,0.2493480564896613,0.14243154238282132,0.7793719402907335
test_090,abmil,0.0,4,0.24943019110513703,0.14248514388729386,0.7677905021263177
test_090,abmil,0.0,5,0.24943335012880918,0.1424872055840678,0.7819966215135351
test_090,abmil,0.0,6,0.24943019110513703,0.14248514388729386,0.7657994030466093
test_090,abmil,0.0,7,0.24943650915248133,0.1424892672882827,0.7787711078198127
test_090,abmil,0.0,8,0.24943966817615348,0.14249132899993863,0.7530442409280477
test_090,abmil,0.0,9,0.24935753356067775,0.1424377269151094,0.7656561548669374
test_090,transmil,0.0,0,0.03128065240156877,0.01588883272759365,0.9468429315856033
test_090,transmil,0.0,1,0.23906543443683295,0.13576054392479772,0.999054412807186
test_090,transmil,0.0,2,0.02266599484763239,0.011462906513806612,0.9678593123995346
test_090,transmil,0.0,3,0.2497777286473426,0.142712004489751,0.9999860827700982
test_090,transmil,0.0,4,0.01349850815107083,0.006795116040163223,0.9412083682045572
test_090,transmil,0.0,5,0.04466227667677028,0.02284120852579047,0.9596796894870735
test_090,transmil,0.0,6,0.005521973378907515,0.0027686308423575177,0.9974926533246427
test_090,transmil,0.0,7,0.009890903117482511,0.0049700306043404825,0.9295286304058931
test_090,transmil,0.0,8,0.17907873392649268,0.09834512741599427,0.9913385495491963
test_090,transmil,0.0,9,0.023357821031831903,0.011816919258509893,0.8378360273929363
test_090,clam,0.0,0,0.24935753356067775,0.1424377269151094,0.7397681211186086
test_090,clam,0.0,1,0.24935121551333345,0.14243360388614407,0.7158372219522638
test_090,clam,0.0,2,0.24930698918192343,0.14240474351664056,0.7649851662203893
test_090,clam,0.0,3,0.24943335012880918,0.1424872055840678,0.7794756560222346
test_090,clam,0.0,4,0.24943650915248133,0.1424892672882827,0.7486498625823874
test_090,clam,0.0,5,0.24943650915248133,0.1424892672882827,0.7766703707340373
test_090,clam,0.0,6,0.24935753356067775,0.1424377269151094,0.770349582769312
test_090,clam,0.0,7,0.2493480564896613,0.14243154238282132,0.7497079250204377
test_090,clam,0.0,8,0.24943019110513703,0.14248514388729386,0.7861969820949966
test_090,clam,0.0,9,0.24941439598677634,0.14247483551503734,0.7311800131142915
test_090,clam,0.05,0,0.24943019110513703,0.14248514388729386,0.7998535447731333
test_090,clam,0.05,1,0.24943335012880918,0.1424872055840678,0.8011777046248004
test_090,clam,0.05,2,0.24943335012880918,0.1424872055840678,0.7866224747445805
test_090,clam,0.05,3,0.2493480564896613,0.14243154238282132,0.7905675701069305
test_090,clam,0.05,4,0.2493543745370056,0.14243566539690675,0.8071565191966411
test_090,clam,0.05,5,0.2494270320814649,0.14248308219796085,0.7769018962371538
test_090,clam,0.05,6,0.24943335012880918,0.1424872055840678,0.7885968193552177
test_090,clam,0.05,7,0.24943650915248133,0.1424892672882827,0.7982314995725726
test_090,clam,0.05,8,0.24943335012880918,0.1424872055840678,0.8112582258197348
test_090,clam,0.05,9,0.24935753356067775,0.1424377269151094,0.7975639529317552
test_092,mean,0.0,0,0.0,0.0,0.999991956721724
test_092,mean,0.0,1,0.0,0.0,0.999991956721724
test_092,mean,0.0,2,0.0,0.0,0.999991956721724
test_092,mean,0.0,3,0.0,0.0,0.999991956721724
test_092,mean,0.0,4,0.0,0.0,0.999991956721724
test_092,mean,0.0,5,0.0,0.0,0.999991956721724
test_092,mean,0.0,6,0.0,0.0,0.999991956721724
test_092,mean,0.0,7,0.0,0.0,0.999991956721724
test_092,mean,0.0,8,0.0,0.0,0.999991956721724
test_092,mean,0.0,9,0.0,0.0,0.999991956721724
test_092,max,0.0,0,0.0,0.0,0.999991956721724
test_092,max,0.0,1,0.0,0.0,0.999991956721724
test_092,max,0.0,2,0.0,0.0,0.999991956721724
test_092,max,0.0,3,0.0,0.0,0.999991956721724
test_092,max,0.0,4,0.0,0.0,0.999991956721724
test_092,max,0.0,5,0.0,0.0,0.999991956721724
test_092,max,0.0,6,0.0,0.0,0.999991956721724
test_092,max,0.0,7,0.0,0.0,0.999991956721724
test_092,max,0.0,8,0.0,0.0,0.999991956721724
test_092,max,0.0,9,0.0,0.0,0.999991956721724
test_092,abmil,0.0,0,0.08660002019590023,0.045259758079837877,0.6446959684703242
test_092,abmil,0.0,1,0.05707361405634656,0.029375077959336412,0.3449032391209186
test_092,abmil,0.0,2,0.07811774209835404,0.040646476534751265,0.296756057329513
test_092,abmil,0.0,3,0.07395738665050995,0.038398624276486874,0.4650035263549628
test_092,abmil,0.0,4,0.07165505402403312,0.03715883622043945,0.4821142836438712
test_092,abmil,0.0,5,0.10728062203372715,0.056680680338889004,0.21289091500494248
test_092,abmil,0.0,6,0.09685953751388468,0.050894581573529725,0.39723792267341385
test_092,abmil,0.0,7,0.08664041199636474,0.04528182393920203,0.9105709362346855
test_092,abmil,0.0,8,0.10849237604766232,0.057357620278032845,0.9508172158211399
test_092,abmil,0.0,9,0.0488336867615874,0.025027946838902,0.46110036742188265
test_092,transmil,0.0,0,0.0332424517822882,0.016902160519181794,0.9991902418500669
test_092,transmil,0.0,1,0.02294254266383924,0.011604388420127893,0.9991473464583249
test_092,transmil,0.0,2,0.02924366353630213,0.014838802238117685,0.9945159310119457
test_092,transmil,0.0,3,0.004402706250631122,0.0022062097720924583,0.9738101109411437
test_092,transmil,0.0,4,0.04705644754114915,0.024095139607032058,0.9984328164703832
test_092,transmil,0.0,5,0.015066141573260628,0.007590248667127915,0.998108527308814
test_092,transmil,0.0,6,0.007795617489649601,0.003913061108633064,0.9694002501931116
test_092,transmil,0.0,7,0.01975159042714329,0.009974299351364582,0.9987473469303311
test_092,transmil,0.0,8,0.07541149146723215,0.0391831766286098,0.9995554961107496
test_092,transmil,0.0,9,0.06333434312834495,0.03270277598181325,0.9965797355471306
test_092,clam,0.0,0,0.03659497122084217,0.018638523730173426,0.3762590734341743
test_092,clam,0.0,1,0.10804806624255277,0.05710930828351836,0.14483275134690346
test_092,clam,0.0,2,0.06616176916086035,0.0342126699667899,0.34830232358179103
test_092,clam,0.0,3,0.08728668080379683,0.04563500443468345,0.1753722059264502
test_092,clam,0.0,4,0.07779460769463799,0.04047153754018786,0.8034204996713401
test_092,clam,0.0,5,0.09007371503584773,0.04716083324521519,0.13408319298598856
test_092,clam,0.0,6,0.09722306371806523,0.05109535535365543,0.09565578524787265
test_092,clam,0.0,7,0.08151065333737251,0.042486893909088996,0.22158157499110293
test_092,clam,0.0,8,0.1011814601635868,0.053286534779834076,0.5390112674428015
test_092,clam,0.0,9,0.042532565889124505,0.021728364491766745,0.5343969029146397
test_092,clam,0.05,0,0.0955669998990205,0.05018134000721118,0.7767312014064525
test_092,clam,0.05,1,0.10497828940725033,0.05539687952937164,0.5269635604796757
test_092,clam,0.05,2,0.08979097243259618,0.047005836082212635,0.9173297486345072
test_092,clam,0.05,3,0.10025244875290316,0.052771458337762846,0.5354914324541754
test_092,clam,0.05,4,0.09447642128647885,0.04958029506528743,0.5011624649200449
test_092,clam,0.05,5,0.09673836211249116,0.0508276740237691,0.7017033006645106
test_092,clam,0.05,6,0.109744521862062,0.058058036668233684,0.736499077299273
test_092,clam,0.05,7,0.09092194284560234,0.04762610020311442,0.9545382838162754
test_092,clam,0.05,8,0.09673836211249116,0.0508276740237691,0.7620483232901388
test_092,clam,0.05,9,0.10069675855801272,0.053017736378716346,0.7125657007153267
test_094,mean,0.0,0,0.0,0.0,0.9999941900590897
test_094,mean,0.0,1,0.0,0.0,0.9999941900590897
test_094,mean,0.0,2,0.0,0.0,0.9999941900590897
test_094,mean,0.0,3,0.0,0.0,0.9999941900590897
test_094,mean,0.0,4,0.0,0.0,0.9999941900590897
test_094,mean,0.0,5,0.0,0.0,0.9999941900590897
test_094,mean,0.0,6,0.0,0.0,0.9999941900590897
test_094,mean,0.0,7,0.0,0.0,0.9999941900590897
test_094,mean,0.0,8,0.0,0.0,0.9999941900590897
test_094,mean,0.0,9,0.0,0.0,0.9999941900590897
test_094,max,0.0,0,0.0,0.0,0.9999941900590897
test_094,max,0.0,1,0.0,0.0,0.9999941900590897
test_094,max,0.0,2,0.0,0.0,0.9999941900590897
test_094,max,0.0,3,0.0,0.0,0.9999941900590897
test_094,max,0.0,4,0.0,0.0,0.9999941900590897
test_094,max,0.0,5,0.0,0.0,0.9999941900590897
test_094,max,0.0,6,0.0,0.0,0.9999941900590897
test_094,max,0.0,7,0.0,0.0,0.9999941900590897
test_094,max,0.0,8,0.0,0.0,0.9999941900590897
test_094,max,0.0,9,0.0,0.0,0.9999941900590897
test_094,abmil,0.0,0,0.23292643866329762,0.1318147946750448,0.36299528549876675
test_094,abmil,0.0,1,0.0803231431723549,0.04184201256928867,0.12389224484724594
test_094,abmil,0.0,2,0.15997010569771167,0.08693886234841305,0.21149012347737678
test_094,abmil,0.0,3,0.11964838606356099,0.06363085774850481,0.2848352974076285
test_094,abmil,0.0,4,0.19765827965408023,0.10966748282126214,0.22787963317312152
test_094,abmil,0.0,5,0.3351720701804335,0.2013253527148354,0.18291247785235845
test_094,abmil,0.0,6,0.2500088971137763,0.14286295324670042,0.2571130379898948
test_094,abmil,0.0,7,0.505106943307591,0.33788834662540174,0.5543217632000489
test_094,abmil,0.0,8,0.4943948183209367,0.3283694984163003,0.5388636874311789
test_094,abmil,0.0,9,0.06964660664080573,0.03607971829427924,0.13794463590210213
test_094,transmil,0.0,0,0.44467774653902276,0.28590714596251976,0.9993489264895888
test_094,transmil,0.0,1,0.4995551443111855,0.33293802329166766,0.9995018346738834
test_094,transmil,0.0,2,0.1330296451831026,0.07125428898208158,0.9975151493057989
test_094,transmil,0.0,3,0.006904160290401794,0.003464038282979787,0.7975995812348122
test_094,transmil,0.0,4,0.42286202355955727,0.26811986641393626,0.9916611424261366
test_094,transmil,0.0,5,0.2210043062030677,0.12422981515563736,0.9969335601121625
test_094,transmil,0.0,6,0.05042884088401722,0.025866632591591974,0.9705916501814262
test_094,transmil,0.0,7,0.25819424178796396,0.1482336595631653,0.9951873351951863
test_094,transmil,0.0,8,0.580661233495854,0.40910686525249484,0.9989962511612968
test_094,transmil,0.0,9,0.3755649667247945,0.2311972833826268,0.9922028230320831
test_094,clam,0.0,0,0.06391686536887434,0.03301349215102386,0.2258201650787516
test_094,clam,0.0,1,0.3777002740311043,0.2328178128770429,0.10835118499961925
test_094,clam,0.0,2,0.1501832805437916,0.08118819500557928,0.13668935107280533
test_094,clam,0.0,3,0.2706146126196662,0.15648022389595423,0.17003590477258954
test_094,clam,0.0,4,0.19495355706608777,0.10800473186119874,0.23615595680222357
test_094,clam,0.0,5,0.20545215132211112,0.11448686167575607,0.20450124416098023
test_094,clam,0.0,6,0.14765650023132496,0.07971334703836769,0.13848868467915806
test_094,clam,0.0,7,0.11580483291220328,0.06146116651556362,0.16995910035927225
test_094,clam,0.0,8,0.568952631766255,0.3975777772251374,0.3188131158429592
test_094,clam,0.0,9,0.08046549699277554,0.04191927619259506,0.15428409170907306
test_094,clam,0.05,0,0.285561763763835,0.1665628762402956,0.4881074187242897
test_094,clam,0.05,1,0.5346809494999822,0.3648904648564628,0.41301809377838833
test_094,clam,0.05,2,0.2960959464749635,0.1737750114875308,0.4932426786658257
test_094,clam,0.05,3,0.31417488166838675,0.18636267679966223,0.35846546461612266
test_094,clam,0.05,4,0.3359550161927471,0.20189058556824502,0.37529932168393293
test_094,clam,0.05,5,0.2685504822235667,0.15510153744964236,0.49207619324670804
test_094,clam,0.05,6,0.5627602405779565,0.39155627089265815,0.4217677713724344
test_094,clam,0.05,7,0.6953984127549023,0.53303508101915,0.6886715013452351
test_094,clam,0.05,8,0.2320723157407737,0.13126799122330254,0.6222884421939896
test_094,clam,0.05,9,0.3640343072707214,0.2225195240270617,0.5212015590146442
test_097,mean,0.0,0,0.0,0.0,0.9999913697135316
test_097,mean,0.0,1,0.0,0.0,0.9999913697135316
test_097,mean,0.0,2,0.0,0.0,0.9999913697135316
test_097,mean,0.0,3,0.0,0.0,0.9999913697135316
test_097,mean,0.0,4,0.0,0.0,0.9999913697135316
test_097,mean,0.0,5,0.0,0.0,0.9999913697135316
test_097,mean,0.0,6,0.0,0.0,0.9999913697135316
test_097,mean,0.0,7,0.0,0.0,0.9999913697135316
test_097,mean,0.0,8,0.0,0.0,0.9999913697135316
test_097,mean,0.0,9,0.0,0.0,0.9999913697135316
test_097,max,0.0,0,0.0,0.0,0.9999913697135316
test_097,max,0.0,1,0.0,0.0,0.9999913697135316
test_097,max,0.0,2,0.0,0.0,0.9999913697135316
test_097,max,0.0,3,0.0,0.0,0.9999913697135316
test_097,max,0.0,4,0.0,0.0,0.9999913697135316
test_097,max,0.0,5,0.0,0.0,0.9999913697135316
test_097,max,0.0,6,0.0,0.0,0.9999913697135316
test_097,max,0.0,7,0.0,0.0,0.9999913697135316
test_097,max,0.0,8,0.0,0.0,0.9999913697135316
test_097,max,0.0,9,0.0,0.0,0.9999913697135316
test_097,abmil,0.0,0,0.0041886471855057,0.0020987189894470073,0.6490178270249503
test_097,abmil,0.0,1,0.0041886471855057,0.0020987189894470073,0.5811430541485821
test_097,abmil,0.0,2,0.0041886471855057,0.0020987189894470073,0.17461064159844558
test_097,abmil,0.0,3,0.0041886471855057,0.0020987189894470073,0.39402854538823046
test_097,abmil,0.0,4,0.0041886471855057,0.0020987189894470073,0.7299629369037507
test_097,abmil,0.0,5,0.0041886471855057,0.0020987189894470073,0.34215554244671265
test_097,abmil,0.0,6,0.0041886471855057,0.0020987189894470073,0.5406481263208793
test_097,abmil,0.0,7,0.0041886471855057,0.0020987189894470073,0.9226829967423321
test_097,abmil,0.0,8,0.0041886471855057,0.0020987189894470073,0.9755750555177943
test_097,abmil,0.0,9,0.0041886471855057,0.0020987189894470073,0.4000937238083346
test_097,transmil,0.0,0,0.0,0.0,0.9999824418151115
test_097,transmil,0.0,1,0.0,0.0,0.9995562409500597
test_097,transmil,0.0,2,0.0,0.0,0.9999681996914415
test_097,transmil,0.0,3,0.00237093236915417,0.001186873182600439,0.9999666054238665
test_097,transmil,0.0,4,0.0,0.0,0.9996759173026902
test_097,transmil,0.0,5,0.0,0.0,0.999875625887586
test_097,transmil,0.0,6,0.0,0.0,0.9970492020461087
test_097,transmil,0.0,7,0.0,0.0,0.9990144025435673
test_097,transmil,0.0,8,0.0,0.0,0.9995948222253749
test_097,transmil,0.0,9,0.0,0.0,0.9998394891558859
test_097,clam,0.0,0,0.0041886471855057,0.0020987189894470073,0.4248077940448306
test_097,clam,0.0,1,0.0033193053168158377,0.0016624116843792674,0.915594351681326
test_097,clam,0.0,2,0.0041886471855057,0.0020987189894470073,0.2790374263071354
test_097,clam,0.0,3,0.0041886471855057,0.0020987189894470073,0.30146691110864643
test_097,clam,0.0,4,0.0041886471855057,0.0020987189894470073,0.8595113663544871
test_097,clam,0.0,5,0.0041886471855057,0.0020987189894470073,0.7157295817053507
test_097,clam,0.0,6,0.0041886471855057,0.0020987189894470073,0.37994478563061856
test_097,clam,0.0,7,0.0041886471855057,0.0020987189894470073,0.34348420504372346
test_097,clam,0.0,8,0.004425740422421117,0.002217777865784836,0.8541171088721985
test_097,clam,0.0,9,0.0041886471855057,0.0020987189894470073,0.4298410562058852
test_097,clam,0.05,0,0.0041886471855057,0.0020987189894470073,0.9841014110779418
test_097,clam,0.05,1,0.0041886471855057,0.0020987189894470073,0.9259835557606165
test_097,clam,0.05,2,0.0041886471855057,0.0020987189894470073,0.9811967618407841
test_097,clam,0.05,3,0.0041886471855057,0.0020987189894470073,0.9740001317226975
test_097,clam,0.05,4,0.0041886471855057,0.0020987189894470073,0.9269709388120709
test_097,clam,0.05,5,0.0041886471855057,0.0020987189894470073,0.9873785875051262
test_097,clam,0.05,6,0.0041886471855057,0.0020987189894470073,0.9871891885172154
test_097,clam,0.05,7,0.0041886471855057,0.0020987189894470073,0.991442056700304
test_097,clam,0.05,8,0.0041886471855057,0.0020987189894470073,0.9755450832873842
test_097,clam,0.05,9,0.0041886471855057,0.0020987189894470073,0.9834004647674637
test_099,mean,0.0,0,0.0,0.0,0.9999933030861341
test_099,mean,0.0,1,0.0,0.0,0.9999933030861341
test_099,mean,0.0,2,0.0,0.0,0.9999933030861341
test_099,mean,0.0,3,0.0,0.0,0.9999933030861341
test_099,mean,0.0,4,0.0,0.0,0.9999933030861341
test_099,mean,0.0,5,0.0,0.0,0.9999933030861341
test_099,mean,0.0,6,0.0,0.0,0.9999933030861341
test_099,mean,0.0,7,0.0,0.0,0.9999933030861341
test_099,mean,0.0,8,0.0,0.0,0.9999933030861341
test_099,mean,0.0,9,0.0,0.0,0.9999933030861341
test_099,max,0.0,0,0.0,0.0,0.9999933030861341
test_099,max,0.0,1,0.0,0.0,0.9999933030861341
test_099,max,0.0,2,0.0,0.0,0.9999933030861341
test_099,max,0.0,3,0.0,0.0,0.9999933030861341
test_099,max,0.0,4,0.0,0.0,0.9999933030861341
test_099,max,0.0,5,0.0,0.0,0.9999933030861341
test_099,max,0.0,6,0.0,0.0,0.9999933030861341
test_099,max,0.0,7,0.0,0.0,0.9999933030861341
test_099,max,0.0,8,0.0,0.0,0.9999933030861341
test_099,max,0.0,9,0.0,0.0,0.9999933030861341
test_099,abmil,0.0,0,0.0005894962486602357,0.00029483502640113645,0.8226743542607748
test_099,abmil,0.0,1,0.0019292604501607716,0.0009655616350177019,0.47708507814284434
test_099,abmil,0.0,2,0.0001607717041800643,8.03923144947343e-05,0.45746035650514116
test_099,abmil,0.0,3,0.00037513397642015007,0.00018760217618524376,0.4242987108784943
test_099,abmil,0.0,4,0.0019828510182207932,0.0009924094091140734,0.7283068887229879
test_099,abmil,0.0,5,0.0014469453376205787,0.0007239964604617489,0.23776749389115848
test_099,abmil,0.0,6,0.0005894962486602357,0.00029483502640113645,0.6502729467555582
test_099,abmil,0.0,7,0.0015541264737406217,0.0007776675337212732,0.971569899951415
test_099,abmil,0.0,8,0.00021436227224008573,0.00010719262514738985,0.9837143559004314
test_099,abmil,0.0,9,0.0010718113612004287,0.0005361930294906167,0.34084311124758526
test_099,transmil,0.0,0,0.0,0.0,0.9999693158848142
test_099,transmil,0.0,1,0.0,0.0,0.9992928327943778
test_099,transmil,0.0,2,0.0,0.0,0.9999733871070565
test_099,transmil,0.0,3,0.0019828510182207932,0.0009924094091140734,0.9996421876759873
test_099,transmil,0.0,4,0.0,0.0,0.9998360658811514
test_099,transmil,0.0,5,0.0,0.0,0.9999151796322938
test_099,transmil,0.0,6,0.0,0.0,0.9888938308570061
test_099,transmil,0.0,7,0.0,0.0,0.9986497997461491
test_099,transmil,0.0,8,0.00021399529210357372,0.00010700909577314071,0.999767625334266
test_099,transmil,0.0,9,0.0,0.0,0.9998305642294725
test_099,clam,0.0,0,0.0010718113612004287,0.0005361930294906167,0.4068998199687783
test_099,clam,0.0,1,0.0014469453376205787,0.0007239964604617489,0.9588912336243782
test_099,clam,0.0,2,0.0019292604501607716,0.0009655616350177019,0.44970808915745014
test_099,clam,0.0,3,0.0019292604501607716,0.0009655616350177019,0.41524095660391935
test_099,clam,0.0,4,0.0019828510182207932,0.0009924094091140734,0.889194549627656
test_099,clam,0.0,5,0.0010182207931404073,0.0005093697219913675,0.7586662130504751
test_099,clam,0.0,6,0.0019828510182207932,0.0009924094091140734,0.4067335325467838
test_099,clam,0.0,7,0.0005359056806002144,0.0002680246582685607,0.7884102326541952
test_099,clam,0.0,8,0.00021436227224008573,0.00010719262514738985,0.980694609326922
test_099,clam,0.0,9,0.0010182207931404073,0.0005093697219913675,0.4836583415357491
test_099,clam,0.05,0,0.0007502679528403001,0.0003752747547311424,0.9927523592454791
test_099,clam,0.05,1,0.0010718113612004287,0.0005361930294906167,0.9787838856988433
test_099,clam,0.05,2,0.0010182207931404073,0.0005093697219913675,0.989571744376879
test_099,clam,0.05,3,0.0005894962486602357,0.00029483502640113645,0.9753420524085294
test_099,clam,0.05,4,0.0019828510182207932,0.0009924094091140734,0.9717910663489063
test_099,clam,0.05,5,0.002733118971061093,0.0013684295258794173,0.9832179968859619
test_099,clam,0.05,6,0.00021436227224008573,0.00010719262514738985,0.9917253109100639
test_099,clam,0.05,7,0.00021436227224008573,0.00010719262514738985,0.9933712950593543
test_099,clam,0.05,8,0.0005359056806002144,0.0002680246582685607,0.9753114632251948
test_099,clam,0.05,9,0.0009646302250803858,0.00048254785266205565,0.9760770730728292
test_102,mean,0.0,0,0.0,0.0,0.9999979787112167
test_102,mean,0.0,1,0.0,0.0,0.9999979787112167
test_102,mean,0.0,2,0.0,0.0,0.9999979787112167
test_102,mean,0.0,3,0.0,0.0,0.9999979787112167
test_102,mean,0.0,4,0.0,0.0,0.9999979787112167
test_102,mean,0.0,5,0.0,0.0,0.9999979787112167
test_102,mean,0.0,6,0.0,0.0,0.9999979787112167
test_102,mean,0.0,7,0.0,0.0,0.9999979787112167
test_102,mean,0.0,8,0.0,0.0,0.9999979787112167
test_102,mean,0.0,9,0.0,0.0,0.9999979787112167
test_102,max,0.0,0,0.0,0.0,0.9999979787112167
test_102,max,0.0,1,0.0,0.0,0.9999979787112167
test_102,max,0.0,2,0.0,0.0,0.9999979787112167
test_102,max,0.0,3,0.0,0.0,0.9999979787112167
test_102,max,0.0,4,0.0,0.0,0.9999979787112167
test_102,max,0.0,5,0.0,0.0,0.9999979787112167
test_102,max,0.0,6,0.0,0.0,0.9999979787112167
test_102,max,0.0,7,0.0,0.0,0.9999979787112167
test_102,max,0.0,8,0.0,0.0,0.9999979787112167
test_102,max,0.0,9,0.0,0.0,0.9999979787112167
test_102,abmil,0.0,0,0.009855564995751912,0.004952185792349727,0.656720201451643
test_102,abmil,0.0,1,0.0,0.0,0.45569041691663104
test_102,abmil,0.0,2,0.009855564995751912,0.004952185792349727,0.05929892863462214
test_102,abmil,0.0,3,0.0005097706032285472,0.00025495028469448456,0.43620120437887544
test_102,abmil,0.0,4,0.0005097706032285472,0.00025495028469448456,0.6904370837893702
test_102,abmil,0.0,5,0.011214953271028037,0.005639097744360902,0.3869262920260772
test_102,abmil,0.0,6,0.0005097706032285472,0.00025495028469448456,0.5272618980785362
test_102,abmil,0.0,7,0.05369583687340697,0.02758861533088877,0.9134627354654828
test_102,abmil,0.0,8,0.09685641461342395,0.05089285714285714,0.9512509226553532
test_102,abmil,0.0,9,0.0,0.0,0.3979399202140009
test_102,transmil,0.0,0,0.1308411214953271,0.07,0.9999855408496904
test_102,transmil,0.0,1,0.0875106202209006,0.04575744113727232,0.9991760324516133
test_102,transmil,0.0,2,0.11724723874256585,0.06227436823104693,0.999942662958639
test_102,transmil,0.0,3,0.1622769753610875,0.08830328247803976,0.9999859990866939
test_102,transmil,0.0,4,0.18742565845369583,0.103403018655667,0.9997763883887607
test_102,transmil,0.0,5,0.1395072217502124,0.0749840168051877,0.9999007015415949
test_102,transmil,0.0,6,0.08971962616822429,0.046966731898238745,0.9961870834019775
test_102,transmil,0.0,7,0.12574341546304163,0.06708975521305531,0.9980732523712312
test_102,transmil,0.0,8,0.11418861512319456,0.06055145071183997,0.9995316898288373
test_102,transmil,0.0,9,0.17264231096006796,0.09447647387018784,0.9997886953254288
test_102,clam,0.0,0,0.0,0.0,0.38435100006583556
test_102,clam,0.0,1,0.08190314358538657,0.04270021261516655,0.9649099203338549
test_102,clam,0.0,2,0.009855564995751912,0.004952185792349727,0.3561557426966509
test_102,clam,0.0,3,0.009855564995751912,0.004952185792349727,0.4850078312452072
test_102,clam,0.0,4,0.0,0.0,0.8519444177319521
test_102,clam,0.0,5,0.0,0.0,0.7475128592354113
test_102,clam,0.0,6,0.0,0.0,0.5236671924413534
test_102,clam,0.0,7,0.0005097706032285472,0.00025495028469448456,0.7427708263348535
test_102,clam,0.0,8,0.10127442650807136,0.05333810631823877,0.8859614453070385
test_102,clam,0.0,9,0.0013593882752761257,0.0006801564359802754,0.4685627853160214
test_102,clam,0.05,0,0.0,0.0,0.9820631715521072
test_102,clam,0.05,1,0.041461342395921835,0.021169529758806177,0.9516806180398734
test_102,clam,0.05,2,0.009345794392523364,0.004694835680751174,0.9771677601802009
test_102,clam,0.05,3,0.009345794392523364,0.004694835680751174,0.9627949601749458
test_102,clam,0.05,4,0.05063721325403568,0.025976290097629008,0.9374163547420427
test_102,clam,0.05,5,0.0,0.0,0.9743703541980706
test_102,clam,0.05,6,0.009345794392523364,0.004694835680751174,0.980173598536541
test_102,clam,0.05,7,0.19286321155480035,0.10672308415608839,0.9640130850553773
test_102,clam,0.05,8,0.009345794392523364,0.004694835680751174,0.953869747130937
test_102,clam,0.05,9,0.009345794392523364,0.004694835680751174,0.9790097420098217
test_104,mean,0.0,0,0.0,0.0,0.9999910838958951
test_104,mean,0.0,1,0.0,0.0,0.9999910838958951
test_104,mean,0.0,2,0.0,0.0,0.9999910838958951
test_104,mean,0.0,3,0.0,0.0,0.9999910838958951
test_104,mean,0.0,4,0.0,0.0,0.9999910838958951
test_104,mean,0.0,5,0.0,0.0,0.9999910838958951
test_104,mean,0.0,6,0.0,0.0,0.9999910838958951
test_104,mean,0.0,7,0.0,0.0,0.9999910838958951
test_104,mean,0.0,8,0.0,0.0,0.9999910838958951
test_104,mean,0.0,9,0.0,0.0,0.9999910838958951
test_104,max,0.0,0,0.0,0.0,0.9999910838958951
test_104,max,0.0,1,0.0,0.0,0.9999910838958951
test_104,max,0.0,2,0.0,0.0,0.9999910838958951
test_104,max,0.0,3,0.0,0.0,0.9999910838958951
test_104,max,0.0,4,0.0,0.0,0.9999910838958951
test_104,max,0.0,5,0.0,0.0,0.9999910838958951
test_104,max,0.0,6,0.0,0.0,0.9999910838958951
test_104,max,0.0,7,0.0,0.0,0.9999910838958951
test_104,max,0.0,8,0.0,0.0,0.9999910838958951
test_104,max,0.0,9,0.0,0.0,0.9999910838958951
test_104,abmil,0.0,0,0.3448233297330659,0.20833022596763368,0.4297007472262416
test_104,abmil,0.0,1,0.3367381576917142,0.20245649189209247,0.3525348726671405
test_104,abmil,0.0,2,0.32312914673661475,0.19269769410552273,0.3826531519611866
test_104,abmil,0.0,3,0.34503934577997225,0.20848794495515485,0.44239766784854007
test_104,abmil,0.0,4,0.33146119426014503,0.19865357228726258,0.4144307018018925
test_104,abmil,0.0,5,0.355901866995834,0.21647239897141354,0.437834554404501
test_104,abmil,0.0,6,0.35611788304274034,0.21663225079782242,0.41489702493325936
test_104,abmil,0.0,7,0.3426631692640025,0.2067552973596991,0.466604746053142
test_104,abmil,0.0,8,0.3515506866224348,0.21326144745216968,0.44678825580143655
test_104,abmil,0.0,9,0.36025304736923314,0.21970039144835893,0.4240179168023037
test_104,transmil,0.0,0,0.0,0.0,0.9706322352714755
test_104,transmil,0.0,1,0.2776114797099213,0.1611781990181675,0.9994522735158651
test_104,transmil,0.0,2,0.006449621971917914,0.0032352440364700236,0.9940009988434239
test_104,transmil,0.0,3,0.37734917451010647,0.23255106310144155,0.2565009733794863
test_104,transmil,0.0,4,0.014565653448541892,0.00733625540116261,0.9723632233376841
test_104,transmil,0.0,5,0.03351334670575529,0.01704224468018329,0.9908583806663032
test_104,transmil,0.0,6,0.0,0.0,0.9985024808735502
test_104,transmil,0.0,7,0.0012960962814380498,0.0006484683794466404,0.9674128565219879
test_104,transmil,0.0,8,0.22598364449930566,0.1273853218988641,0.9971027417503353
test_104,transmil,0.0,9,0.011078537262768091,0.005570123039208081,0.9717395835007785
test_104,clam,0.0,0,0.33997839839530936,0.2048035989812801,0.4111296786815197
test_104,clam,0.0,1,0.3696960345625675,0.2267650955896271,0.41249639907996816
test_104,clam,0.0,2,0.3372627680913439,0.20283587906683245,0.4089361630447494
test_104,clam,0.0,3,0.36321555315537724,0.22190799396681749,0.44906272570712763
test_104,clam,0.0,4,0.3598518747106928,0.21940205836422133,0.4051477686830903
test_104,clam,0.0,5,0.36250578614411355,0.221378361570209,0.44909521358422894
test_104,clam,0.0,6,0.3585249189939824,0.21841630320348926,0.4412921775860648
test_104,clam,0.0,7,0.3518901404104305,0.2135113374651263,0.41737565885093025
test_104,clam,0.0,8,0.36528313531862366,0.2234534574217054,0.4418758711361751
test_104,clam,0.0,9,0.2992130844005555,0.1759262619298182,0.3405176759375606
test_104,clam,0.05,0,0.36722727974078073,0.22491022491022492,0.4973087095760424
test_104,clam,0.05,1,0.38271871624749265,0.2366432605709052,0.47846170641502533
test_104,clam,0.05,2,0.3626292238852029,0.22147043856838614,0.4689793338284623
test_104,clam,0.05,3,0.3772257367690171,0.2324573080287529,0.49524551704104286
test_104,clam,0.05,4,0.3673198580465977,0.2249796813276126,0.4941733109271665
test_104,clam,0.05,5,0.38253355963585867,0.23650169801961307,0.4819953469822249
test_104,clam,0.05,6,0.3806202746489739,0.23504078054729782,0.47104173009196426
test_104,clam,0.05,7,0.33979324178367537,0.20466923177010726,0.5162272710023087
test_104,clam,0.05,8,0.37744175281592346,0.23262138876737862,0.5065645163791603
test_104,clam,0.05,9,0.3800648048140719,0.23461728959500133,0.5059815925581643
test_105,mean,0.0,0,0.0,0.0,0.9999762981471217
test_105,mean,0.0,1,0.0,0.0,0.9999762981471217
test_105,mean,0.0,2,0.0,0.0,0.9999762981471217
test_105,mean,0.0,3,0.0,0.0,0.9999762981471217
test_105,mean,0.0,4,0.0,0.0,0.9999762981471217
test_105,mean,0.0,5,0.0,0.0,0.9999762981471217
test_105,mean,0.0,6,0.0,0.0,0.9999762981471217
test_105,mean,0.0,7,0.0,0.0,0.9999762981471217
test_105,mean,0.0,8,0.0,0.0,0.9999762981471217
test_105,mean,0.0,9,0.0,0.0,0.9999762981471217
test_105,max,0.0,0,0.0,0.0,0.9999762981471217
test_105,max,0.0,1,0.0,0.0,0.9999762981471217
test_105,max,0.0,2,0.0,0.0,0.9999762981471217
test_105,max,0.0,3,0.0,0.0,0.9999762981471217
test_105,max,0.0,4,0.0,0.0,0.9999762981471217
test_105,max,0.0,5,0.0,0.0,0.9999762981471217
test_105,max,0.0,6,0.0,0.0,0.9999762981471217
test_105,max,0.0,7,0.0,0.0,0.9999762981471217
test_105,max,0.0,8,0.0,0.0,0.9999762981471217
test_105,max,0.0,9,0.0,0.0,0.9999762981471217
test_105,abmil,0.0,0,0.20680635552893437,0.11532851243733667,0.7376272359774361
test_105,abmil,0.0,1,0.20608731220928772,0.11488146196406801,0.4288655985043081
test_105,abmil,0.0,2,0.20583768207567457,0.11472634332985497,0.5742285969988163
test_105,abmil,0.0,3,0.20399530315476866,0.11358283389408513,0.6318541058330717
test_105,abmil,0.0,4,0.20676158490714505,0.11530066675291406,0.6400443348679773
test_105,abmil,0.0,5,0.20438874195231116,0.11382683252639914,0.5421169037350524
test_105,abmil,0.0,6,0.2065309483706546,0.11515724131566346,0.6836044362473922
test_105,abmil,0.0,7,0.20679821541588178,0.11532344948220241,0.8059727761474387
test_105,abmil,0.0,8,0.20686062294928506,0.11536226664628896,0.7873092034370924
test_105,abmil,0.0,9,0.2065526553387949,0.11517073860778118,0.6377267766876065
test_105,transmil,0.0,0,0.11392359554220276,0.06040242869956963,0.9740590484225387
test_105,transmil,0.0,1,0.1946124661761344,0.1077953971266985,0.9991500316915036
test_105,transmil,0.0,2,0.08659723602461299,0.045258237133876604,0.9435536163914954
test_105,transmil,0.0,3,0.1786809082466807,0.09810521893484954,0.9986395292260822
test_105,transmil,0.0,4,0.13842262245952158,0.07435770552949347,0.9525794324552987
test_105,transmil,0.0,5,0.1396449961029209,0.07506362807657246,0.9901899800787601
test_105,transmil,0.0,6,0.05995871605996821,0.030905896980809602,0.9877074903326377
test_105,transmil,0.0,7,0.1346333998335347,0.07217530313961877,0.9845753992102192
test_105,transmil,0.0,8,0.19055190644839406,0.1053094073974659,0.9986832460266428
test_105,transmil,0.0,9,0.0953641377822669,0.0500694855504958,0.9632640266875613
test_105,clam,0.0,0,0.20624061767177843,0.11497674643746648,0.6643190819429247
test_105,clam,0.0,1,0.20672359771289958,0.11527704120193039,0.44008032991220053
test_105,clam,0.0,2,0.20476047378171336,0.11405746742499928,0.6119295116017915
test_105,clam,0.0,3,0.2059719939410425,0.11480979853459078,0.6496946293415209
test_105,clam,0.0,4,0.2068049988434256,0.11532766860828887,0.643014238552818
test_105,clam,0.0,5,0.20667068697805765,0.11524413585243667,0.6519715933499425
test_105,clam,0.0,6,0.20646854083725133,0.1151184384207202,0.5837298096124394
test_105,clam,0.0,7,0.20657300562142641,0.11518339261588087,0.5724907122388665
test_105,clam,0.0,8,0.20680635552893437,0.11532851243733667,0.7030600211237399
test_105,clam,0.0,9,0.20570879695234168,0.11464627179966051,0.5640177906895131
test_105,clam,0.05,0,0.20671952765637328,0.11527450995226243,0.7692763543937092
test_105,clam,0.05,1,0.20674937473756616,0.1152930727166535,0.7770484350700055
test_105,clam,0.05,2,0.20679821541588178,0.11532344948220241,0.7581763559310112
test_105,clam,0.05,3,0.20660963613016312,0.11520617055415311,0.7376061345780313
test_105,clam,0.05,4,0.20665305006644366,0.1152331678340882,0.7865853213498869
test_105,clam,0.05,5,0.20665712012296997,0.11523569889609761,0.7313722323682146
test_105,clam,0.05,6,0.2067751517622327,0.11530910469227225,0.737624207973934
test_105,clam,0.05,7,0.2068497694652149,0.11535551564105397,0.8304362056906067
test_105,clam,0.05,8,0.2066598334939875,0.11523738627715314,0.7894862433299469
test_105,clam,0.05,9,0.20671952765637328,0.11527450995226243,0.7897248878559511
test_108,mean,0.0,0,0.0,0.0,0.9999976634033816
test_108,mean,0.0,1,0.0,0.0,0.9999976634033816
test_108,mean,0.0,2,0.0,0.0,0.9999976634033816
test_108,mean,0.0,3,0.0,0.0,0.9999976634033816
test_108,mean,0.0,4,0.0,0.0,0.9999976634033816
test_108,mean,0.0,5,0.0,0.0,0.9999976634033816
test_108,mean,0.0,6,0.0,0.0,0.9999976634033816
test_108,mean,0.0,7,0.0,0.0,0.9999976634033816
test_108,mean,0.0,8,0.0,0.0,0.9999976634033816
test_108,mean,0.0,9,0.0,0.0,0.9999976634033816
test_108,max,0.0,0,0.0,0.0,0.9999976634033816
test_108,max,0.0,1,0.0,0.0,0.9999976634033816
test_108,max,0.0,2,0.0,0.0,0.9999976634033816
test_108,max,0.0,3,0.0,0.0,0.9999976634033816
test_108,max,0.0,4,0.0,0.0,0.9999976634033816
test_108,max,0.0,5,0.0,0.0,0.9999976634033816
test_108,max,0.0,6,0.0,0.0,0.9999976634033816
test_108,max,0.0,7,0.0,0.0,0.9999976634033816
test_108,max,0.0,8,0.0,0.0,0.9999976634033816
test_108,max,0.0,9,0.0,0.0,0.9999976634033816
test_108,abmil,0.0,0,0.13251740873602025,0.07096045197740113,0.5718903646609035
test_108,abmil,0.0,1,0.088485615812056,0.046290844863114515,0.19657504362342612
test_108,abmil,0.0,2,0.07202644721108532,0.03735862823786939,0.404374069411314
test_108,abmil,0.0,3,0.10607019765069986,0.05600534799078957,0.5221691905271278
test_108,abmil,0.0,4,0.13251740873602025,0.07096045197740113,0.317101966828783
test_108,abmil,0.0,5,0.11648027009917704,0.06184181044140712,0.23274776791125976
test_108,abmil,0.0,6,0.14152071463740593,0.07614866399212777,0.3981387257598169
test_108,abmil,0.0,7,0.1952591967363016,0.10819237664665991,0.6748825805466836
test_108,abmil,0.0,8,0.15179011043117394,0.08212817780484091,0.7806615040682214
test_108,abmil,0.0,9,0.07202644721108532,0.03735862823786939,0.5021662532550498
test_108,transmil,0.0,0,0.06527396778504607,0.03373809350687123,0.9939883207396724
test_108,transmil,0.0,1,0.251529858619962,0.14385710837557325,0.9994080706486191
test_108,transmil,0.0,2,0.005345712878947738,0.002680019747513929,0.9977174965082458
test_108,transmil,0.0,3,0.0,0.0,0.9067343339574608
test_108,transmil,0.0,4,0.13519026517549412,0.07249547374773688,0.9745207245034425
test_108,transmil,0.0,5,0.26489414081733137,0.15266742338251987,0.993110852608707
test_108,transmil,0.0,6,0.01237954561440529,0.006228324722202562,0.923368976236695
test_108,transmil,0.0,7,0.17837799817120348,0.09792261950729786,0.9696814456610693
test_108,transmil,0.0,8,0.35112893015404095,0.21295111338622985,0.9974412943414037
test_108,transmil,0.0,9,0.23844692973201098,0.135361763296598,0.9690010825406217
test_108,clam,0.0,0,0.06302314130969966,0.03253685815963396,0.7998240659483684
test_108,clam,0.0,1,0.3664626855173384,0.22433689286944541,0.1933493308230612
test_108,clam,0.0,2,0.08792290919321938,0.04598293113596233,0.2838046793254548
test_108,clam,0.0,3,0.15052402053879158,0.08138738875789153,0.2528554451274382
test_108,clam,0.0,4,0.15924597313075894,0.08651127244936951,0.35951169325687543
test_108,clam,0.0,5,0.16853063234156293,0.09201935632537062,0.26708872325587835
test_108,clam,0.0,6,0.15052402053879158,0.08138738875789153,0.2597541204955614
test_108,clam,0.0,7,0.14152071463740593,0.07614866399212777,0.2777070221351883
test_108,clam,0.0,8,0.23225715692480833,0.1313862804392806,0.28326649972230306
test_108,clam,0.0,9,0.07948230991067032,0.04138587752710226,0.43953084175658547
test_108,clam,0.05,0,0.1502426672293733,0.08122290668491901,0.5125039645405037
test_108,clam,0.05,1,0.21889287472743899,0.12289708553826711,0.38535400998860936
test_108,clam,0.05,2,0.1502426672293733,0.08122290668491901,0.66058277150369
test_108,clam,0.05,3,0.16824927903214462,0.09185162429920897,0.3340586748679215
test_108,clam,0.05,4,0.15080537384820988,0.08155192088246481,0.3637580623669629
test_108,clam,0.05,5,0.16824927903214462,0.09185162429920897,0.4290741657964987
test_108,clam,0.05,6,0.27910248294295564,0.16218425570179024,0.37618094054200146
test_108,clam,0.05,7,0.27206865020749804,0.15745339086542376,0.6078527160281263
test_108,clam,0.05,8,0.16824927903214462,0.09185162429920897,0.5340757046050331
test_108,clam,0.05,9,0.17725258493353027,0.09724473257698542,0.45567546439478473
test_110,mean,0.0,0,0.0,0.0,0.9999906193699064
test_110,mean,0.0,1,0.0,0.0,0.9999906193699064
test_110,mean,0.0,2,0.0,0.0,0.9999906193699064
test_110,mean,0.0,3,0.0,0.0,0.9999906193699064
test_110,mean,0.0,4,0.0,0.0,0.9999906193699064
test_110,mean,0.0,5,0.0,0.0,0.9999906193699064
test_110,mean,0.0,6,0.0,0.0,0.9999906193699064
test_110,mean,0.0,7,0.0,0.0,0.9999906193699064
test_110,mean,0.0,8,0.0,0.0,0.9999906193699064
test_110,mean,0.0,9,0.0,0.0,0.9999906193699064
test_110,max,0.0,0,0.0,0.0,0.9999906193699064
test_110,max,0.0,1,0.0,0.0,0.9999906193699064
test_110,max,0.0,2,0.0,0.0,0.9999906193699064
test_110,max,0.0,3,0.0,0.0,0.9999906193699064
test_110,max,0.0,4,0.0,0.0,0.9999906193699064
test_110,max,0.0,5,0.0,0.0,0.9999906193699064
test_110,max,0.0,6,0.0,0.0,0.9999906193699064
test_110,max,0.0,7,0.0,0.0,0.9999906193699064
test_110,max,0.0,8,0.0,0.0,0.9999906193699064
test_110,max,0.0,9,0.0,0.0,0.9999906193699064
test_110,abmil,0.0,0,0.0011588324762801477,0.00057975215595333,0.5204492859013521
test_110,abmil,0.0,1,0.0011588324762801477,0.00057975215595333,0.4524104685950442
test_110,abmil,0.0,2,0.0011588324762801477,0.00057975215595333,0.09048167651546547
test_110,abmil,0.0,3,0.0011588324762801477,0.00057975215595333,0.1718231209287007
test_110,abmil,0.0,4,0.0013399000506989207,0.0006703991592832165,0.37376599503071073
test_110,abmil,0.0,5,0.0011588324762801477,0.00057975215595333,0.11226148479357059
test_110,abmil,0.0,6,0.0,0.0,0.4906089406531369
test_110,abmil,0.0,7,0.0,0.0,0.945230772281908
test_110,abmil,0.0,8,0.0011588324762801477,0.00057975215595333,0.9803882121777795
test_110,abmil,0.0,9,0.005685521836749475,0.0028508652466815564,0.265143933361691
test_110,transmil,0.0,0,0.0011588324762801477,0.00057975215595333,0.9999808275895828
test_110,transmil,0.0,1,0.0011588324762801477,0.00057975215595333,0.9995453565850837
test_110,transmil,0.0,2,0.0022452379227927864,0.0011238806511256934,0.9999707199453778
test_110,transmil,0.0,3,0.0030781487651191423,0.0015414467838166222,0.999966929578801
test_110,transmil,0.0,4,0.007097848917215905,0.0035615641808402383,0.9997523527153654
test_110,transmil,0.0,5,0.0011588324762801477,0.00057975215595333,0.9999345008869766
test_110,transmil,0.0,6,0.0011588324762801477,0.00057975215595333,0.9981077547728423
test_110,transmil,0.0,7,0.0013399000506989207,0.0006703991592832165,0.999327831658755
test_110,transmil,0.0,8,0.003693778518142971,0.001850306570402351,0.9998181576906584
test_110,transmil,0.0,9,0.004635329905120591,0.0023230490018148822,0.9998943861740379
test_110,clam,0.0,0,0.0011588324762801477,0.00057975215595333,0.20795619854926153
test_110,clam,0.0,1,0.006047656985587021,0.003032999763898222,0.9735616566848617
test_110,clam,0.0,2,0.0011588324762801477,0.00057975215595333,0.03394802012570731
test_110,clam,0.0,3,0.0011588324762801477,0.00057975215595333,0.2278826294397313
test_110,clam,0.0,4,0.0013399000506989207,0.0006703991592832165,0.9041887882754335
test_110,clam,0.0,5,0.0011588324762801477,0.00057975215595333,0.5723995764082198
test_110,clam,0.0,6,0.003186789309770406,0.0015959376133478419,0.3150792492030964
test_110,clam,0.0,7,0.0011588324762801477,0.00057975215595333,0.8091491367267944
test_110,clam,0.0,8,0.0011588324762801477,0.00057975215595333,0.9341862758046483
test_110,clam,0.0,9,0.0011588324762801477,0.00057975215595333,0.39662859127477484
test_110,clam,0.05,0,0.0014847541102339394,0.0007429285882544802,0.9920869680413925
test_110,clam,0.05,1,0.004635329905120591,0.0023230490018148822,0.966247091495171
test_110,clam,0.05,2,0.0026073730716303324,0.0013053883530350279,0.9937306183922715
test_110,clam,0.05,3,0.0024263054972115594,0.0012146262758108083,0.9843933661940139
test_110,clam,0.05,4,0.00329542985442167,0.0016504343725628888,0.9690478565316024
test_110,clam,0.05,5,0.004490475845585573,0.0022502903600464578,0.99093659178531
test_110,clam,0.05,6,0.0028970811907003693,0.0014506419090447524,0.9822650753610969
test_110,clam,0.05,7,0.0013036865358151662,0.0006522684447021307,0.9889764458252618
test_110,clam,0.05,8,0.003983486637213008,0.00199571827715084,0.9785065057482805
test_110,clam,0.05,9,0.005576881292098211,0.002796237789156408,0.9804595974149773
test_113,mean,0.0,0,0.0,0.0,0.9999884490322962
test_113,mean,0.0,1,0.0,0.0,0.9999884490322962
test_113,mean,0.0,2,0.0,0.0,0.9999884490322962
test_113,mean,0.0,3,0.0,0.0,0.9999884490322962
test_113,mean,0.0,4,0.0,0.0,0.9999884490322962
test_113,mean,0.0,5,0.0,0.0,0.9999884490322962
test_113,mean,0.0,6,0.0,0.0,0.9999884490322962
test_113,mean,0.0,7,0.0,0.0,0.9999884490322962
test_113,mean,0.0,8,0.0,0.0,0.9999884490322962
test_113,mean,0.0,9,0.0,0.0,0.9999884490322962
test_113,max,0.0,0,0.0,0.0,0.9999884490322962
test_113,max,0.0,1,0.0,0.0,0.9999884490322962
test_113,max,0.0,2,0.0,0.0,0.9999884490322962
test_113,max,0.0,3,0.0,0.0,0.9999884490322962
test_113,max,0.0,4,0.0,0.0,0.9999884490322962
test_113,max,0.0,5,0.0,0.0,0.9999884490322962
test_113,max,0.0,6,0.0,0.0,0.9999884490322962
test_113,max,0.0,7,0.0,0.0,0.9999884490322962
test_113,max,0.0,8,0.0,0.0,0.9999884490322962
test_113,max,0.0,9,0.0,0.0,0.9999884490322962
test_113,abmil,0.0,0,0.29090273716295084,0.1702084155702533,0.5629848251556736
test_113,abmil,0.0,1,0.233655043208783,0.1322816601085929,0.29474643434375253
test_113,abmil,0.0,2,0.27268248764163283,0.15786471548553332,0.32629203055946676
test_113,abmil,0.0,3,0.26982374311098384,0.15595159281410248,0.4454411072021522
test_113,abmil,0.0,4,0.2599467564898112,0.14939011634231586,0.4455141621194586
test_113,abmil,0.0,5,0.3272898470887157,0.19566441114683317,0.43244976461499013
test_113,abmil,0.0,6,0.301663070990538,0.17762262943106347,0.5088378767419762
test_113,abmil,0.0,7,0.3303475874186119,0.19785410719580473,0.6965820272513024
test_113,abmil,0.0,8,0.3312794701858184,0.1985230386197188,0.7092502225600836
test_113,abmil,0.0,9,0.21322642567142883,0.11933600806221596,0.35272707054875785
test_113,transmil,0.0,0,0.09209137304674703,0.04826823032600262,0.9859680698813875
test_113,transmil,0.0,1,0.19013320584659366,0.10505370144410625,0.9992276914968015
test_113,transmil,0.0,2,0.09868735575838027,0.051904854289623624,0.9899270093522968
test_113,transmil,0.0,3,0.032669285969097406,0.01660589434003227,0.705909629773211
test_113,transmil,0.0,4,0.1330068507944058,0.07124120988392497,0.9745135520454944
test_113,transmil,0.0,5,0.14122877479257115,0.07597964336725235,0.9923845726605036
test_113,transmil,0.0,6,0.07280334118800492,0.03777680957213986,0.9930460741480124
test_113,transmil,0.0,7,0.09803212568768822,0.05154247188488048,0.9794169652152512
test_113,transmil,0.0,8,0.2780942026699412,0.16150372633691498,0.998717026322381
test_113,transmil,0.0,9,0.12239212364919468,0.06518513540061832,0.9803918527755935
test_113,clam,0.0,0,0.1832071813215748,0.10084098717147269,0.3942547838057084
test_113,clam,0.0,1,0.3324346165326681,0.19935327263836822,0.4018297618716044
test_113,clam,0.0,2,0.29804231815545457,0.17511734947043023,0.39871483274455494
test_113,clam,0.0,3,0.3240476716278099,0.19335136575307554,0.4775612274264724
test_113,clam,0.0,4,0.27843395159548523,0.1617329476574702,0.49629596060811704
test_113,clam,0.0,5,0.30837068549199287,0.1822921149730012,0.4695061264845657
test_113,clam,0.0,6,0.2424788081607692,0.13796636381210128,0.36741095480305075
test_113,clam,0.0,7,0.27200298979054477,0.15740940996048053,0.3958715476929328
test_113,clam,0.0,8,0.3327258298974201,0.19956275690215303,0.5942296221162338
test_113,clam,0.0,9,0.21116366433776868,0.11804526782468079,0.2742666544840859
test_113,clam,0.05,0,0.32861486789833744,0.19661229574605865,0.6325968625160419
test_113,clam,0.05,1,0.3332014783931817,0.19990507195313,0.66727529196477
test_113,clam,0.05,2,0.3329685077013801,0.19973738303063476,0.6524081539200185
test_113,clam,0.05,3,0.33238122741579684,0.1993148751262417,0.617306345024369
test_113,clam,0.05,4,0.33230842407460887,0.19926251884447704,0.6405432544530116
test_113,clam,0.05,5,0.3304009765354831,0.19789241122690737,0.6284671019480553
test_113,clam,0.05,6,0.33335679218771613,0.20001689061289626,0.6516409231640029
test_113,clam,0.05,7,0.33315779638846893,0.1998736267096064,0.7775854942348687
test_113,clam,0.05,8,0.33281804746292487,0.19962910884228974,0.6813562419648377
test_113,clam,0.05,9,0.3328131939068457,0.1996256164519153,0.6753572619093147
test_114,mean,0.0,0,0.0,0.0,0.9999864266098795
test_114,mean,0.0,1,0.0,0.0,0.9999864266098795
test_114,mean,0.0,2,0.0,0.0,0.9999864266098795
test_114,mean,0.0,3,0.0,0.0,0.9999864266098795
test_114,mean,0.0,4,0.0,0.0,0.9999864266098795
test_114,mean,0.0,5,0.0,0.0,0.9999864266098795
test_114,mean,0.0,6,0.0,0.0,0.9999864266098795
test_114,mean,0.0,7,0.0,0.0,0.9999864266098795
test_114,mean,0.0,8,0.0,0.0,0.9999864266098795
test_114,mean,0.0,9,0.0,0.0,0.9999864266098795
test_114,max,0.0,0,0.0,0.0,0.9999864266098795
test_114,max,0.0,1,0.0,0.0,0.9999864266098795
test_114,max,0.0,2,0.0,0.0,0.9999864266098795
test_114,max,0.0,3,0.0,0.0,0.9999864266098795
test_114,max,0.0,4,0.0,0.0,0.9999864266098795
test_114,max,0.0,5,0.0,0.0,0.9999864266098795
test_114,max,0.0,6,0.0,0.0,0.9999864266098795
test_114,max,0.0,7,0.0,0.0,0.9999864266098795
test_114,max,0.0,8,0.0,0.0,0.9999864266098795
test_114,max,0.0,9,0.0,0.0,0.9999864266098795
test_114,abmil,0.0,0,0.25672411933823963,0.14726534232825228,0.3007519870991498
test_114,abmil,0.0,1,0.229902925264051,0.12988153505555414,0.17578938877630215
test_114,abmil,0.0,2,0.21824825983718465,0.12249083579805639,0.18678390926887214
test_114,abmil,0.0,3,0.2369185129721228,0.13437751727034994,0.24588632326324103
test_114,abmil,0.0,4,0.22507258732351668,0.12680664331175143,0.2267236974015657
test_114,abmil,0.0,5,0.3117297452373153,0.18464445746047586,0.30833021658307813
test_114,abmil,0.0,6,0.24766977905375023,0.14133738954750763,0.26048296708624596
test_114,abmil,0.0,7,0.29930190019064984,0.17598767248825753,0.5297056723622349
test_114,abmil,0.0,8,0.31961210799284606,0.19020138713989576,0.5211758806003132
test_114,abmil,0.0,9,0.2107646949908134,0.1177959625549258,0.19448534243244903
test_114,transmil,0.0,0,0.14631000026450883,0.07892905517394291,0.9735756094677808
test_114,transmil,0.0,1,0.19613012953141243,0.10872742692934059,0.999570968532357
test_114,transmil,0.0,2,0.1171855447966029,0.06223956081957292,0.9754895185978323
test_114,transmil,0.0,3,0.1367429198111,0.07338918567116717,0.6056952930786318
test_114,transmil,0.0,4,0.2788004321667138,0.1619803056990531,0.9847395586426203
test_114,transmil,0.0,5,0.14272488844849301,0.07684639047861105,0.9960198199527002
test_114,transmil,0.0,6,0.14552054317902974,0.07846975206103789,0.9947571176734182
test_114,transmil,0.0,7,0.24106112798767795,0.1370491788107968,0.9938587727328658
test_114,transmil,0.0,8,0.31139605719087565,0.1844103577496355,0.9988777320798586
test_114,transmil,0.0,9,0.21853311548658433,0.12267032151219234,0.9899281482527063
test_114,clam,0.0,0,0.20864048571957589,0.11647047064328973,0.1600815432617823
test_114,clam,0.0,1,0.3109321494189962,0.18408505573772072,0.15947048879132159
test_114,clam,0.0,2,0.2740677590202593,0.1587940433076807,0.2419375313113509
test_114,clam,0.0,3,0.31570144686323065,0.18743793745786996,0.30861787241841265
test_114,clam,0.0,4,0.24338066684707524,0.13855060242917605,0.2156547431898666
test_114,clam,0.0,5,0.2740962445851993,0.15881316888340827,0.2622308240128239
test_114,clam,0.0,6,0.23588896326786402,0.1337154852252543,0.23376831724771555
test_114,clam,0.0,7,0.22716831102981422,0.12813867917815325,0.16502567832680015
test_114,clam,0.0,8,0.3141672957228924,0.1863573383799128,0.3371567531180777
test_114,clam,0.0,9,0.26457799652883046,0.1524574403226563,0.16869439892184523
test_114,clam,0.05,0,0.2941053192723159,0.17240532055991833,0.5114529823384713
test_114,clam,0.05,1,0.3229449190908222,0.192566674027036,0.48966864667973786
test_114,clam,0.05,2,0.3204300506432651,0.19078100960664834,0.46077727671233504
test_114,clam,0.05,3,0.31678796769736933,0.18820443391436792,0.4486833344076316
test_114,clam,0.05,4,0.32055620100228494,0.19087045436923317,0.5047383251030174
test_114,clam,0.05,5,0.3112007276027159,0.184273366698554,0.4682346584924911
test_114,clam,0.05,6,0.3220496584784232,0.19193038703778706,0.4712350882619631
test_114,clam,0.05,7,0.3297285529129542,0.19741015958094774,0.7317845014272014
test_114,clam,0.05,8,0.3168327307279893,0.18823603364448926,0.596526338920153
test_114,clam,0.05,9,0.31448470630365205,0.1865807492105187,0.6095745144487631
test_116,mean,0.0,0,0.0,0.0,0.9999956114447679
test_116,mean,0.0,1,0.0,0.0,0.9999956114447679
test_116,mean,0.0,2,0.0,0.0,0.9999956114447679
test_116,mean,0.0,3,0.0,0.0,0.9999956114447679
test_116,mean,0.0,4,0.0,0.0,0.9999956114447679
test_116,mean,0.0,5,0.0,0.0,0.9999956114447679
test_116,mean,0.0,6,0.0,0.0,0.9999956114447679
test_116,mean,0.0,7,0.0,0.0,0.9999956114447679
test_116,mean,0.0,8,0.0,0.0,0.9999956114447679
test_116,mean,0.0,9,0.0,0.0,0.9999956114447679
test_116,max,0.0,0,0.0,0.0,0.9999956114447679
test_116,max,0.0,1,0.0,0.0,0.9999956114447679
test_116,max,0.0,2,0.0,0.0,0.9999956114447679
test_116,max,0.0,3,0.0,0.0,0.9999956114447679
test_116,max,0.0,4,0.0,0.0,0.9999956114447679
test_116,max,0.0,5,0.0,0.0,0.9999956114447679
test_116,max,0.0,6,0.0,0.0,0.9999956114447679
test_116,max,0.0,7,0.0,0.0,0.9999956114447679
test_116,max,0.0,8,0.0,0.0,0.9999956114447679
test_116,max,0.0,9,0.0,0.0,0.9999956114447679
test_116,abmil,0.0,0,0.00683775113962519,0.003430604379314726,0.33403552108376877
test_116,abmil,0.0,1,0.007597501266250211,0.003813236166426574,0.13153020222903425
test_116,abmil,0.0,2,0.007597501266250211,0.003813236166426574,0.13376461356820793
test_116,abmil,0.0,3,0.007597501266250211,0.003813236166426574,0.3236590247213461
test_116,abmil,0.0,4,0.00683775113962519,0.003430604379314726,0.2576064902983154
test_116,abmil,0.0,5,0.008357251392875232,0.004196159877929894,0.38387318078960475
test_116,abmil,0.0,6,0.00852608475434746,0.004281293713704379,0.23005182410973238
test_116,abmil,0.0,7,0.00464291744048624,0.0023268604306807125,0.8218491110484466
test_116,abmil,0.0,8,0.00464291744048624,0.0023268604306807125,0.9040787359374468
test_116,abmil,0.0,9,0.007597501266250211,0.003813236166426574,0.20892170041310745
test_116,transmil,0.0,0,0.0,0.0,0.9999843429670773
test_116,transmil,0.0,1,0.004980584163430694,0.00249650911860534,0.999414762079276
test_116,transmil,0.0,2,0.0007597501266250211,0.0003800194232149643,0.9999829489286001
test_116,transmil,0.0,3,0.006482572823707695,0.0032518265129439588,0.999979347662534
test_116,transmil,0.0,4,0.003883167313861219,0.0019453607375454621,0.9998402923244354
test_116,transmil,0.0,5,0.007428667904777984,0.0037281816641247245,0.9998743300972531
test_116,transmil,0.0,6,0.0007597501266250211,0.0003800194232149643,0.9982992989577857
test_116,transmil,0.0,7,0.0037987506331251053,0.0019029898084323594,0.9993434337771937
test_116,transmil,0.0,8,0.006162417693736282,0.003090732037766205,0.99973585560852
test_116,transmil,0.0,9,0.003545500590916765,0.0017758985200845665,0.9996826498066409
test_116,clam,0.0,0,0.00683775113962519,0.003430604379314726,0.3776533296140459
test_116,clam,0.0,1,0.008694918115819687,0.004366441985671287,0.9623455364229577
test_116,clam,0.0,2,0.007597501266250211,0.003813236166426574,0.15888030779232523
test_116,clam,0.0,3,0.00683775113962519,0.003430604379314726,0.36511645116408153
test_116,clam,0.0,4,0.00852608475434746,0.004281293713704379,0.6114000672287786
test_116,clam,0.0,5,0.007597501266250211,0.003813236166426574,0.3642525829452539
test_116,clam,0.0,6,0.007597501266250211,0.003813236166426574,0.35958856583763305
test_116,clam,0.0,7,0.007597501266250211,0.003813236166426574,0.41662832203854266
test_116,clam,0.0,8,0.00683775113962519,0.003430604379314726,0.5271629107627658
test_116,clam,0.0,9,0.0040520006753334455,0.002030113347995263,0.7109876783862613
test_116,clam,0.05,0,0.00464291744048624,0.0023268604306807125,0.9876744023642106
test_116,clam,0.05,1,0.00683775113962519,0.003430604379314726,0.6960810506949636
test_116,clam,0.05,2,0.007597501266250211,0.003813236166426574,0.9758901304371138
test_116,clam,0.05,3,0.008019584669930779,0.004025935500275459,0.9381104679218626
test_116,clam,0.05,4,0.00683775113962519,0.003430604379314726,0.9562677610021982
test_116,clam,0.05,5,0.00903258483876414,0.004536781852872589,0.9868322869541206
test_116,clam,0.05,6,0.007597501266250211,0.003813236166426574,0.8928287873416659
test_116,clam,0.05,7,0.003545500590916765,0.0017758985200845665,0.910145475220262
test_116,clam,0.05,8,0.007175417862569644,0.0036006269326894565,0.9550361280076095
test_116,clam,0.05,9,0.007175417862569644,0.0036006269326894565,0.9544582990588183
test_117,mean,0.0,0,0.0,0.0,0.9999952409270787
test_117,mean,0.0,1,0.0,0.0,0.9999952409270787
test_117,mean,0.0,2,0.0,0.0,0.9999952409270787
test_117,mean,0.0,3,0.0,0.0,0.9999952409270787
test_117,mean,0.0,4,0.0,0.0,0.9999952409270787
test_117,mean,0.0,5,0.0,0.0,0.9999952409270787
test_117,mean,0.0,6,0.0,0.0,0.9999952409270787
test_117,mean,0.0,7,0.0,0.0,0.9999952409270787
test_117,mean,0.0,8,0.0,0.0,0.9999952409270787
test_117,mean,0.0,9,0.0,0.0,0.9999952409270787
test_117,max,0.0,0,0.0,0.0,0.9999952409270787
test_117,max,0.0,1,0.0,0.0,0.9999952409270787
test_117,max,0.0,2,0.0,0.0,0.9999952409270787
test_117,max,0.0,3,0.0,0.0,0.9999952409270787
test_117,max,0.0,4,0.0,0.0,0.9999952409270787
test_117,max,0.0,5,0.0,0.0,0.9999952409270787
test_117,max,0.0,6,0.0,0.0,0.9999952409270787
test_117,max,0.0,7,0.0,0.0,0.9999952409270787
test_117,max,0.0,8,0.0,0.0,0.9999952409270787
test_117,max,0.0,9,0.0,0.0,0.9999952409270787
test_117,abmil,0.0,0,0.009337068160597572,0.004690431519699813,0.6175907519625804
test_117,abmil,0.0,1,0.0001556178026766262,7.781495603454984e-05,0.5019283162143083
test_117,abmil,0.0,2,0.004979769685652039,0.0024960998439937598,0.35483820118993853
test_117,abmil,0.0,3,0.01104886399004046,0.00555512088256005,0.41530115836906406
test_117,abmil,0.0,4,0.0,0.0,0.5633625464717958
test_117,abmil,0.0,5,0.0,0.0,0.2429424399849292
test_117,abmil,0.0,6,0.009337068160597572,0.004690431519699813,0.5959913161650413
test_117,abmil,0.0,7,0.005135387488328665,0.0025743037678446056,0.7341692355964148
test_117,abmil,0.0,8,0.0,0.0,0.7690427943244766
test_117,abmil,0.0,9,0.01104886399004046,0.00555512088256005,0.23336768589394458
test_117,transmil,0.0,0,0.0,0.0,0.992937576339782
test_117,transmil,0.0,1,0.0,0.0,0.9993014744425344
test_117,transmil,0.0,2,0.0,0.0,0.9634551469538055
test_117,transmil,0.0,3,0.0,0.0,0.8219831598244243
test_117,transmil,0.0,4,0.0,0.0,0.999713362338831
test_117,transmil,0.0,5,0.0,0.0,0.99983623839281
test_117,transmil,0.0,6,0.0,0.0,0.9080978739014829
test_117,transmil,0.0,7,0.0,0.0,0.9972011913288767
test_117,transmil,0.0,8,0.0,0.0,0.9991502954772457
test_117,transmil,0.0,9,0.0,0.0,0.999359345842489
test_117,clam,0.0,0,0.011593526299408652,0.00583056153394639,0.4379638517067218
test_117,clam,0.0,1,0.012994086523498288,0.0065395308767670435,0.49827689549789356
test_117,clam,0.0,2,0.009337068160597572,0.004690431519699813,0.20545125026285083
test_117,clam,0.0,3,0.011749144102085279,0.005909286580831996,0.25778084526462036
test_117,clam,0.0,4,0.010893246187363835,0.00547645125958379,0.8347581275487788
test_117,clam,0.0,5,0.009337068160597572,0.004690431519699813,0.4072194116127908
test_117,clam,0.0,6,0.0,0.0,0.3346942656170012
test_117,clam,0.0,7,0.009337068160597572,0.004690431519699813,0.712591947402238
test_117,clam,0.0,8,0.012994086523498288,0.0065395308767670435,0.6698017422338766
test_117,clam,0.0,9,0.0,0.0,0.4223865506052455
test_117,clam,0.05,0,0.01104886399004046,0.00555512088256005,0.7624532207723986
test_117,clam,0.05,1,0.012994086523498288,0.0065395308767670435,0.9521044714674968
test_117,clam,0.05,2,0.010893246187363835,0.00547645125958379,0.887021984436932
test_117,clam,0.05,3,0.010893246187363835,0.00547645125958379,0.587429915598807
test_117,clam,0.05,4,0.010893246187363835,0.00547645125958379,0.9105878397818323
test_117,clam,0.05,5,0.012994086523498288,0.0065395308767670435,0.8847566010073007
test_117,clam,0.05,6,0.010893246187363835,0.00547645125958379,0.7022883070556631
test_117,clam,0.05,7,0.005135387488328665,0.0025743037678446056,0.9788789680402932
test_117,clam,0.05,8,0.013149704326174915,0.006618366947327198,0.7390864637527891
test_117,clam,0.05,9,0.01104886399004046,0.00555512088256005,0.8542571651801751
test_121,mean,0.0,0,0.0,0.0,0.9999955453975251
test_121,mean,0.0,1,0.0,0.0,0.9999955453975251
test_121,mean,0.0,2,0.0,0.0,0.9999955453975251
test_121,mean,0.0,3,0.0,0.0,0.9999955453975251
test_121,mean,0.0,4,0.0,0.0,0.9999955453975251
test_121,mean,0.0,5,0.0,0.0,0.9999955453975251
test_121,mean,0.0,6,0.0,0.0,0.9999955453975251
test_121,mean,0.0,7,0.0,0.0,0.9999955453975251
test_121,mean,0.0,8,0.0,0.0,0.9999955453975251
test_121,mean,0.0,9,0.0,0.0,0.9999955453975251
test_121,max,0.0,0,0.0,0.0,0.9999955453975251
test_121,max,0.0,1,0.0,0.0,0.9999955453975251
test_121,max,0.0,2,0.0,0.0,0.9999955453975251
test_121,max,0.0,3,0.0,0.0,0.9999955453975251
test_121,max,0.0,4,0.0,0.0,0.9999955453975251
test_121,max,0.0,5,0.0,0.0,0.9999955453975251
test_121,max,0.0,6,0.0,0.0,0.9999955453975251
test_121,max,0.0,7,0.0,0.0,0.9999955453975251
test_121,max,0.0,8,0.0,0.0,0.9999955453975251
test_121,max,0.0,9,0.0,0.0,0.9999955453975251
test_121,abmil,0.0,0,0.28748500599760096,0.16787298622460892,0.3039417240373261
test_121,abmil,0.0,1,0.2695588431294149,0.15577463703931912,0.1396860398470887
test_121,abmil,0.0,2,0.2730907636945222,0.15813845797638343,0.189608545424969
test_121,abmil,0.0,3,0.2926829268292683,0.17142857142857143,0.28397019949894103
test_121,abmil,0.0,4,0.2885512461681994,0.168600576279106,0.2402709952841058
test_121,abmil,0.0,5,0.282686925229908,0.16461001164144354,0.21871057627945437
test_121,abmil,0.0,6,0.2960815673730508,0.1737651061832688,0.2798023182008585
test_121,abmil,0.0,7,0.281020924963348,0.1634812948245784,0.5574378819268974
test_121,abmil,0.0,8,0.28068772491003596,0.16325581395348837,0.77123084133116
test_121,abmil,0.0,9,0.2652272424363588,0.15288875230485557,0.1938274658413142
test_121,transmil,0.0,0,0.0017326402772224444,0.000867071299939972,0.9878171981448087
test_121,transmil,0.0,1,0.1525389844062375,0.08256682177253544,0.9996677611594109
test_121,transmil,0.0,2,0.01019592163134746,0.005124083190997689,0.9962236547647958
test_121,transmil,0.0,3,0.2533653205384513,0.14505913773368942,0.3006564477919772
test_121,transmil,0.0,4,0.02192456350793016,0.011083785331671326,0.9959077878498465
test_121,transmil,0.0,5,0.02618952419032387,0.01326851007799048,0.9981179306371591
test_121,transmil,0.0,6,0.012661602025856325,0.006371135403393468,0.9943902382320895
test_121,transmil,0.0,7,0.024523523923763828,0.012413979220078262,0.9974843455725939
test_121,transmil,0.0,8,0.1712648274023724,0.0936520661759347,0.9996426537892483
test_121,transmil,0.0,9,0.04118352658936426,0.02102469891814656,0.9954741361292492
test_121,clam,0.0,0,0.2733573237371718,0.1583172520262447,0.21310126292649847
test_121,clam,0.0,1,0.2856190856990537,0.16660188136515588,0.1374234550527427
test_121,clam,0.0,2,0.2786885245901639,0.1619047619047619,0.16455558420618938
test_121,clam,0.0,3,0.29661468745835,0.1741324674308517,0.26022105707057763
test_121,clam,0.0,4,0.2859522857523657,0.16682866140507757,0.20841058138841634
test_121,clam,0.0,5,0.26402772224443555,0.15209213051823417,0.23362773844444049
test_121,clam,0.0,6,0.2731574037051846,0.15818315131401228,0.23819924675087506
test_121,clam,0.0,7,0.27982140477142475,0.16266997249447954,0.23578922847067768
test_121,clam,0.0,8,0.28675196588031454,0.16737329339919874,0.282355170805783
test_121,clam,0.0,9,0.24316939890710382,0.13841368584758942,0.041224421646856566
test_121,clam,0.05,0,0.2736905237904838,0.15854082223508975,0.4285342137663736
test_121,clam,0.05,1,0.29421564707450354,0.1724811501347814,0.3956704596070531
test_121,clam,0.05,2,0.288817806210849,0.16878261546849443,0.4514830443080318
test_121,clam,0.05,3,0.2845528455284553,0.16587677725118483,0.330479086203118
test_121,clam,0.05,4,0.2890177262428362,0.16891918208373904,0.3767779156237453
test_121,clam,0.05,5,0.2783553245368519,0.1616798916198955,0.41231271215122134
test_121,clam,0.05,6,0.2950153272024523,0.173031072894274,0.4217698312209985
test_121,clam,0.05,7,0.2651606024256964,0.1528444666384973,0.8047015112056333
test_121,clam,0.05,8,0.2632946821271491,0.1516058478185795,0.4703593032113839
test_121,clam,0.05,9,0.2622284419565507,0.15089925988418912,0.4416224717831526
test_122,mean,0.0,0,0.0,0.0,0.9999931821093189
test_122,mean,0.0,1,0.0,0.0,0.9999931821093189
test_122,mean,0.0,2,0.0,0.0,0.9999931821093189
test_122,mean,0.0,3,0.0,0.0,0.9999931821093189
test_122,mean,0.0,4,0.0,0.0,0.9999931821093189
test_122,mean,0.0,5,0.0,0.0,0.9999931821093189
test_122,mean,0.0,6,0.0,0.0,0.9999931821093189
test_122,mean,0.0,7,0.0,0.0,0.9999931821093189
test_122,mean,0.0,8,0.0,0.0,0.9999931821093189
test_122,mean,0.0,9,0.0,0.0,0.9999931821093189
test_122,max,0.0,0,0.0,0.0,0.9999931821093189
test_122,max,0.0,1,0.0,0.0,0.9999931821093189
test_122,max,0.0,2,0.0,0.0,0.9999931821093189
test_122,max,0.0,3,0.0,0.0,0.9999931821093189
test_122,max,0.0,4,0.0,0.0,0.9999931821093189
test_122,max,0.0,5,0.0,0.0,0.9999931821093189
test_122,max,0.0,6,0.0,0.0,0.9999931821093189
test_122,max,0.0,7,0.0,0.0,0.9999931821093189
test_122,max,0.0,8,0.0,0.0,0.9999931821093189
test_122,max,0.0,9,0.0,0.0,0.9999931821093189
test_122,abmil,0.0,0,0.07254116599910992,0.03763564996536597,0.4415824205988027
test_122,abmil,0.0,1,0.05132769618750927,0.026339829476248477,0.4223833925045326
test_122,abmil,0.0,2,0.04677842061019631,0.023949367088607596,0.28024151451106455
test_122,abmil,0.0,3,0.058547198734114625,0.03015638530895013,0.12225851484795952
test_122,abmil,0.0,4,0.06403599861543786,0.03307706061147864,0.2982477581355138
test_122,abmil,0.0,5,0.04910250704643228,0.025169188654855144,0.26500814492843155
test_122,abmil,0.0,6,0.054294615042278595,0.027904849039341262,0.3262021315579394
test_122,abmil,0.0,7,0.0726400632942689,0.03768889344998332,0.8860427252731461
test_122,abmil,0.0,8,0.06888196607822776,0.03566947481627532,0.9532557871568503
test_122,abmil,0.0,9,0.05449240963259655,0.028009353395689305,0.25827383802044296
test_122,transmil,0.0,0,0.007516194432082283,0.003772273787660694,0.9997105577697938
test_122,transmil,0.0,1,0.00835682144093359,0.00419594309407354,0.99961869113982
test_122,transmil,0.0,2,0.011373188943282401,0.005719116769444997,0.9958103418843477
test_122,transmil,0.0,3,0.002172303135028388,0.0010873325754954778,0.9083980910155298
test_122,transmil,0.0,4,0.022400237353508382,0.011326982221888831,0.997279768935828
test_122,transmil,0.0,5,0.007911783612718193,0.003971603038276325,0.9997105577697938
test_122,transmil,0.0,6,0.003115264797507788,0.0015600624024961,0.9988470992536603
test_122,transmil,0.0,7,0.010433664639272117,0.0052441903815086365,0.999518812247017
test_122,transmil,0.0,8,0.011125945705384957,0.005594092638174088,0.9997892535567606
test_122,transmil,0.0,9,0.019235523908421103,0.009711161594727513,0.9978990180712068
test_122,clam,0.0,0,0.0630470256638481,0.0325495902580991,0.2522528694575645
test_122,clam,0.0,1,0.06556890669040202,0.03389570552147239,0.6383334673819194
test_122,clam,0.0,2,0.0638876526726994,0.032997905705675026,0.0831106809819899
test_122,clam,0.0,3,0.08653513326410522,0.04522431259044862,0.12065086254304645
test_122,clam,0.0,4,0.05310784750037086,0.02727826882048156,0.8683118620245681
test_122,clam,0.0,5,0.05310784750037086,0.02727826882048156,0.5126131062065966
test_122,clam,0.0,6,0.03723483162735499,0.018970599350011337,0.23617072136089948
test_122,clam,0.0,7,0.042723631508678236,0.021828103683492497,0.8051018034802772
test_122,clam,0.0,8,0.08554616031251545,0.044684368219857426,0.5074533735800941
test_122,clam,0.0,9,0.032092172279088164,0.01630776189159987,0.5618504917973303
test_122,clam,0.05,0,0.06863472284033031,0.03553689385017154,0.9009543146975645
test_122,clam,0.05,1,0.09464471146714137,0.04967299906571162,0.4735917947512629
test_122,clam,0.05,2,0.09054047371804382,0.04741680694030817,0.8912980562684744
test_122,clam,0.05,3,0.07560698214903823,0.039288742708841896,0.777413398768824
test_122,clam,0.05,4,0.10161697077584927,0.05352817066499961,0.5127479427118807
test_122,clam,0.05,5,0.08213420362953074,0.04282583472992136,0.9630219672465363
test_122,clam,0.05,6,0.06329426890174554,0.032681407343103715,0.8374844612749606
test_122,clam,0.05,7,0.0796617712505563,0.04148319814600232,0.9499538568149969
test_122,clam,0.05,8,0.08381545764723335,0.04374080668885964,0.8927006412916941
test_122,clam,0.05,9,0.07807941452801266,0.04062572362158129,0.7054514796819231
