slide,fold,lambda,dice,iou,entropy
test_001,0,0.0,0.49038753324646117,0.3248433250561665,0.4478629113196521
test_001,0,0.01,0.6205530069081238,0.449856362742307,0.44524149682852454
test_001,0,0.02,0.5761410899484122,0.4046335531429431,0.45225822506513336
test_001,0,0.05,0.7595723032434266,0.6123471003022017,0.5974222764630039
test_001,0,0.1,0.7599293122222024,0.6128112854469555,0.7288556057357113
test_001,0,0.15,0.855964727512897,0.7481978467779685,0.7100006678626143
test_001,0,0.2,0.7574659502686493,0.6096138374899437,0.8775108550304742
test_001,1,0.0,0.8053408543224863,0.6741176822161791,0.29975988442830936
test_001,1,0.01,0.8281537280662609,0.7067085059712406,0.6120975072040524
test_001,1,0.02,0.7176951500330233,0.5596915195723593,0.5245791494357607
test_001,1,0.05,0.8404705378340265,0.7248375873641429,0.5930492590740694
test_001,1,0.1,0.8017707645347281,0.66912969639186,0.6990145116593653
test_001,1,0.15,0.7867049856303886,0.6484037075180227,0.7776778615595105
test_001,1,0.2,0.7940593705931704,0.6584564374315403,0.9939375242823916
test_001,2,0.0,0.6185180557291016,0.4477206946454414,0.4177096964392088
test_001,2,0.01,0.6897770478927545,0.526457765667575,0.5296490195763341
test_001,2,0.02,0.7103764659681191,0.5508401849237328,0.5114726689187922
test_001,2,0.05,0.7671408935934739,0.6222453884690007,0.557771856633248
test_001,2,0.1,0.713803752164367,0.5549726593943431,0.7102555961162274
test_001,2,0.15,0.8207636422056015,0.6960128364263873,0.7714566425194371
test_001,2,0.2,0.8553935131468556,0.7473254109354044,0.7908936534174245
test_001,3,0.0,0.6485425108441477,0.4798837670056796,0.5059125608097493
test_001,3,0.01,0.7627139822566538,0.6164411230054534,0.5280392846462885
test_001,3,0.02,0.6861712572071188,0.5222684166191136,0.49270657822121366
test_001,3,0.05,0.7492547437568055,0.5990466404064623,0.5752138650900904
test_001,3,0.1,0.8245122364827475,0.7014213691307781,0.6656736506691988
test_001,3,0.15,0.8221202763249496,0.6979662352620253,0.7390074666658025
test_001,3,0.2,0.8685314435658057,0.7676142996876282,0.7794793846184352
test_001,4,0.0,0.7567162314132201,0.6086432160804021,0.4807012163795149
test_001,4,0.01,0.7699255636279252,0.6259178638804237,0.5251456629299132
test_001,4,0.02,0.7359026079505899,0.5821565747853592,0.5041092337472608
test_001,4,0.05,0.8216918655504186,0.6973488865323436,0.6088551490487452
test_001,4,0.1,0.793845165205905,0.6581619061713778,0.6910548533099897
test_001,4,0.15,0.8171221506220882,0.6907916578637612,0.7812810204275827
test_001,4,0.2,0.8122668285107371,0.6838798881841955,0.8338496842774443
test_001,5,0.0,0.6366898127487907,0.4670175714248304,0.44862806251871507
test_001,5,0.01,0.5897074311418932,0.41814545730703995,0.3406324321098897
test_001,5,0.02,0.7135181449813462,0.5546274455390593,0.4975499331643043
test_001,5,0.05,0.7266917762981739,0.5707116020860203,0.5565490804676428
test_001,5,0.1,0.7825993823744667,0.6428445747800586,0.7023409814808359
test_001,5,0.15,0.7686403313043323,0.624220811226117,0.7694425852906492
test_001,5,0.2,0.8002713268238696,0.6670435947031692,0.8277434704645648
test_001,6,0.0,0.7313685939201371,0.5765020402420149,0.4915289585198155
test_001,6,0.01,0.7842059227789578,0.6450154162384378,0.5330138808486474
test_001,6,0.02,0.7890255439924314,0.6515625,0.5511694854652053
test_001,6,0.05,0.845040252762357,0.7316620815430744,0.5808362676971965
test_001,6,0.1,0.7885614323200228,0.6509297733769487,0.700018439642634
test_001,6,0.15,0.8566073436746934,0.7491803790551722,0.7102766804078795
test_001,6,0.2,0.8530372538869353,0.7437357985495067,0.8280091663644493
test_001,7,0.0,0.699809000196355,0.5382355363958373,0.3641062674201595
test_001,7,0.01,0.8488959497331358,0.7374623949384362,0.5380640760753528
test_001,7,0.02,0.8086967387229789,0.6788336479966436,0.5506892258914482
test_001,7,0.05,0.8562503346959176,0.7486343914848457,0.6165898143286449
test_001,7,0.1,0.8446832437835812,0.7311269738265196,0.6330444690849613
test_001,7,0.15,0.8448617482729691,0.7313944863394733,0.7192780380651413
test_001,7,0.2,0.8621409828457186,0.7576869979919679,0.7883199604580712
test_001,8,0.0,0.8367933453526356,0.7193849364679885,0.5426376197354289
test_001,8,0.01,0.8220488745291944,0.6978633126231247,0.6116633060962843
test_001,8,0.02,0.6968458256725156,0.5347378225850639,0.46173772822947595
test_001,8,0.05,0.7562521197408115,0.6080429416154773,0.6200211982323742
test_001,8,0.1,0.8604987415433498,0.7551538316937152,0.6435713936309941
test_001,8,0.15,0.8257260670105853,0.7031801045847015,0.7747791660831118
test_001,8,0.2,0.7389728851680619,0.586008719778042,0.8363531338480311
test_001,9,0.0,0.5060245265168419,0.3387100628479939,0.3601092720240596
test_001,9,0.01,0.6518983952446404,0.48356770212653266,0.4570499404062095
test_001,9,0.02,0.7329751343246282,0.5785009861932939,0.5795652344362591
test_001,9,0.05,0.821656164652541,0.6972974610676846,0.634529727769103
test_001,9,0.1,0.8769211545670373,0.7808188696039163,0.6606997873432877
test_001,9,0.15,0.8781706859927527,0.7828024058810426,0.6900603963454311
test_001,9,0.2,0.8679602291997643,0.7667223816582043,0.8233307086221147
test_002,0,0.0,0.1963609292548882,0.10886930342098235,0.26299192184927717
test_002,0,0.01,0.18593856057454403,0.10249849124924562,0.28900701684719937
test_002,0,0.02,0.16237875238116092,0.08836355837285227,0.3555278493269762
test_002,0,0.05,0.1738959076875917,0.09522781774580336,0.5013920905354698
test_002,0,0.1,0.1826542006962843,0.10050602409638554,0.8380703388779809
test_002,0,0.15,0.21098727857940489,0.11793503537071941,0.8322662674802898
test_002,0,0.2,0.15870026931751002,0.08618926439460603,0.9738034479677725
test_002,1,0.0,0.20297344047645113,0.11294960522468077,0.2735598272829017
test_002,1,0.01,0.21720566661557664,0.1218343936528211,0.6420792338292257
test_002,1,0.02,0.1885660484771518,0.1040976671098755,0.3354289094468294
test_002,1,0.05,0.21685533489522893,0.1216139885557111,0.4032902488703328
test_002,1,0.1,0.18282936655645815,0.10061210719105455,0.6540885822597695
test_002,1,0.15,0.1883470911519345,0.10396422528402224,0.8795140531931263
test_002,1,0.2,0.20866633093210132,0.11648657898596783,0.999187016598986
test_002,2,0.0,0.19605438899958397,0.10868087585570714,0.23326647492992184
test_002,2,0.01,0.20428718442775504,0.11376383943813101,0.3342747120250155
test_002,2,0.02,0.20835979067679708,0.11629555398039743,0.38189279894994743
test_002,2,0.05,0.20034595257384336,0.11132470313412497,0.46621044013056107
test_002,2,0.1,0.1685533489522892,0.09203290134379034,0.778690801144671
test_002,2,0.15,0.1778809310065468,0.09762311038477252,0.9012184502583216
test_002,2,0.2,0.20104661601453877,0.11175754625121714,0.8859725809357115
test_002,3,0.0,0.21247618839088261,0.11886621426296577,0.33214810141278006
test_002,3,0.01,0.1821724945808062,0.10021440100214402,0.2950618555634839
test_002,3,0.02,0.2172494580806201,0.12186195038074184,0.3748139752872498
test_002,3,0.05,0.19368964988723697,0.10722944142746314,0.38962903143367156
test_002,3,0.1,0.20722121258566706,0.11558660446029459,0.576984640473949
test_002,3,0.15,0.1964923036500186,0.1089500777000777,0.7344708762817349
test_002,3,0.2,0.19574784874427975,0.10849251231766219,0.8840035828811131
test_002,4,0.0,0.2098924919533183,0.11725133323548119,0.313648824138357
test_002,4,0.01,0.1936458584221935,0.10720259885088124,0.33963720888491494
test_002,4,0.02,0.1755161918941998,0.09620046564097641,0.2912922609667625
test_002,4,0.05,0.19693021830045324,0.10921941030747559,0.39878529456404765
test_002,4,0.1,0.19456547918810624,0.10776656641117686,0.667702201366262
test_002,4,0.15,0.19263865472619388,0.10658557860050398,0.8537575343992686
test_002,4,0.2,0.1783626371220249,0.09791336121928938,0.9476962743450542
test_002,5,0.0,0.2016159050601038,0.11210947963084715,0.3269668093263405
test_002,5,0.01,0.16496244881872524,0.08989595265368461,0.24322708085706277
test_002,5,0.02,0.2053819710538416,0.11444327859251849,0.35868975811192566
test_002,5,0.05,0.19728055002080094,0.10943497060681144,0.4528186706325073
test_002,5,0.1,0.18541306299402247,0.10217921181552718,0.8164848686551202
test_002,5,0.15,0.1886974228722822,0.10417774769111746,0.8843262029833353
test_002,5,0.2,0.18659543255019598,0.10289785076068582,0.9378057552345096
test_002,6,0.0,0.19855050250706138,0.11021707951479204,0.2935323625540611
test_002,6,0.01,0.1914124937049769,0.10583535108958837,0.31633784006392557
test_002,6,0.02,0.19986424645836526,0.11102731894811103,0.32746569501297884
test_002,6,0.05,0.21133761029975257,0.11815399681723589,0.4256503715692269
test_002,6,0.1,0.16329837314707363,0.08890849268036813,0.7707439494991045
test_002,6,0.15,0.19907600008758294,0.11054103343465045,0.7405859234365285
test_002,6,0.2,0.16364870486742134,0.08911623026660943,0.9591259440972297
test_002,7,0.0,0.1963609292548882,0.10886930342098235,0.279848270325684
test_002,7,0.01,0.2275404523658339,0.12837554045707228,0.3763702337345066
test_002,7,0.02,0.20165969652514726,0.11213656065845225,0.36928561549248407
test_002,7,0.05,0.2310875610343544,0.13063821359607863,0.5469649117045938
test_002,7,0.1,0.2135709750169692,0.11955189488650292,0.6425698967318697
test_002,7,0.15,0.20441855882288543,0.11384532839060557,0.7732371638299614
test_002,7,0.2,0.2024041514308861,0.11259714000341056,0.8889672747172856
test_002,8,0.0,0.21282652011123032,0.11908554066305653,0.35818651269417623
test_002,8,0.01,0.21168794202010027,0.11837304405318706,0.4794847728209637
test_002,8,0.02,0.15642311313524995,0.0848476210836362,0.2833019499762593
test_002,8,0.05,0.1833548641369797,0.10093047922090445,0.4755890495476038
test_002,8,0.1,0.21015524074357908,0.11741534546878059,0.6594172222204706
test_002,8,0.15,0.194258938932802,0.10757851339881169,0.9157259798020008
test_002,8,0.2,0.15484662039368527,0.08392073098374273,0.9639506764025443
test_002,9,0.0,0.19206936568062885,0.10623713213031367,0.13684061875818782
test_002,9,0.01,0.19824396225175714,0.11002819366128719,0.3006651033977151
test_002,9,0.02,0.19491581090845395,0.10798156234837458,0.35066172716934096
test_002,9,0.05,0.183004532416632,0.10071821073941965,0.49048707855131096
test_002,9,0.1,0.20958595169801406,0.11706004647181117,0.5600108827831259
test_002,9,0.15,0.2314378927547021,0.13086217996335364,0.7636750042144941
test_002,9,0.2,0.21028661513870947,0.11749736964447381,0.9356973009708255
test_004,0,0.0,0.0033341027416583313,0.0016698350716744593,0.23810153720639113
test_004,0,0.01,0.0015901105383293581,0.0007956878850102669,0.5069371424166925
test_004,0,0.02,0.0033341027416583313,0.0016698350716744593,0.8399222353006083
test_004,0,0.05,0.0020004616449949986,0.0010012322858903265,0.9875312671815728
test_004,0,0.1,0.00041035110666564077,0.0002052176589795552,0.9961526482718094
test_004,0,0.15,0.0029237516349926904,0.0014640160271228231,0.9973612203552553
test_004,0,0.2,0.0,0.0,0.9969573411618654
test_004,1,0.0,0.0013336410966633325,0.0006672654946747081,0.9459376222917989
test_004,1,0.01,0.0,0.0,0.9827497491842524
test_004,1,0.02,0.003282808853325126,0.001644103064710869,0.9632456357596832
test_004,1,0.05,0.0033341027416583313,0.0016698350716744593,0.9584041216121927
test_004,1,0.1,0.001077171654997307,0.0005388760585065435,0.992882639123484
test_004,1,0.15,0.0014875227616629478,0.0007443149735639854,0.9905899760199924
test_004,1,0.2,0.0,0.0,0.9998136177344736
test_004,2,0.0,0.0037444538483239723,0.001875738732720078,0.1979452544635998
test_004,2,0.01,0.003282808853325126,0.001644103064710869,0.6827699836716833
test_004,2,0.02,0.004513862173322049,0.0022620363468113,0.9120621317789332
test_004,2,0.05,0.0033341027416583313,0.0016698350716744593,0.9865580814537215
test_004,2,0.1,0.0,0.0,0.9966769576936432
test_004,2,0.15,0.0,0.0,0.9940185151417602
test_004,2,0.2,0.00041035110666564077,0.0002052176589795552,0.9935388743864765
test_004,3,0.0,0.0020004616449949986,0.0010012322858903265,0.3378666774528703
test_004,3,0.01,0.0,0.0,0.8653459871223043
test_004,3,0.02,0.005385858274986536,0.00270020058632927,0.894560554089332
test_004,3,0.05,0.0028211638583262805,0.0014125744811999178,0.9633005957366639
test_004,3,0.1,0.00041035110666564077,0.0002052176589795552,0.9793013938158044
test_004,3,0.15,0.00041035110666564077,0.0002052176589795552,0.983537034432197
test_004,3,0.2,0.0,0.0,0.9912189502585464
test_004,4,0.0,0.004154804954989613,0.0020817270624518117,0.8073193091153027
test_004,4,0.01,0.0029237516349926904,0.0014640160271228231,0.8140672885200708
test_004,4,0.02,0.0049242132799876895,0.0024681835711531045,0.8862568898381352
test_004,4,0.05,0.0014875227616629478,0.0007443149735639854,0.9798646788388435
test_004,4,0.1,0.0019491677566617937,0.00097553461864298,0.9867953290037557
test_004,4,0.15,0.001538816649996153,0.00077000077000077,0.9883582944049039
test_004,4,0.2,0.0014875227616629478,0.0007443149735639854,0.996072835874959
test_004,5,0.0,0.004154804954989613,0.0020817270624518117,0.6501354719219176
test_004,5,0.01,0.0039496294016567925,0.001978722310736496,0.8661831414330271
test_004,5,0.02,0.003693159959990767,0.0018499961458413629,0.9431252480115597
test_004,5,0.05,0.0015901105383293581,0.0007956878850102669,0.979832710087293
test_004,5,0.1,0.00041035110666564077,0.0002052176589795552,0.9937661590721576
test_004,5,0.15,0.0,0.0,0.9948224416576352
test_004,5,0.2,0.0,0.0,0.9917363623127511
test_004,6,0.0,0.00533456438665333,0.002674415614472703,0.42111768577146763
test_004,6,0.01,0.0029237516349926904,0.0014640160271228231,0.7945328485743389
test_004,6,0.02,0.0029237516349926904,0.0014640160271228231,0.8925268159769946
test_004,6,0.05,0.0037957477366571775,0.001901482642546959,0.9793067584350714
test_004,6,0.1,0.0014875227616629478,0.0007443149735639854,0.9682126163088071
test_004,6,0.15,0.0028211638583262805,0.0014125744811999178,0.9922596863963522
test_004,6,0.2,0.00041035110666564077,0.0002052176589795552,0.9930212433682201
test_004,7,0.0,0.0037957477366571775,0.001901482642546959,0.6969204260317983
test_004,7,0.01,0.0,0.0,0.9756581604413291
test_004,7,0.02,0.004154804954989613,0.0020817270624518117,0.9163838252676503
test_004,7,0.05,0.0,0.0,0.9802808200191296
test_004,7,0.1,0.0029237516349926904,0.0014640160271228231,0.9953792672411488
test_004,7,0.15,0.001077171654997307,0.0005388760585065435,0.9966340407395068
test_004,7,0.2,0.0,0.0,0.9961653481868089
test_004,8,0.0,0.0013336410966633325,0.0006672654946747081,0.9161637663956758
test_004,8,0.01,0.0029237516349926904,0.0014640160271228231,0.9355409901522755
test_004,8,0.02,0.0019491677566617937,0.00097553461864298,0.9864810061075174
test_004,8,0.05,0.0014875227616629478,0.0007443149735639854,0.970381564723079
test_004,8,0.1,0.0029237516349926904,0.0014640160271228231,0.9947931004747053
test_004,8,0.15,0.0014875227616629478,0.0007443149735639854,0.9927821346237463
test_004,8,0.2,0.0014875227616629478,0.0007443149735639854,0.993035147585504
test_004,9,0.0,0.004154804954989613,0.0020817270624518117,0.5154618508780965
test_004,9,0.01,0.003693159959990767,0.0018499961458413629,0.6774340486954181
test_004,9,0.02,0.005488446051652946,0.0027517745087953915,0.7851054060687233
test_004,9,0.05,0.0033853966299915365,0.001695568400770713,0.9728351664045817
test_004,9,0.1,0.00041035110666564077,0.0002052176589795552,0.9815743501546415
test_004,9,0.15,0.0,0.0,0.989281556328964
test_004,9,0.2,0.0028211638583262805,0.0014125744811999178,0.9975750387517559
test_008,0,0.0,0.01385113574585766,0.006973865854239063,0.33919559797229054
test_008,0,0.01,0.012196563216488997,0.006135698827558325,0.40483515730926684
test_008,0,0.02,0.00907651216110809,0.004558945743796747,0.8107082032761167
test_008,0,0.05,0.022880374406126645,0.01157257968103675,0.9450773600409865
test_008,0,0.1,0.017963930318859764,0.009063372051422712,0.9915623659048238
test_008,0,0.15,0.02538586995059919,0.012856116830260953,0.9862653750168447
test_008,0,0.2,0.02231309239605739,0.011282419027130394,0.9901107992057842
test_008,1,0.0,0.026945895478289645,0.013656947073340201,0.6175183852370887
test_008,1,0.01,0.02425130593046068,0.012274489161123607,0.9301534467061056
test_008,1,0.02,0.02098943437256246,0.010606024412966104,0.3026140150897609
test_008,1,0.05,0.025764057957312028,0.013050141276758775,0.7768978993476492
test_008,1,0.1,0.024440399933817098,0.012371380713089256,0.9541132052232966
test_008,1,0.15,0.025149502446403668,0.012734889287851586,0.9729181746792592
test_008,1,0.2,0.018578485829768124,0.009376342033688027,0.9996534217156665
test_008,2,0.0,0.023778570922069635,0.01203234140273658,0.1662137024003573
test_008,2,0.01,0.024818587940529935,0.01256521947250012,0.48320256773649284
test_008,2,0.02,0.025244049448081878,0.012783376822349365,0.7916277381496882
test_008,2,0.05,0.024629493937173518,0.012468290815105539,0.9381219634332394
test_008,2,0.1,0.02212399839270097,0.011185735796744664,0.9869334737445123
test_008,2,0.15,0.02425130593046068,0.012274489161123607,0.9854610493290966
test_008,2,0.2,0.025764057957312028,0.013050141276758775,0.970785473179817
test_008,3,0.0,0.024913134942208145,0.012613690761129727,0.32461814542882644
test_008,3,0.01,0.020469425863332308,0.010340545445861394,0.24448130539570614
test_008,3,0.02,0.023684023920391425,0.011983925752284361,0.8329515455498692
test_008,3,0.05,0.026284066466542178,0.013317046298292256,0.7885920713454698
test_008,3,0.1,0.02590587845982934,0.013122919610143922,0.9229764368618638
test_008,3,0.15,0.026284066466542178,0.013317046298292256,0.9172841270681965
test_008,3,0.2,0.025953151960668448,0.013147181378418507,0.9648385254320597
test_008,4,0.0,0.015032973266835276,0.0075734120841172686,0.8042462220213885
test_008,4,0.01,0.02098943437256246,0.010606024412966104,0.5056979407497881
test_008,4,0.02,0.023684023920391425,0.011983925752284361,0.6860008404527149
test_008,4,0.05,0.026473160469898598,0.013414137542817449,0.7298849325380453
test_008,4,0.1,0.026284066466542178,0.013317046298292256,0.9472066938883056
test_008,4,0.15,0.02590587845982934,0.013122919610143922,0.9576491313187198
test_008,4,0.2,0.025716784456472925,0.013025884155831717,0.985623348434647
test_008,5,0.0,0.01181837520977616,0.005944313669543714,0.5444089932720612
test_008,5,0.01,0.009596520670338242,0.004821394641839255,0.8555366501971569
test_008,5,0.02,0.023684023920391425,0.011983925752284361,0.8784336972015986
test_008,5,0.05,0.026378613468220388,0.013365589594960358,0.9139119123195367
test_008,5,0.1,0.023684023920391425,0.011983925752284361,0.9852052164016727
test_008,5,0.15,0.025149502446403668,0.012734889287851586,0.9867852970510914
test_008,5,0.2,0.024629493937173518,0.012468290815105539,0.9621208301686354
test_008,6,0.0,0.01999669085494126,0.010099321936777768,0.2533496098848869
test_008,6,0.01,0.01999669085494126,0.010099321936777768,0.38448283317814724
test_008,6,0.02,0.02538586995059919,0.012856116830260953,0.5203700949299749
test_008,6,0.05,0.02425130593046068,0.012274489161123607,0.938746934486942
test_008,6,0.1,0.024629493937173518,0.012468290815105539,0.9527159554939859
test_008,6,0.15,0.02425130593046068,0.012274489161123607,0.9657115077695454
test_008,6,0.2,0.02425130593046068,0.012274489161123607,0.9702987931310445
test_008,7,0.0,0.012196563216488997,0.006135698827558325,0.6007524205077857
test_008,7,0.01,0.02425130593046068,0.012274489161123607,0.8008781353624281
test_008,7,0.02,0.022785827404448438,0.011524208009563658,0.8124758947389796
test_008,7,0.05,0.02538586995059919,0.012856116830260953,0.8908935755216899
test_008,7,0.1,0.02538586995059919,0.012856116830260953,0.9711166980612248
test_008,7,0.15,0.024629493937173518,0.012468290815105539,0.9816768946820116
test_008,7,0.2,0.025764057957312028,0.013050141276758775,0.9842847610326438
test_008,8,0.0,0.02538586995059919,0.012856116830260953,0.688313819974688
test_008,8,0.01,0.024298579431299785,0.012298710310339052,0.8182682020739183
test_008,8,0.02,0.012716571725719147,0.006398972358342452,0.9699192261465778
test_008,8,0.05,0.02477131443969083,0.012540985568293325,0.8725722986811647
test_008,8,0.1,0.02538586995059919,0.012856116830260953,0.9720160784459988
test_008,8,0.15,0.024629493937173518,0.012468290815105539,0.9789634361422261
test_008,8,0.2,0.024629493937173518,0.012468290815105539,0.9774511430710292
test_008,9,0.0,0.01753846881130782,0.008846814193056085,0.4078147690007248
test_008,9,0.01,0.018200297823055288,0.009183722150660751,0.5081033134372703
test_008,9,0.02,0.01999669085494126,0.010099321936777768,0.688892404336242
test_008,9,0.05,0.02557496395395561,0.012953119762486233,0.7630791733958456
test_008,9,0.1,0.02538586995059919,0.012856116830260953,0.875324702488246
test_008,9,0.15,0.02538586995059919,0.012856116830260953,0.947748342710444
test_008,9,0.2,0.0254804169522774,0.01290461597395135,0.9898123817740926
test_010,0,0.0,0.0037258232425620512,0.0018663885381786244,0.3017138443739126
test_010,0,0.01,0.0037258232425620512,0.0018663885381786244,0.3989170155121683
test_010,0,0.02,0.004629883294066078,0.0023203130363149585,0.6664991975304367
test_010,0,0.05,0.002766971672785053,0.0013854025211582513,0.9565115060006695
test_010,0,0.1,0.001917703139553997,0.0009597718485205803,0.9864867901145208
test_010,0,0.15,0.00468467481233905,0.002347836832205182,0.9983948468359046
test_010,0,0.2,0.001917703139553997,0.0009597718485205803,0.988158562093482
test_010,1,0.0,0.004712070571475536,0.002361599297012302,0.9474822831055043
test_010,1,0.01,0.0027943674319215388,0.0013991385695865683,0.9837108848342826
test_010,1,0.02,0.001917703139553997,0.0009597718485205803,0.8251567607344819
test_010,1,0.05,0.004629883294066078,0.0023203130363149585,0.9768768582501184
test_010,1,0.1,0.0037258232425620512,0.0018663885381786244,0.9916699776085393
test_010,1,0.15,0.0037258232425620512,0.0018663885381786244,0.9959893005202213
test_010,1,0.2,0.0027943674319215388,0.0013991385695865683,0.9998369697078121
test_010,2,0.0,0.0027943674319215388,0.0013991385695865683,0.4370385885876957
test_010,2,0.01,0.003698427483425566,0.0018526396684461156,0.9057472083900745
test_010,2,0.02,0.0037258232425620512,0.0018663885381786244,0.9327904585066199
test_010,2,0.05,0.0037258232425620512,0.0018663885381786244,0.995689296484417
test_010,2,0.1,0.0009314558106405128,0.00046594490886665754,0.9952250969109772
test_010,2,0.15,0.001917703139553997,0.0009597718485205803,0.995105115718986
test_010,2,0.2,0.0037258232425620512,0.0018663885381786244,0.9906408963720397
test_010,3,0.0,0.0027943674319215388,0.0013991385695865683,0.0953873834370353
test_010,3,0.01,0.0028765547093309958,0.001440348975980466,0.9814114325258152
test_010,3,0.02,0.004629883294066078,0.0023203130363149585,0.9580197972235645
test_010,3,0.05,0.0037258232425620512,0.0018663885381786244,0.9346570595190442
test_010,3,0.1,0.0037258232425620512,0.0018663885381786244,0.9397950115508906
test_010,3,0.15,0.0037258232425620512,0.0018663885381786244,0.96949888289171
test_010,3,0.2,0.0037258232425620512,0.0018663885381786244,0.9827219334773171
test_010,4,0.0,0.004629883294066078,0.0023203130363149585,0.9662310036684817
test_010,4,0.01,0.003698427483425566,0.0018526396684461156,0.9426440287745039
test_010,4,0.02,0.002766971672785053,0.0013854025211582513,0.9501511753736517
test_010,4,0.05,0.001917703139553997,0.0009597718485205803,0.9773025617304684
test_010,4,0.1,0.001917703139553997,0.0009597718485205803,0.9821322386826371
test_010,4,0.15,0.001917703139553997,0.0009597718485205803,0.9895552452799119
test_010,4,0.2,0.002766971672785053,0.0013854025211582513,0.9977768671134105
test_010,5,0.0,0.004629883294066078,0.0023203130363149585,0.4770414412257314
test_010,5,0.01,0.003698427483425566,0.0018526396684461156,0.5975090931306405
test_010,5,0.02,0.004629883294066078,0.0023203130363149585,0.9491037140396557
test_010,5,0.05,0.004629883294066078,0.0023203130363149585,0.9941689560864966
test_010,5,0.1,0.0037258232425620512,0.0018663885381786244,0.9950537535576485
test_010,5,0.15,0.002766971672785053,0.0013854025211582513,0.9947812175564362
test_010,5,0.2,0.0037258232425620512,0.0018663885381786244,0.9954025669634713
test_010,6,0.0,0.003753219001698537,0.0018801377852800307,0.3750376694284299
test_010,6,0.01,0.00468467481233905,0.002347836832205182,0.5643143307169682
test_010,6,0.02,0.00468467481233905,0.002347836832205182,0.8732510939045756
test_010,6,0.05,0.003753219001698537,0.0018801377852800307,0.9781559088125706
test_010,6,0.1,0.002821763191058024,0.0014128749948560376,0.9866814149246784
test_010,6,0.15,0.004629883294066078,0.0023203130363149585,0.9815110934989075
test_010,6,0.2,0.0037258232425620512,0.0018663885381786244,0.9858297016290202
test_010,7,0.0,0.003698427483425566,0.0018526396684461156,0.8749228658835367
test_010,7,0.01,0.003698427483425566,0.0018526396684461156,0.9589095981657014
test_010,7,0.02,0.004629883294066078,0.0023203130363149585,0.9746228456271286
test_010,7,0.05,0.003698427483425566,0.0018526396684461156,0.986905652114136
test_010,7,0.1,0.003698427483425566,0.0018526396684461156,0.9963976450196023
test_010,7,0.15,0.0037258232425620512,0.0018663885381786244,0.9917045934588243
test_010,7,0.2,0.0037258232425620512,0.0018663885381786244,0.9801401424489726
test_010,8,0.0,0.003698427483425566,0.0018526396684461156,0.9771244790080577
test_010,8,0.01,0.003698427483425566,0.0018526396684461156,0.9760921301986698
test_010,8,0.02,0.0009040600515040272,0.0004522344493017774,0.9948562696212137
test_010,8,0.05,0.001917703139553997,0.0009597718485205803,0.93489048675725
test_010,8,0.1,0.00468467481233905,0.002347836832205182,0.9973063366174997
test_010,8,0.15,0.0037258232425620512,0.0018663885381786244,0.9913746707087618
test_010,8,0.2,0.001917703139553997,0.0009597718485205803,0.9885125831935955
test_010,9,0.0,0.003698427483425566,0.0018526396684461156,0.6396709945546006
test_010,9,0.01,0.003698427483425566,0.0018526396684461156,0.676461567764335
test_010,9,0.02,0.0037258232425620512,0.0018663885381786244,0.61628288210437
test_010,9,0.05,0.0037258232425620512,0.0018663885381786244,0.9324629864362236
test_010,9,0.1,0.0037258232425620512,0.0018663885381786244,0.9739550354180884
test_010,9,0.15,0.003753219001698537,0.0018801377852800307,0.9937528511015059
test_010,9,0.2,0.004629883294066078,0.0023203130363149585,0.9972395555965956
test_011,0,0.0,0.0,0.0,0.5205437457101288
test_011,0,0.01,0.0,0.0,0.6072895629559624
test_011,0,0.02,0.0,0.0,0.8584279346084132
test_011,0,0.05,0.0,0.0,0.9715531531533353
test_011,0,0.1,0.0,0.0,0.9927225142851496
test_011,0,0.15,0.0,0.0,0.9936723875979071
test_011,0,0.2,0.0,0.0,0.9907412152039861
test_011,1,0.0,0.0030446153245638004,0.0015246286161063331,0.9647519199039549
test_011,1,0.01,0.0018736094305008002,0.0009376831412385232,0.9782801380104434
test_011,1,0.02,0.0,0.0,0.9080392610145779
test_011,1,0.05,0.0,0.0,0.9074301481388564
test_011,1,0.1,0.0,0.0,0.9923884827883891
test_011,1,0.15,0.0,0.0,0.9837243683042346
test_011,1,0.2,0.0018736094305008002,0.0009376831412385232,0.9997446523174255
test_011,2,0.0,0.0,0.0,0.37608084583608
test_011,2,0.01,0.0,0.0,0.7027714425858209
test_011,2,0.02,0.0,0.0,0.8285015190994064
test_011,2,0.05,0.0,0.0,0.9535432307740239
test_011,2,0.1,0.0014052070728756002,0.0007030975352525292,0.9934069107747242
test_011,2,0.15,0.0,0.0,0.9957317883961162
test_011,2,0.2,0.0,0.0,0.9836395951592234
test_011,3,0.0,0.0,0.0,0.4045518835831598
test_011,3,0.01,0.0,0.0,0.9056047074179238
test_011,3,0.02,0.0,0.0,0.8215578278580363
test_011,3,0.05,0.0,0.0,0.967598606714415
test_011,3,0.1,0.0014052070728756002,0.0007030975352525292,0.9795031947959304
test_011,3,0.15,0.0,0.0,0.9856969255142708
test_011,3,0.2,0.0,0.0,0.9928708960450742
test_011,4,0.0,0.0,0.0,0.796874809656132
test_011,4,0.01,0.0,0.0,0.8027398000102363
test_011,4,0.02,0.0,0.0,0.8340205153962602
test_011,4,0.05,0.0,0.0,0.9505084211973958
test_011,4,0.1,0.0014052070728756002,0.0007030975352525292,0.9902907787916878
test_011,4,0.15,0.0,0.0,0.9925896608489381
test_011,4,0.2,0.0,0.0,0.987908963983348
test_011,5,0.0,0.0,0.0,0.42957790520219213
test_011,5,0.01,0.0,0.0,0.9175143565827233
test_011,5,0.02,0.0,0.0,0.7940252472301694
test_011,5,0.05,0.0,0.0,0.9706114465886047
test_011,5,0.1,0.0,0.0,0.9902308509646175
test_011,5,0.15,0.0,0.0,0.9936546738064123
test_011,5,0.2,0.0,0.0,0.9864853042604127
test_011,6,0.0,0.0,0.0,0.44148157308674674
test_011,6,0.01,0.0,0.0,0.7069873249616007
test_011,6,0.02,0.0,0.0,0.7850026585174839
test_011,6,0.05,0.0,0.0,0.9719621807023988
test_011,6,0.1,0.0,0.0,0.9887260988845141
test_011,6,0.15,0.0,0.0,0.9922769089068955
test_011,6,0.2,0.0,0.0,0.9943777185683393
test_011,7,0.0,0.0,0.0,0.5902167461565777
test_011,7,0.01,0.0014052070728756002,0.0007030975352525292,0.9557739607438668
test_011,7,0.02,0.0,0.0,0.8596091224321849
test_011,7,0.05,0.0,0.0,0.9711848443197861
test_011,7,0.1,0.0,0.0,0.9873736394014185
test_011,7,0.15,0.0,0.0,0.9896508968300906
test_011,7,0.2,0.0,0.0,0.993335135411784
test_011,8,0.0,0.0,0.0,0.7374898987926712
test_011,8,0.01,0.0,0.0,0.7925334929321369
test_011,8,0.02,0.0,0.0,0.9658953221400249
test_011,8,0.05,0.0,0.0,0.9548960928432898
test_011,8,0.1,0.0,0.0,0.9903355233689054
test_011,8,0.15,0.0,0.0,0.9913967405139165
test_011,8,0.2,0.0,0.0,0.9829438112322592
test_011,9,0.0,0.0,0.0,0.4701824012686245
test_011,9,0.01,0.0,0.0,0.6509864384213812
test_011,9,0.02,0.0,0.0,0.7608080923648196
test_011,9,0.05,0.0,0.0,0.9680978135656342
test_011,9,0.1,0.0014052070728756002,0.0007030975352525292,0.9861412656217038
test_011,9,0.15,0.0,0.0,0.9869237781122209
test_011,9,0.2,0.0,0.0,0.9966939693432241
test_013,0,0.0,0.01590015387245683,0.008013787160706592,0.36613641841447836
test_013,0,0.01,0.007009745255599248,0.003517199965685854,0.6179661656759482
test_013,0,0.02,0.01590015387245683,0.008013787160706592,0.8479569994751177
test_013,0,0.05,0.016413062061890922,0.008274435442165143,0.9660121800071974
test_013,0,0.1,0.006496837066165157,0.0032590051457975985,0.9951583557464404
test_013,0,0.15,0.012993674132330314,0.006539321975563586,0.9929820870964636
test_013,0,0.2,0.007009745255599248,0.003517199965685854,0.9920587136779769
test_013,1,0.0,0.008206531030945461,0.004120171673819743,0.9618342937202736
test_013,1,0.01,0.01248076594289622,0.0062795698924731184,0.9705711057038301
test_013,1,0.02,0.010258163788681825,0.005155525004296271,0.9344915518755886
test_013,1,0.05,0.018293725423149255,0.009231300146665516,0.5492698037417475
test_013,1,0.1,0.010258163788681825,0.005155525004296271,0.9911043024975242
test_013,1,0.15,0.010771071978115917,0.0054146970348087665,0.9856987073597222
test_013,1,0.2,0.006325867669687126,0.003172969728153675,0.9996446479919151
test_013,2,0.0,0.013164643528808343,0.006625935805868686,0.08723894423197258
test_013,2,0.01,0.018293725423149255,0.009231300146665516,0.4339119828100276
test_013,2,0.02,0.01213882714994016,0.006106476305151802,0.9444151130405436
test_013,2,0.05,0.012651735339374252,0.006366139022711631,0.9749675283639403
test_013,2,0.1,0.006496837066165157,0.0032590051457975985,0.9961565886850786
test_013,2,0.15,0.008206531030945461,0.004120171673819743,0.9946001212448521
test_013,2,0.2,0.013164643528808343,0.006625935805868686,0.9868794143538528
test_013,3,0.0,0.018293725423149255,0.009231300146665516,0.4399433259418909
test_013,3,0.01,0.017780817233715166,0.00897015697774711,0.8172493953418913
test_013,3,0.02,0.017267909044281073,0.008709148917823576,0.9050776754393893
test_013,3,0.05,0.01213882714994016,0.006106476305151802,0.9585051121375989
test_013,3,0.1,0.01196785775346213,0.006019951840385277,0.9561765803684696
test_013,3,0.15,0.013164643528808343,0.006625935805868686,0.9631358444597634
test_013,3,0.2,0.013164643528808343,0.006625935805868686,0.9864651747151557
test_013,4,0.0,0.018293725423149255,0.009231300146665516,0.8142444566086068
test_013,4,0.01,0.017267909044281073,0.008709148917823576,0.6844292079919684
test_013,4,0.02,0.015387245683022738,0.007753273604410751,0.890028940227837
test_013,4,0.05,0.017780817233715166,0.00897015697774711,0.8249956702253298
test_013,4,0.1,0.006325867669687126,0.003172969728153675,0.9946493491705932
test_013,4,0.15,0.01162591896050607,0.005846947549441101,0.9873151514588296
test_013,4,0.2,0.006496837066165157,0.0032590051457975985,0.9910535481244733
test_013,5,0.0,0.016413062061890922,0.008274435442165143,0.22713031924208196
test_013,5,0.01,0.015387245683022738,0.007753273604410751,0.8991539786438526
test_013,5,0.02,0.017267909044281073,0.008709148917823576,0.8005769654065099
test_013,5,0.05,0.017780817233715166,0.00897015697774711,0.9762200419836028
test_013,5,0.1,0.008206531030945461,0.004120171673819743,0.9955350702221049
test_013,5,0.15,0.013506582321764405,0.006799208193476203,0.9959386883316046
test_013,5,0.2,0.018293725423149255,0.009231300146665516,0.9841761397701675
test_013,6,0.0,0.01590015387245683,0.008013787160706592,0.3929901883042573
test_013,6,0.01,0.017267909044281073,0.008709148917823576,0.33045183282764773
test_013,6,0.02,0.017609847837237135,0.008883139284174214,0.42474894221619497
test_013,6,0.05,0.017609847837237135,0.008883139284174214,0.8326934168047109
test_013,6,0.1,0.015387245683022738,0.007753273604410751,0.9893129529775021
test_013,6,0.15,0.017780817233715166,0.00897015697774711,0.9749932871622932
test_013,6,0.2,0.017780817233715166,0.00897015697774711,0.9891547748750241
test_013,7,0.0,0.018293725423149255,0.009231300146665516,0.3985744095782916
test_013,7,0.01,0.01196785775346213,0.006019951840385277,0.8966781447093276
test_013,7,0.02,0.018293725423149255,0.009231300146665516,0.5696017002964616
test_013,7,0.05,0.01248076594289622,0.0062795698924731184,0.9185226233441115
test_013,7,0.1,0.013164643528808343,0.006625935805868686,0.9793940347564478
test_013,7,0.15,0.01213882714994016,0.006106476305151802,0.992620064676156
test_013,7,0.2,0.01213882714994016,0.006106476305151802,0.99389878230797
test_013,8,0.0,0.018122756026671225,0.00914423740510697,0.1874016500153273
test_013,8,0.01,0.018293725423149255,0.009231300146665516,0.6566463405062909
test_013,8,0.02,0.01590015387245683,0.008013787160706592,0.9780285004338888
test_013,8,0.05,0.017267909044281073,0.008709148917823576,0.9649235686674247
test_013,8,0.1,0.018293725423149255,0.009231300146665516,0.9695203375369462
test_013,8,0.15,0.017267909044281073,0.008709148917823576,0.9866760788517932
test_013,8,0.2,0.016413062061890922,0.008274435442165143,0.958708829251486
test_013,9,0.0,0.010258163788681825,0.005155525004296271,0.2623021298362693
test_013,9,0.01,0.010771071978115917,0.0054146970348087665,0.546330947456583
test_013,9,0.02,0.010258163788681825,0.005155525004296271,0.758571425111767
test_013,9,0.05,0.017267909044281073,0.008709148917823576,0.9668506447940766
test_013,9,0.1,0.01196785775346213,0.006019951840385277,0.9573595134315938
test_013,9,0.15,0.012993674132330314,0.006539321975563586,0.9726171175167039
test_013,9,0.2,0.01248076594289622,0.0062795698924731184,0.9964756797747981
test_016,0,0.0,0.4659524209744057,0.30374052757240566,0.5524788933302281
test_016,0,0.01,0.4902815991790008,0.3247503633209882,0.591607693272937
test_016,0,0.02,0.4904762326046376,0.3249211726231641,0.6108613093234466
test_016,0,0.05,0.49058239629134853,0.32501435990012545,0.7428248948642137
test_016,0,0.1,0.4903789158918192,0.3248357624665225,0.8025139705638876
test_016,0,0.15,0.4908743464298037,0.3252706925155791,0.8248921482064034
test_016,0,0.2,0.49071510089973724,0.32513086243178446,0.8882879663420215
test_016,1,0.0,0.48924650323356894,0.32384270781483326,0.528670899307379
test_016,1,0.01,0.49084780550812596,0.32524738545232845,0.7755997675020567
test_016,1,0.02,0.49062663116081145,0.32505319180113595,0.6779222742805606
test_016,1,0.05,0.49084780550812596,0.32524738545232845,0.7569354840066922
test_016,1,0.1,0.48902532888625444,0.323648925581123,0.8148432577546408
test_016,1,0.15,0.48914918652075057,0.3237574366421511,0.8425428869825864
test_016,1,0.2,0.49084780550812596,0.32524738545232845,0.9864155440945684
test_016,2,0.0,0.49058239629134853,0.32501435990012545,0.619858687883295
test_016,2,0.01,0.49049392655242274,0.32493670292573146,0.6832923680194221
test_016,2,0.02,0.49061778418691887,0.32504542523884883,0.6820887245060182
test_016,2,0.05,0.4906000902391337,0.3250298923874053,0.7238046033918408
test_016,2,0.1,0.49061778418691887,0.32504542523884883,0.7936656736310435
test_016,2,0.15,0.49044084470906724,0.3248901131102385,0.8472758473906601
test_016,2,0.2,0.4907770297169853,0.32518523729131493,0.8611176689156366
test_016,3,0.0,0.4906885599780595,0.32510756028651483,0.6702922923863175
test_016,3,0.01,0.49076818274309275,0.32517746918103324,0.6651522628866601
test_016,3,0.02,0.49058239629134853,0.32501435990012545,0.6837799990343111
test_016,3,0.05,0.49054700839577825,0.32498329601800513,0.7292204470479839
test_016,3,0.1,0.4907504887953076,0.3251619332336821,0.7976987128908186
test_016,3,0.15,0.4886626029566587,0.3233312454999385,0.8357166838074825
test_016,3,0.2,0.489476524554776,0.32404430153626296,0.8587206887667452
test_016,4,0.0,0.49061778418691887,0.32504542523884883,0.6574233665160872
test_016,4,0.01,0.49080357063866303,0.32520854216860406,0.6846468285015201
test_016,4,0.02,0.49071510089973724,0.32513086243178446,0.6504498170556691
test_016,4,0.05,0.49080357063866303,0.32520854216860406,0.7479132322159538
test_016,4,0.1,0.49049392655242274,0.32493670292573146,0.7934988704843565
test_016,4,0.15,0.4901488945706121,0.32463392768204,0.839140881064628
test_016,4,0.2,0.49049392655242274,0.32493670292573146,0.8668429818398291
test_016,5,0.0,0.49036122194403403,0.32482023453020703,0.629773063061027
test_016,5,0.01,0.4902904461528934,0.32475812642472474,0.5594096902817381
test_016,5,0.02,0.49061778418691887,0.32504542523884883,0.6793423622302076
test_016,5,0.05,0.49044084470906724,0.3248901131102385,0.7204223698519261
test_016,5,0.1,0.49058239629134853,0.32501435990012545,0.7979854123724507
test_016,5,0.15,0.48858298019162544,0.32326153125731677,0.8403120789470402
test_016,5,0.2,0.48813178452310385,0.3228666225839863,0.8738318864448981
test_016,6,0.0,0.4904585386568524,0.32490564268467076,0.6209326540449556
test_016,6,0.01,0.49058239629134853,0.32501435990012545,0.6791393798385899
test_016,6,0.02,0.49061778418691887,0.32504542523884883,0.6981179179381792
test_016,6,0.05,0.49083895853423337,0.32523961661341855,0.7428110121306937
test_016,6,0.1,0.48862721506108836,0.32330026048526356,0.8102916142601159
test_016,6,0.15,0.4903789158918192,0.3248357624665225,0.8318599131945216
test_016,6,0.2,0.48632700184901756,0.321289342178322,0.8786187476175853
test_016,7,0.0,0.490299293126786,0.3247658896194461,0.5846559144628116
test_016,7,0.01,0.49084780550812596,0.32524738545232845,0.7147785128149398
test_016,7,0.02,0.49084780550812596,0.32524738545232845,0.718723943612426
test_016,7,0.05,0.4907770297169853,0.32518523729131493,0.7846222822233542
test_016,7,0.1,0.49084780550812596,0.32524738545232845,0.783843324148993
test_016,7,0.15,0.4908743464298037,0.3252706925155791,0.8275974933149959
test_016,7,0.2,0.4904319977351747,0.32488234845954134,0.8608740374595835
test_016,8,0.0,0.4908124176125556,0.32521631064318707,0.7298921294542362
test_016,8,0.01,0.49084780550812596,0.32524738545232845,0.7720434213459124
test_016,8,0.02,0.49044084470906724,0.3248901131102385,0.6432859058704696
test_016,8,0.05,0.4902108233878602,0.3246882617663604,0.755510558134758
test_016,8,0.1,0.49084780550812596,0.32524738545232845,0.7899649785979584
test_016,8,0.15,0.4897153928498757,0.32425371385725665,0.8499351270653
test_016,8,0.2,0.4881671724186742,0.32289758729452794,0.8814287390886958
test_016,9,0.0,0.47515327382268896,0.31160723610160246,0.5056212496030582
test_016,9,0.01,0.49012235364893436,0.3246106430103243,0.5989432981132226
test_016,9,0.02,0.49061778418691887,0.32504542523884883,0.697764171163979
test_016,9,0.05,0.4905912432652411,0.3250221260982457,0.7581248240976816
test_016,9,0.1,0.49083895853423337,0.32523961661341855,0.8029420741001985
test_016,9,0.15,0.49084780550812596,0.32524738545232845,0.8212781150855947
test_016,9,0.2,0.4905027735263153,0.32494446821354683,0.875134917709638
test_021,0,0.0,0.19569248677314197,0.10845850019388424,0.7903466571467113
test_021,0,0.01,0.19567597577423684,0.10844835691760052,0.7893704061433606
test_021,0,0.02,0.19574821139444673,0.10849273512192778,0.8135977457332513
test_021,0,0.05,0.19567597577423684,0.10844835691760052,0.8595115806193097
test_021,0,0.1,0.19566565639992117,0.108442017464192,0.9015854518629358
test_021,0,0.15,0.1957936166414358,0.10852063181206703,0.9128548132391516
test_021,0,0.2,0.19517445418249402,0.10814034333389748,0.9558447110815582
test_021,1,0.0,0.19572963652067848,0.10848132324428202,0.7184869770521395
test_021,1,0.01,0.1958782355108245,0.10857262484513404,0.8872608811218121
test_021,1,0.02,0.19575027526930988,0.10849400312283732,0.814325254554494
test_021,1,0.05,0.19581838313979347,0.10853584878033155,0.8835431536574935
test_021,1,0.1,0.19564914540101605,0.10843187448956482,0.9126497622986116
test_021,1,0.15,0.19522811492893563,0.10817329134160818,0.9356854729238774
test_021,1,0.2,0.1958782355108245,0.10857262484513404,0.9818970040422549
test_021,2,0.0,0.19572963652067848,0.10848132324428202,0.8247448212822152
test_021,2,0.01,0.19570693389718394,0.10846737571291634,0.84269978665366
test_021,2,0.02,0.19578536114198325,0.10851555958214938,0.8162532795360897
test_021,2,0.05,0.1958142553900672,0.10853331258994205,0.8502153752912637
test_021,2,0.1,0.19562231502779523,0.10841539255170331,0.8948870880392035
test_021,2,0.15,0.19529209504969294,0.1082125780654074,0.937169882856145
test_021,2,0.2,0.19525700917701957,0.10819103338807287,0.96117385097352
test_021,3,0.0,0.1957832972671201,0.10851429153192273,0.8264559788283923
test_021,3,0.01,0.19572757264581533,0.10848005527238119,0.8062922722482784
test_021,3,0.02,0.19578123339225695,0.10851302348459717,0.8052204466539981
test_021,3,0.05,0.1957420197698573,0.10848893113660463,0.8384089095385923
test_021,3,0.1,0.19568423127368942,0.10845342853253752,0.8796230563060947
test_021,3,0.15,0.19488757557651765,0.10796423144600588,0.9380210676805076
test_021,3,0.2,0.194848361954118,0.10794016294666847,0.9541834509192171
test_021,4,0.0,0.19588442713541393,0.10857642940490082,0.8360503768801388
test_021,4,0.01,0.19579568051629895,0.10852189987679925,0.8502949132105724
test_021,4,0.02,0.19568423127368942,0.10845342853253752,0.8059279468725683
test_021,4,0.05,0.19566978414964745,0.10844455323685379,0.8707306970677224
test_021,4,0.1,0.19551912128463828,0.10835200505079966,0.8876345405354935
test_021,4,0.15,0.1943757346104591,0.10765015642306122,0.9405804807518968
test_021,4,0.2,0.19488138395192822,0.10796043108711609,0.9522121815382969
test_021,5,0.0,0.19579774439116207,0.10852316794443262,0.8389114581148988
test_021,5,0.01,0.19576059464362558,0.10850034317089911,0.7996174421160268
test_021,5,0.02,0.19579568051629895,0.10852189987679925,0.8275422026727347
test_021,5,0.05,0.19576059464362558,0.10850034317089911,0.8398256973447059
test_021,5,0.1,0.19566565639992117,0.108442017464192,0.8773820928067694
test_021,5,0.15,0.1952838395502404,0.10820750865419913,0.9285123640411999
test_021,5,0.2,0.19434064873778573,0.10762863360795896,0.9622634509592564
test_021,6,0.0,0.19586172451191938,0.10856247948008982,0.8189043449164951
test_021,6,0.01,0.1957832972671201,0.10851429153192273,0.8333881900927889
test_021,6,0.02,0.19581838313979347,0.10853584878033155,0.8319808356229228
test_021,6,0.05,0.19581838313979347,0.10853584878033155,0.8747147425090523
test_021,6,0.1,0.1955831014053956,0.10839130444728613,0.9076864372565042
test_021,6,0.15,0.19568423127368942,0.10845342853253752,0.9337757684742573
test_021,6,0.2,0.19445828960498468,0.10770080164054543,0.9659215994578005
test_021,7,0.0,0.195752339144173,0.10849527112664778,0.8285259506959453
test_021,7,0.01,0.1958782355108245,0.10857262484513404,0.8640936002804613
test_021,7,0.02,0.19581838313979347,0.10853584878033155,0.86522569992845
test_021,7,0.05,0.1958782355108245,0.10857262484513404,0.9049254486842452
test_021,7,0.1,0.19582251088951974,0.1085383849823261,0.8929340895411207
test_021,7,0.15,0.1958245747643829,0.10853965308767527,0.9432662012307277
test_021,7,0.2,0.19562850665238465,0.10841919603231975,0.9585272540155477
test_021,8,0.0,0.19579980826602522,0.10852443601496715,0.8783481657368002
test_021,8,0.01,0.19577091401794128,0.10850668329148531,0.8945518570584465
test_021,8,0.02,0.19579155276657265,0.10851936375023594,0.8176914164716059
test_021,8,0.05,0.19576472239335185,0.10850287921043059,0.8791500986161228
test_021,8,0.1,0.19582044701465662,0.10853711687987819,0.8984447466821417
test_021,8,0.15,0.19505887719015821,0.1080693850481396,0.9451820621734778
test_021,8,0.2,0.1928897447089988,0.10673933377570122,0.954896313244707
test_021,9,0.0,0.19578948889170952,0.10851809569130597,0.7706829173877203
test_021,9,0.01,0.1957626585184887,0.10850161118921435,0.7758711033764877
test_021,9,0.02,0.1958245747643829,0.10853965308767527,0.8527886901213335
test_021,9,0.05,0.19578123339225695,0.10851302348459717,0.8555858232661624
test_021,9,0.1,0.19581838313979347,0.10853584878033155,0.9141490669723228
test_021,9,0.15,0.19582251088951974,0.1085383849823261,0.9239014485816476
test_021,9,0.2,0.1958245747643829,0.10853965308767527,0.9535984847735894
test_026,0,0.0,0.4144131316932277,0.261362615935243,0.5601562031986799
test_026,0,0.01,0.41862357236567777,0.2647210145859594,0.5618435949863402
test_026,0,0.02,0.41862357236567777,0.2647210145859594,0.5979664752784675
test_026,0,0.05,0.4182981276760198,0.26446079061752525,0.677948019294928
test_026,0,0.1,0.41860323207257416,0.2647047474500624,0.7472449335554594
test_026,0,0.15,0.41876595441740316,0.2648348962554188,0.7504564992514766
test_026,0,0.2,0.4181557456242945,0.2643469763016112,0.8573204531587817
test_026,1,0.0,0.41821676650360534,0.264395751356634,0.49339707894572454
test_026,1,0.01,0.4188676558829213,0.26491625286232534,0.7050752560047276
test_026,1,0.02,0.4183388082622271,0.26449331275720167,0.6100471375541543
test_026,1,0.05,0.4187252738311959,0.26480235654287954,0.7061990028365448
test_026,1,0.1,0.4185625514863669,0.26467221443362615,0.7720693455043356
test_026,1,0.15,0.41799302327946547,0.26421692788356455,0.8059161512885512
test_026,1,0.2,0.4188676558829213,0.26491625286232534,0.9757167186806989
test_026,2,0.0,0.41860323207257416,0.2647047474500624,0.594806992856526
test_026,2,0.01,0.41860323207257416,0.2647047474500624,0.6330479853457343
test_026,2,0.02,0.41862357236567777,0.2647210145859594,0.6067076076235313
test_026,2,0.05,0.41876595441740316,0.2648348962554188,0.651053799137853
test_026,2,0.1,0.4185625514863669,0.26467221443362615,0.7358219850061405
test_026,2,0.15,0.4184608500208488,0.2645908892147028,0.8089941428735032
test_026,2,0.2,0.4184608500208488,0.2645908892147028,0.8315724193393615
test_026,3,0.0,0.41839982914153795,0.2645420991036177,0.6056559624670504
test_026,3,0.01,0.41844050972774516,0.2645746254260176,0.6322646694380067
test_026,3,0.02,0.4188676558829213,0.26491625286232534,0.6126932867543937
test_026,3,0.05,0.4185625514863669,0.26467221443362615,0.6655695611562431
test_026,3,0.1,0.4184608500208488,0.2645908892147028,0.7438387937232973
test_026,3,0.15,0.4179523426932582,0.2641844199591149,0.8036634020564444
test_026,3,0.2,0.4173421339001495,0.26369700163220194,0.8305608700367327
test_026,4,0.0,0.4188676558829213,0.26491625286232534,0.6194466922415597
test_026,4,0.01,0.4187049335380923,0.26478608731445036,0.6408715781073627
test_026,4,0.02,0.41880663500361043,0.26486743764230675,0.6229052696557845
test_026,4,0.05,0.4184608500208488,0.2645908892147028,0.6897748789493247
test_026,4,0.1,0.4184811903139524,0.2646071534217329,0.7471227563513065
test_026,4,0.15,0.4175658771242894,0.26387567803799583,0.8157383954043407
test_026,4,0.2,0.418501530607056,0.2646234180471242,0.8377979649773624
test_026,5,0.0,0.4188676558829213,0.26491625286232534,0.6282461673018014
test_026,5,0.01,0.4186439126587814,0.26473728214033054,0.5367718760626006
test_026,5,0.02,0.4188676558829213,0.26491625286232534,0.61893654779174
test_026,5,0.05,0.41860323207257416,0.2647047474500624,0.6626080187963223
test_026,5,0.1,0.4185625514863669,0.26467221443362615,0.7276198732118295
test_026,5,0.15,0.41823710679670895,0.26441201054458946,0.8037591242642413
test_026,5,0.2,0.41785064122774007,0.2641031574616888,0.8461893953393457
test_026,6,0.0,0.418501530607056,0.2646234180471242,0.6307237840029339
test_026,6,0.01,0.4186439126587814,0.26473728214033054,0.6531456334925714
test_026,6,0.02,0.4187049335380923,0.26478608731445036,0.6619195983777556
test_026,6,0.05,0.41917276027947564,0.2651603854913213,0.693959197223404
test_026,6,0.1,0.4185218709001597,0.2646396830908927,0.779588528653877
test_026,6,0.15,0.4184608500208488,0.2645908892147028,0.7954853241539122
test_026,6,0.2,0.4156742298656524,0.26236664056181075,0.8566733096206901
test_026,7,0.0,0.41880663500361043,0.26486743764230675,0.5918980061813303
test_026,7,0.01,0.41882697529671403,0.2648837089636719,0.6529610390313911
test_026,7,0.02,0.41880663500361043,0.26486743764230675,0.6765780284122082
test_026,7,0.05,0.4188676558829213,0.26491625286232534,0.7236738270589472
test_026,7,0.1,0.4188676558829213,0.26491625286232534,0.7126440422724364
test_026,7,0.15,0.41876595441740316,0.2648348962554188,0.7919711794370736
test_026,7,0.2,0.41876595441740316,0.2648348962554188,0.8312577347956541
test_026,8,0.0,0.4187049335380923,0.26478608731445036,0.6745063896127437
test_026,8,0.01,0.4188676558829213,0.26491625286232534,0.7078549202647012
test_026,8,0.02,0.41844050972774516,0.2645746254260176,0.5716803066782618
test_026,8,0.05,0.41862357236567777,0.2647210145859594,0.6977174010918927
test_026,8,0.1,0.4188676558829213,0.26491625286232534,0.7256043922282903
test_026,8,0.15,0.41821676650360534,0.264395751356634,0.813692030574609
test_026,8,0.2,0.4171997518484241,0.26358332476611496,0.8486675435024585
test_026,9,0.0,0.4110569833311298,0.258698379374792,0.5019487155691226
test_026,9,0.01,0.41882697529671403,0.2648837089636719,0.5879201904122885
test_026,9,0.02,0.41882697529671403,0.2648837089636719,0.6667517097545693
test_026,9,0.05,0.41862357236567777,0.2647210145859594,0.6953839877414327
test_026,9,0.1,0.41882697529671403,0.2648837089636719,0.7596672668331901
test_026,9,0.15,0.4188676558829213,0.26491625286232534,0.7634950922211066
test_026,9,0.2,0.41882697529671403,0.2648837089636719,0.8360739023130569
test_027,0,0.0,0.5485484989596751,0.3779309874057135,0.5625158610051532
test_027,0,0.01,0.546170613296344,0.37567724128531027,0.5709493768918356
test_027,0,0.02,0.5480531061131477,0.37746084820362347,0.5806364668469082
test_027,0,0.05,0.5529574952937679,0.3821294077370763,0.5974460336968848
test_027,0,0.1,0.5541464381254335,0.38326594942780784,0.6465052669157725
test_027,0,0.15,0.5497374417913405,0.3790606319385141,0.6466700110304565
test_027,0,0.2,0.543792727633013,0.37343085558768496,0.895915502155545
test_027,1,0.0,0.5543941345486971,0.38350296425756486,0.548575913347175
test_027,1,0.01,0.5442385811948875,0.373851493908664,0.5743196889814031
test_027,1,0.02,0.5478549489745368,0.377272882338894,0.5840321111068449
test_027,1,0.05,0.552759338155157,0.3819401656739919,0.5846420100274604
test_027,1,0.1,0.554790448825919,0.38388235697391426,0.6378125354871002
test_027,1,0.15,0.5516199346081443,0.3808530286965147,0.7341638138518825
test_027,1,0.2,0.5457742990191221,0.37530233350366204,0.9844377230881408
test_027,2,0.0,0.5468146239968295,0.37628690257039615,0.5594871081791566
test_027,2,0.01,0.5535024274249479,0.3826500907565328,0.570639610352151
test_027,2,0.02,0.5524621024472407,0.3816563997262149,0.5700813391881496
test_027,2,0.05,0.5512236203309224,0.38047529492220894,0.571538477363848
test_027,2,0.1,0.5441890419102348,0.37380474359410626,0.6703965638362782
test_027,2,0.15,0.5516199346081443,0.3808530286965147,0.7582680256808394
test_027,2,0.2,0.5513722381848806,0.38061692086724574,0.7901307955685164
test_027,3,0.0,0.5490438918062023,0.37840144764245964,0.5850748104415787
test_027,3,0.01,0.5541464381254335,0.38326594942780784,0.5836538286969668
test_027,3,0.02,0.5488457346675913,0.3782132250025603,0.5621069759733524
test_027,3,0.05,0.5531061131477262,0.38227137330092104,0.5876153381048637
test_027,3,0.1,0.5432973347864857,0.37296378166978406,0.6148302497807436
test_027,3,0.15,0.5531061131477262,0.38227137330092104,0.6951656459622674
test_027,3,0.2,0.5459229168730804,0.3754428999727446,0.8007735940719313
test_027,4,0.0,0.548746656098286,0.37811913295784266,0.5583281755526386
test_027,4,0.01,0.5476072525512732,0.37703799713486597,0.5783838871873073
test_027,4,0.02,0.5486475775289805,0.37802505375977064,0.5723832797434815
test_027,4,0.05,0.5536015059942534,0.38274480254820703,0.5965225145730834
test_027,4,0.1,0.5488457346675913,0.3782132250025603,0.6309867906818024
test_027,4,0.15,0.5531556524323789,0.38231870163665,0.7704404452366919
test_027,4,0.2,0.5500842167839096,0.3793904605712724,0.8261794374200016
test_027,5,0.0,0.5483008025364113,0.3776958776958777,0.5858452031127223
test_027,5,0.01,0.5466164668582185,0.3760992569363965,0.5619366780495045
test_027,5,0.02,0.552214406023977,0.3814200171086399,0.5843979824533878
test_027,5,0.05,0.5541464381254335,0.38326594942780784,0.5800257178534615
test_027,5,0.1,0.5550381452491826,0.38411958310477234,0.6194148625739003
test_027,5,0.15,0.5481521846824532,0.377554850377043,0.7562688810679763
test_027,5,0.2,0.5544932131180026,0.38359779293327395,0.8343604250042993
test_027,6,0.0,0.5532547310016843,0.38241336803177645,0.5865831230017146
test_027,6,0.01,0.5545922916873081,0.38369263460945263,0.5893262513564324
test_027,6,0.02,0.5532051917170316,0.38236603321349083,0.5787631330130607
test_027,6,0.05,0.5511740810462696,0.38042809273062983,0.5844469466484641
test_027,6,0.1,0.5491925096601605,0.3785426483644062,0.6752417522879548
test_027,6,0.15,0.5512731596155751,0.3805225003419505,0.6765453673103408
test_027,6,0.2,0.5515703953234915,0.3808058006703605,0.876518483622002
test_027,7,0.0,0.5472604775587041,0.37670929241261725,0.5620032104164254
test_027,7,0.01,0.5511740810462696,0.38042809273062983,0.5627762099775847
test_027,7,0.02,0.5488457346675913,0.3782132250025603,0.5750406074137715
test_027,7,0.05,0.5517190131774498,0.380947494441594,0.5754129393138313
test_027,7,0.1,0.5468641632814822,0.3763338219752497,0.589663333569759
test_027,7,0.15,0.5521648667393243,0.38137275029083695,0.674602384175858
test_027,7,0.2,0.5506786881997424,0.3799562482909489,0.7907333271912617
test_027,8,0.0,0.5473595561280095,0.3768031920335573,0.5735852827267797
test_027,8,0.01,0.5482512632517587,0.37764886538133424,0.575458503217583
test_027,8,0.02,0.546170613296344,0.37567724128531027,0.5644950572422445
test_027,8,0.05,0.5506786881997424,0.3799562482909489,0.604821548937872
test_027,8,0.1,0.5502823739225206,0.3795790049207217,0.5910344443749412
test_027,8,0.15,0.554790448825919,0.38388235697391426,0.775873374043851
test_027,8,0.2,0.5460715347270385,0.37558349517871137,0.8990594681859285
test_027,9,0.0,0.539581888437531,0.3694708276797829,0.5434232252166971
test_027,9,0.01,0.5485980382443277,0.37797801897740463,0.5612490824721186
test_027,9,0.02,0.5540968988407807,0.3832185562065303,0.5889180463828965
test_027,9,0.05,0.5524621024472407,0.3816563997262149,0.5902104971154328
test_027,9,0.1,0.5511740810462696,0.38042809273062983,0.614774711689106
test_027,9,0.15,0.5504805310611315,0.3797676008202324,0.6307387961011842
test_027,9,0.2,0.5483503418210641,0.3777428932191243,0.7925546365678404
test_029,0,0.0,0.04409202859374061,0.02254299754299754,0.18315979235860932
test_029,0,0.01,0.041088484411605695,0.020975160993560258,0.20669105531293414
test_029,0,0.02,0.0335195530726257,0.017045454545454544,0.22819411089347721
test_029,0,0.05,0.03652309725476062,0.018601236003181792,0.5884452088753426
test_029,0,0.1,0.039646783204180934,0.020224305938591654,0.9568173789340574
test_029,0,0.15,0.04565387156845077,0.023360177045552346,0.9675911936311821
test_029,0,0.2,0.028473598846639032,0.014442413162705668,0.992497355715343
test_029,1,0.0,0.04565387156845077,0.023360177045552346,0.08071403678499246
test_029,1,0.01,0.030035441821349193,0.015246691467951455,0.9761825186822461
test_029,1,0.02,0.039166216135039345,0.019974266282703265,0.06590094643550971
test_029,1,0.05,0.04565387156845077,0.023360177045552346,0.20003939831685363
test_029,1,0.1,0.03123685949420316,0.015866235430524196,0.7440750672272675
test_029,1,0.15,0.04565387156845077,0.023360177045552346,0.9165542833915952
test_029,1,0.2,0.018021265092809515,0.009092562284051645,0.9998671362382131
test_029,2,0.0,0.039166216135039345,0.019974266282703265,0.0757506491013581
test_029,2,0.01,0.04565387156845077,0.023360177045552346,0.11802284352325827
test_029,2,0.02,0.04409202859374061,0.02254299754299754,0.1448146178381726
test_029,2,0.05,0.04565387156845077,0.023360177045552346,0.4876366703137243
test_029,2,0.1,0.01778098155823872,0.008970240620643676,0.9140351557584311
test_029,2,0.15,0.03772451492761458,0.019224882140451847,0.9642246312675629
test_029,2,0.2,0.04565387156845077,0.023360177045552346,0.9679266758319186
test_029,3,0.0,0.04565387156845077,0.023360177045552346,0.07938722445110956
test_029,3,0.01,0.042650327386315856,0.021789835502086914,0.07980621221686166
test_029,3,0.02,0.04565387156845077,0.023360177045552346,0.1403189738557192
test_029,3,0.05,0.042650327386315856,0.021789835502086914,0.19383206514030707
test_029,3,0.1,0.042650327386315856,0.021789835502086914,0.7622296728331794
test_029,3,0.15,0.03784465669489998,0.01928728875826598,0.8389004039212447
test_029,3,0.2,0.04277046915360125,0.021852556626358113,0.9647267291977313
test_029,4,0.0,0.04565387156845077,0.023360177045552346,0.15712634316602617
test_029,4,0.01,0.04565387156845077,0.023360177045552346,0.08906257066041016
test_029,4,0.02,0.04241004385174506,0.02166441634957653,0.09978172882854809
test_029,4,0.05,0.04541358803387998,0.023234372118753458,0.18066987874664264
test_029,4,0.1,0.04241004385174506,0.02166441634957653,0.76216805117056
test_029,4,0.15,0.04565387156845077,0.023360177045552346,0.9088363070179516
test_029,4,0.2,0.04565387156845077,0.023360177045552346,0.9757054222361217
test_029,5,0.0,0.041088484411605695,0.020975160993560258,0.09952379076840794
test_029,5,0.01,0.03940649966961014,0.020099270788651265,0.1371668402786088
test_029,5,0.02,0.04565387156845077,0.023360177045552346,0.20126401480354936
test_029,5,0.05,0.04685528924130474,0.02398966599003506,0.43538557608017536
test_029,5,0.1,0.039286357902324744,0.020036764705882355,0.9248598250557036
test_029,5,0.15,0.03736408962575839,0.019037708129285014,0.9674560882879661
test_029,5,0.2,0.04565387156845077,0.023360177045552346,0.9748190557543571
test_029,6,0.0,0.042650327386315856,0.021789835502086914,0.11821453677531102
test_029,6,0.01,0.04565387156845077,0.023360177045552346,0.11239798105253257
test_029,6,0.02,0.04565387156845077,0.023360177045552346,0.12094730999764314
test_029,6,0.05,0.04565387156845077,0.023360177045552346,0.3536236060454843
test_029,6,0.1,0.042650327386315856,0.021789835502086914,0.7559495555309427
test_029,6,0.15,0.04565387156845077,0.023360177045552346,0.889773496651025
test_029,6,0.2,0.042650327386315856,0.021789835502086914,0.9788958792559272
test_029,7,0.0,0.04565387156845077,0.023360177045552346,0.11356486144788214
test_029,7,0.01,0.030275725355919984,0.015370539798719121,0.31586482582143016
test_029,7,0.02,0.04565387156845077,0.023360177045552346,0.1953950380859414
test_029,7,0.05,0.033279269538054906,0.016921197312156383,0.9060063336829265
test_029,7,0.1,0.04565387156845077,0.023360177045552346,0.9079282847495211
test_029,7,0.15,0.04565387156845077,0.023360177045552346,0.9357094958370201
test_029,7,0.2,0.04565387156845077,0.023360177045552346,0.974631331716012
test_029,8,0.0,0.04277046915360125,0.021852556626358113,0.1465239650441011
test_029,8,0.01,0.04385174505916982,0.02241739344060926,0.48746956793740104
test_029,8,0.02,0.03940649966961014,0.020099270788651265,0.1877046333002369
test_029,8,0.05,0.03904607436775395,0.019911775517706162,0.6357781279630083
test_029,8,0.1,0.04565387156845077,0.023360177045552346,0.8889250886267871
test_029,8,0.15,0.04565387156845077,0.023360177045552346,0.9640210912052484
test_029,8,0.2,0.04565387156845077,0.023360177045552346,0.9638847084139426
test_029,9,0.0,0.03940649966961014,0.020099270788651265,0.2229880080727733
test_029,9,0.01,0.039286357902324744,0.020036764705882355,0.10821708355092884
test_029,9,0.02,0.04409202859374061,0.02254299754299754,0.12253360397477474
test_029,9,0.05,0.041088484411605695,0.020975160993560258,0.5947625546647689
test_029,9,0.1,0.04541358803387998,0.023234372118753458,0.7950954923034094
test_029,9,0.15,0.03580224665104824,0.018227414520765796,0.9538401949143936
test_029,9,0.2,0.04565387156845077,0.023360177045552346,0.9912253824030312
test_030,0,0.0,0.03244728244728245,0.016491188346730065,0.2988789142938285
test_030,0,0.01,0.03452628452628453,0.01756639341165804,0.3315941996019013
test_030,0,0.02,0.03838728838728839,0.019569249403838147,0.44965375795973905
test_030,0,0.05,0.044104544104544105,0.022549540657505127,0.5607609250402268
test_030,0,0.1,0.09555984555984556,0.050177394830207805,0.9246255521645894
test_030,0,0.15,0.04002079002079002,0.020418987006099176,0.8512489932336789
test_030,0,0.2,0.0720968220968221,0.03739649528211053,0.9688399668956791
test_030,1,0.0,0.08702108702108702,0.04548983077161931,0.2866581034520596
test_030,1,0.01,0.029997029997029998,0.01522689582391075,0.9382327754510185
test_030,1,0.02,0.07246807246807246,0.037596302003081665,0.42212763794679853
test_030,1,0.05,0.08204633204633205,0.042778057372924005,0.7535984982736318
test_030,1,0.1,0.10885060885060885,0.05755791126815862,0.7929967858513949
test_030,1,0.15,0.09258984258984258,0.04854217758573708,0.8083504491296981
test_030,1,0.2,0.021235521235521235,0.010731707317073172,0.9979871837615266
test_030,2,0.0,0.03987228987228987,0.0203416796090761,0.2517549182226781
test_030,2,0.01,0.023982773982773983,0.012136925562694923,0.38299618372418615
test_030,2,0.02,0.07803682803682804,0.040602665636469,0.4344180031949221
test_030,2,0.05,0.0547965547965548,0.028170089319795404,0.6803613966534998
test_030,2,0.1,0.08672408672408673,0.04532753803166718,0.7197901778123369
test_030,2,0.15,0.11909711909711909,0.06331912205905574,0.948219219962223
test_030,2,0.2,0.1115978615978616,0.059096449494750916,0.9333898139463468
test_030,3,0.0,0.059325809325809324,0.030569690477101428,0.3721922208251398
test_030,3,0.01,0.05256905256905257,0.026994052157999084,0.3834707800117212
test_030,3,0.02,0.04811404811404811,0.024650030432136337,0.5109196023973108
test_030,3,0.05,0.09073359073359073,0.047522750252780584,0.5759013075000465
test_030,3,0.1,0.10892485892485892,0.05759943460677686,0.8243171205121067
test_030,3,0.15,0.10788535788535789,0.0570184044264804,0.855197069779098
test_030,3,0.2,0.08687258687258688,0.045408678102926335,0.9280352572757702
test_030,4,0.0,0.015518265518265519,0.007819807685112434,0.7932931253764228
test_030,4,0.01,0.03890703890703891,0.019839466908980766,0.5248704447801855
test_030,4,0.02,0.027695277695277694,0.014042088619508338,0.426597648434182
test_030,4,0.05,0.11278586278586279,0.059763150647204624,0.5607474497815427
test_030,4,0.1,0.12637362637362637,0.06744868035190615,0.7941641382179203
test_030,4,0.15,0.12332937332937333,0.06571711177052424,0.8771674916523965
test_030,4,0.2,0.0859073359073359,0.0448814926878467,0.959842211407412
test_030,5,0.0,0.054425304425304424,0.027973896118765027,0.42340189209611784
test_030,5,0.01,0.034823284823284825,0.017720179846601427,0.379772896038638
test_030,5,0.02,0.036902286902286904,0.018797987821021975,0.49807065282692264
test_030,5,0.05,0.07046332046332046,0.03651825912956478,0.8720790713408317
test_030,5,0.1,0.10721710721710721,0.05664522203044092,0.9396708527344698
test_030,5,0.15,0.08902583902583902,0.04658662625791662,0.8517983423571039
test_030,5,0.2,0.07773982773982774,0.040441886515508514,0.9153584076686626
test_030,6,0.0,0.024057024057024055,0.012174958665263792,0.30204240551896583
test_030,6,0.01,0.05761805761805762,0.02966360856269113,0.46948742200341576
test_030,6,0.02,0.04313929313929314,0.022045152722443558,0.6224241734429576
test_030,6,0.05,0.041283041283041284,0.021076573161485975,0.7858784804514963
test_030,6,0.1,0.0741015741015741,0.03847636672064153,0.6800118530898741
test_030,6,0.15,0.06623106623106623,0.03424973122408232,0.832903125531357
test_030,6,0.2,0.06853281853281853,0.03548225887056472,0.948674532689917
test_030,7,0.0,0.029106029106029108,0.014767932489451477,0.3473753828868624
test_030,7,0.01,0.05071280071280071,0.02601607435340723,0.8113178521077765
test_030,7,0.02,0.0273982773982774,0.013889411676139572,0.676520425181415
test_030,7,0.05,0.0568013068013068,0.029230828015742616,0.9278935347275403
test_030,7,0.1,0.03185328185328185,0.016184404119666502,0.8088680849288062
test_030,7,0.15,0.07595782595782596,0.03947825415814456,0.9288877997195885
test_030,7,0.2,0.08041283041283041,0.04189068966851042,0.951830356957527
test_030,8,0.0,0.02130977130977131,0.010769634883110061,0.6090178592935478
test_030,8,0.01,0.022572022572022572,0.011414839291078402,0.8633450127250906
test_030,8,0.02,0.027695277695277694,0.014042088619508338,0.41717579983693964
test_030,8,0.05,0.052866052866052865,0.027150701647345944,0.6327743337726108
test_030,8,0.1,0.04336204336204336,0.022161505768063146,0.9287578099396957
test_030,8,0.15,0.11434511434511435,0.06063947078280044,0.9589706177357988
test_030,8,0.2,0.0493020493020493,0.025274056029232644,0.9007697557357424
test_030,9,0.0,0.016854766854766855,0.00849900782507769,0.1885786073685596
test_030,9,0.01,0.04521829521829522,0.023132145705929273,0.4967541432866865
test_030,9,0.02,0.049524799524799525,0.025391145456621873,0.5585193854577335
test_030,9,0.05,0.05301455301455302,0.027229044313934865,0.7508432725368172
test_030,9,0.1,0.07380457380457381,0.03831624392876417,0.7953708127832784
test_030,9,0.15,0.05732105732105732,0.029506191713805228,0.9564399409217121
test_030,9,0.2,0.058212058212058215,0.029978586723768737,0.9519689430231321
test_033,0,0.0,0.005551223497085143,0.0027833372120083777,0.4735874036549972
test_033,0,0.01,0.0030633842040770857,0.0015340417817198003,0.7737623005575821
test_033,0,0.02,0.0034532694664141696,0.0017296211571723485,0.9183655921239743
test_033,0,0.05,0.0035275333259069475,0.0017668830323432588,0.990597622721218
test_033,0,0.1,0.0042330399910883365,0.0021210091538289796,0.996495891912977
test_033,0,0.15,0.00482715086703056,0.0024194148738182087,0.9974349125268722
test_033,0,0.2,0.004548661393932642,0.002279515068059807,0.9969664317402802
test_033,1,0.0,0.0029148564850915303,0.0014595554398653863,0.9512044480315003
test_033,1,0.01,0.0020793880657977797,0.001040776121622124,0.9739205695546524
test_033,1,0.02,0.004251605955961532,0.002130331643332248,0.9190402711303659
test_033,1,0.05,0.006089636478407783,0.0030541174717866586,0.9510787484985554
test_033,1,0.1,0.00516133823474806,0.0025873462018130037,0.979971599957276
test_033,1,0.15,0.005681185251197505,0.0028486845780036863,0.9937391305492644
test_033,1,0.2,0.0,0.0,0.999744273758894
test_033,2,0.0,0.005959674724295421,0.0029887433311918663,0.23635140027280702
test_033,2,0.01,0.005606921391704727,0.0028113421831654595,0.7720916341442836
test_033,2,0.02,0.005458393672719171,0.002736665735827981,0.9277020671053174
test_033,2,0.05,0.004604359288552226,0.002307491905169526,0.9861416625229222
test_033,2,0.1,0.0031933459581894473,0.0015992264207081227,0.9963909788862602
test_033,2,0.15,0.004697189112918198,0.002354123437950703,0.9954978454653589
test_033,2,0.2,0.005551223497085143,0.0027833372120083777,0.9939715080009645
test_033,3,0.0,0.005885410864802644,0.0029513905052743305,0.49853660385429655
test_033,3,0.01,0.0036203631502729197,0.0018134642747537873,0.9267516727427315
test_033,3,0.02,0.005458393672719171,0.002736665735827981,0.9408863008786714
test_033,3,0.05,0.00466005718317181,0.0023354703041694193,0.9717019041634841
test_033,3,0.1,0.006089636478407783,0.0030541174717866586,0.9841273324099576
test_033,3,0.15,0.006201032267646949,0.003110159232703231,0.9848793725173582
test_033,3,0.2,0.006201032267646949,0.003110159232703231,0.9928399180557871
test_033,4,0.0,0.004307303850581114,0.0021583001525694936,0.8886041196337723
test_033,4,0.01,0.005235602094240838,0.0026246719160104987,0.797002006718742
test_033,4,0.02,0.004307303850581114,0.0021583001525694936,0.9201330334507023
test_033,4,0.05,0.007853403141361256,0.003942181340341655,0.9191268488897968
test_033,4,0.1,0.0053469978834800045,0.0026806656986484976,0.9903236722570619
test_033,4,0.15,0.006906538932828339,0.0034652358596020567,0.9928278579601926
test_033,4,0.2,0.007686309457502506,0.003857981548783897,0.9954570568493644
test_033,5,0.0,0.005179904199621254,0.0025966773698171157,0.7428496282106669
test_033,5,0.01,0.0032861757825554195,0.001645792072303272,0.9421052529797411
test_033,5,0.02,0.004047380342356392,0.002027793797555485,0.9541195594308651
test_033,5,0.05,0.004641491218298615,0.0023261439976180287,0.9859567410571389
test_033,5,0.1,0.005699751216070699,0.002858020611262649,0.9944674426637067
test_033,5,0.15,0.004437265604693476,0.0022235660789877657,0.995027207588498
test_033,5,0.2,0.0050313764806356985,0.002522032888797893,0.9931551473837262
test_033,6,0.0,0.002543537187627641,0.0012733880487419483,0.4254595331441933
test_033,6,0.01,0.00412164420184917,0.0020650778590165764,0.9201325432029138
test_033,6,0.02,0.004195908061341948,0.002102364695157119,0.9432667480400108
test_033,6,0.05,0.005681185251197505,0.0028486845780036863,0.9890544207329027
test_033,6,0.1,0.0029148564850915303,0.0014595554398653863,0.9907685231002531
test_033,6,0.15,0.006275296127139727,0.0031475238857951687,0.9946493245932019
test_033,6,0.2,0.005142772269874866,0.00257801520749765,0.9948168912872758
test_033,7,0.0,0.005959674724295421,0.0029887433311918663,0.672981376349957
test_033,7,0.01,0.002432141398388474,0.0012175513276886042,0.9703621550073535
test_033,7,0.02,0.005049942445508893,0.0025313628410825297,0.9303081262988769
test_033,7,0.05,0.0027663287661059744,0.0013850801766209621,0.9696858091584812
test_033,7,0.1,0.00395455051799042,0.0019811926221502915,0.9943433119236845
test_033,7,0.15,0.00516133823474806,0.0025873462018130037,0.9964013721393742
test_033,7,0.2,0.006479521740744867,0.003250291036088475,0.9965908038848107
test_033,8,0.0,0.00516133823474806,0.0025873462018130037,0.8889735703671081
test_033,8,0.01,0.004047380342356392,0.002027793797555485,0.9139259081522533
test_033,8,0.02,0.0033604396420481974,0.001683047711148099,0.988734485026195
test_033,8,0.05,0.0038988526233708367,0.0019532339974328923,0.9765740847341288
test_033,8,0.1,0.004752887007537782,0.0023821044403915586,0.9949765159671778
test_033,8,0.15,0.00482715086703056,0.0024194148738182087,0.994449597644209
test_033,8,0.2,0.005736883145817088,0.0028766931992738444,0.9942080035340871
test_033,9,0.0,0.003676061044892503,0.0018414150996038168,0.5235150718465632
test_033,9,0.01,0.0025621031525008353,0.0012826947744130276,0.8682335396294256
test_033,9,0.02,0.004678623148045004,0.002344796784278696,0.8813817892151113
test_033,9,0.05,0.003713192974638892,0.0018600498493359621,0.9677357995553544
test_033,9,0.1,0.00466005718317181,0.0023354703041694193,0.9885998629835012
test_033,9,0.15,0.002784894730979169,0.0013943889787495119,0.9873427696044943
test_033,9,0.2,0.004251605955961532,0.002130331643332248,0.9976759183396481
test_038,0,0.0,0.0022438774201820745,0.0011231988703828504,0.0704708466706852
test_038,0,0.01,0.00955250673163226,0.00479917544368216,0.29159420337709324
test_038,0,0.02,0.010385946916271318,0.005220081201263131,0.7691559659189601
test_038,0,0.05,0.023977433004231313,0.012134189864382585,0.916822769920842
test_038,0,0.1,0.04269778176689319,0.021814608581722895,0.9750861450673219
test_038,0,0.15,0.0465444287729196,0.023826714801444042,0.9578977052460108
test_038,0,0.2,0.045646877804846775,0.023356514893058653,0.9897970492864235
test_038,1,0.0,0.02250288498525452,0.011379478035337981,0.8589295226879423
test_038,1,0.01,0.046480317989485834,0.02379311476485839,0.9272308029993289
test_038,1,0.02,0.005962302859340941,0.0029900652670160435,0.7068234430114465
test_038,1,0.05,0.04141556609821772,0.021145662847790507,0.49002461837268785
test_038,1,0.1,0.04019746121297602,0.020510975170924792,0.9507671652914845
test_038,1,0.15,0.05622515707141941,0.02892575612652132,0.9472320568136647
test_038,1,0.2,0.04289011411719451,0.021915026042519735,0.9996771431602357
test_038,2,0.0,0.017951019361456596,0.009056799068443524,0.09077378608221462
test_038,2,0.01,0.00756507244518528,0.0037968981272926187,0.35711260526606375
test_038,2,0.02,0.024810873188870368,0.012561264565549029,0.6307533173050683
test_038,2,0.05,0.026926529042184896,0.013646997660514687,0.925581691952053
test_038,2,0.1,0.02102833696627773,0.010625890890242322,0.9883794588125895
test_038,2,0.15,0.05289139633286319,0.027164070988772184,0.968919756415224
test_038,2,0.2,0.052378510065393,0.02689357780045426,0.941210206133618
test_038,3,0.0,0.043851775868701114,0.02241740954378605,0.18460969862663487
test_038,3,0.01,0.006154635209642262,0.0030868167202572345,0.3320404352372749
test_038,3,0.02,0.015450698807539428,0.007785495073493781,0.7486556917908015
test_038,3,0.05,0.033017053468393384,0.016785632802059906,0.8400558796879989
test_038,3,0.1,0.06308501089883319,0.03256983979875546,0.8522192668483176
test_038,3,0.15,0.05622515707141941,0.02892575612652132,0.8775981352703217
test_038,3,0.2,0.05487883061931017,0.028213579433091628,0.9489560067874618
test_038,4,0.0,0.0033978715219899988,0.0017018270558391935,0.4516658277403618
test_038,4,0.01,0.014681369406334145,0.007394968837795072,0.27891027618143893
test_038,4,0.02,0.003077317604821131,0.0015410299216643123,0.673049002606768
test_038,4,0.05,0.054301833568406205,0.02790866255889815,0.6783121842596198
test_038,4,0.1,0.05109629439671753,0.0262179676963058,0.924669560763833
test_038,4,0.15,0.051929734581356586,0.0266570130981373,0.9420229851167431
test_038,4,0.2,0.05327606103346583,0.0273670344146221,0.975806971014691
test_038,5,0.0,0.023720989870496218,0.012002854733017583,0.15380838284381043
test_038,5,0.01,0.007180407744582639,0.003603139879037447,0.5716244652747507
test_038,5,0.02,0.01872034876266188,0.009448615066010873,0.5337243384181347
test_038,5,0.05,0.027439415309655085,0.01391055642225689,0.8993780703186804
test_038,5,0.1,0.056609821772022055,0.029129416421997165,0.964602482311392
test_038,5,0.15,0.051288626747018846,0.026319252533228057,0.9650660882803629
test_038,5,0.2,0.050326964995512244,0.02581302818059255,0.9573567186511275
test_038,6,0.0,0.01224515963585075,0.006160296726334462,0.10801137954564281
test_038,6,0.01,0.014296704705731505,0.007199819197365447,0.15590816543426594
test_038,6,0.02,0.02429798692140018,0.01229840672356167,0.2130236950150883
test_038,6,0.05,0.04154378766508527,0.02121251800445201,0.667286348782424
test_038,6,0.1,0.0501987434286447,0.025745569328905402,0.9005018403428816
test_038,6,0.15,0.05814848057443262,0.029944864472250653,0.9137103742928976
test_038,6,0.2,0.058981920759071674,0.03038710529792575,0.9687055758798515
test_038,7,0.0,0.005449416591870752,0.0027321526148307673,0.20806980993705187
test_038,7,0.01,0.042826003333760736,0.021881551362683438,0.5748340667838597
test_038,7,0.02,0.02269521733555584,0.011477854873224823,0.3942637780353805
test_038,7,0.05,0.03795358379279395,0.01934387661743563,0.7953855693683325
test_038,7,0.1,0.04359533273496602,0.02228339231878359,0.9407470520223168
test_038,7,0.15,0.0492370816771381,0.025239910608649926,0.9542485027066265
test_038,7,0.2,0.05635337863828696,0.028993633934756076,0.9704512150217877
test_038,8,0.0,0.018592127195794332,0.0093832912703035,0.346827985813576
test_038,8,0.01,0.020836004615976407,0.010527679699394254,0.6633129383651288
test_038,8,0.02,0.0040389793563277345,0.002023576269553207,0.9744922911250998
test_038,8,0.05,0.03769714065905885,0.019210663878724516,0.7508970187962474
test_038,8,0.1,0.042954224900628286,0.021948502915547403,0.926123864673319
test_038,8,0.15,0.05763559430696243,0.029672904908076708,0.9464576857324525
test_038,8,0.2,0.02974740351327093,0.015098268905375503,0.9376284998336246
test_038,9,0.0,0.006346967559943582,0.0031835868411743897,0.023681510978088353
test_038,9,0.01,0.023143992819592254,0.01170747527160694,0.15434424367825467
test_038,9,0.02,0.0223105526349532,0.011281120331950207,0.21538243441185947
test_038,9,0.05,0.02660597512501603,0.013482343003801045,0.8345662608604878
test_038,9,0.1,0.06122579817925375,0.03157964353030654,0.7937704606106911
test_038,9,0.15,0.058981920759071674,0.03038710529792575,0.9052439171383108
test_038,9,0.2,0.05808436979099885,0.029910861670518322,0.9765080281890167
test_040,0,0.0,0.16482779122605853,0.08981598045023696,0.2748394745778003
test_040,0,0.01,0.23987769142565932,0.13628467195552724,0.5233317808986021
test_040,0,0.02,0.2502569329426254,0.1430249604380455,0.6912002601965858
test_040,0,0.05,0.2788635494967512,0.16202291771533472,0.8812481239790014
test_040,0,0.1,0.3051768802819892,0.1800641475393405,0.9640684618014448
test_040,0,0.15,0.35129740518962077,0.21307506053268765,0.9743864993857329
test_040,0,0.2,0.2659531999830127,0.15337140841896962,0.9810032583350868
test_040,1,0.0,0.3480528305091944,0.21069247064146598,0.4233863553488059
test_040,1,0.01,0.35107657026372785,0.21291259735443194,0.914069200193234
test_040,1,0.02,0.2439886185076655,0.1389447819525597,0.39101407522800935
test_040,1,0.05,0.35199388457128294,0.21358772960603625,0.6810748710831063
test_040,1,0.1,0.3360937699069945,0.20199081163859112,0.8118359782882048
test_040,1,0.15,0.3187837091773899,0.18961492992755308,0.9206825410907964
test_040,1,0.2,0.3522486941011594,0.21377539974638915,0.999342520563531
test_040,2,0.0,0.2143797511360258,0.12005898301859867,0.1676158086590753
test_040,2,0.01,0.27008111436701066,0.15612357123217724,0.5432934390895297
test_040,2,0.02,0.2893447148256678,0.1691426188159123,0.7726291562801916
test_040,2,0.05,0.3123115471185289,0.18505284348263715,0.8948823200523889
test_040,2,0.1,0.3135006582579522,0.1858883964544722,0.9581251769189002
test_040,2,0.15,0.35004034484223046,0.21215085093020622,0.9288894013063954
test_040,2,0.2,0.3400857858750584,0.20488154326357264,0.9310157831123644
test_040,3,0.0,0.2765362891238799,0.16045379277716448,0.24728373035281742
test_040,3,0.01,0.25949802522614346,0.1490937838550054,0.3193497575321182
test_040,3,0.02,0.2756529494203083,0.15985932143279347,0.753784729569713
test_040,3,0.05,0.3366883254767062,0.20242046673134861,0.7034255117486853
test_040,3,0.1,0.3477300717713509,0.2104559708014188,0.8564844566123746
test_040,3,0.15,0.3373338429523931,0.20288729732214922,0.8704352939319089
test_040,3,0.2,0.34626916380005945,0.2093866524226767,0.9398793217954519
test_040,4,0.0,0.29326878158576464,0.17183067750893294,0.6961328625234968
test_040,4,0.01,0.2952223213148172,0.17317350233169915,0.36052437552935346
test_040,4,0.02,0.20919862402853867,0.11681844052361981,0.5306765259476494
test_040,4,0.05,0.3053127786979233,0.1801587778913815,0.5272954244745087
test_040,4,0.1,0.32168853781798107,0.19167392052470697,0.8693018561714133
test_040,4,0.15,0.3121756487025948,0.18495742667928097,0.9138767285182079
test_040,4,0.2,0.3352953667133817,0.20141432901007172,0.955982647764812
test_040,5,0.0,0.2446171486813607,0.13935259108724052,0.45088776433668704
test_040,5,0.01,0.22316218626576634,0.12559513566224975,0.7764050427352674
test_040,5,0.02,0.2944409054231962,0.1726360032668672,0.7840123884529971
test_040,5,0.05,0.31526733766509535,0.1871319674114705,0.8667887630575686
test_040,5,0.1,0.33801333503206354,0.20337908971043675,0.9366436053873111
test_040,5,0.15,0.33004629039792754,0.19763798750839218,0.9229804148056221
test_040,5,0.2,0.31372149318384507,0.1860437003233703,0.9559831781521589
test_040,6,0.0,0.27821803202106427,0.16158726086999417,0.22289028808736422
test_040,6,0.01,0.31412918843164733,0.18633052205193312,0.367680302682876
test_040,6,0.02,0.3261222236378307,0.19483036828805422,0.573265628067352
test_040,6,0.05,0.35282626236887926,0.214201000360955,0.7494923047706064
test_040,6,0.1,0.33363061111818915,0.20021407818951018,0.7813394130200019
test_040,6,0.15,0.35201087187327473,0.2136002391432076,0.9003366467329457
test_040,6,0.2,0.3446213955068586,0.2081828257121747,0.9330115717671216
test_040,7,0.0,0.21363230984838832,0.11959033463612244,0.42771187042517134
test_040,7,0.01,0.35201087187327473,0.2136002391432076,0.7230263886798118
test_040,7,0.02,0.33023315071983694,0.1977720128185564,0.6776046056037456
test_040,7,0.05,0.3496666241984117,0.21187635742298072,0.9082770167726512
test_040,7,0.1,0.35248651632904404,0.2139506109192143,0.9292208344663303
test_040,7,0.15,0.34254894466386376,0.20667213282771343,0.9364774762838516
test_040,7,0.2,0.34907206862870005,0.21143991932994463,0.9440986120726027
test_040,8,0.0,0.3475941733554168,0.2103564195614405,0.6046640286212027
test_040,8,0.01,0.2986707436191447,0.17555140634828711,0.8438089651346168
test_040,8,0.02,0.21507623051768804,0.12049603136836896,0.9019541513454514
test_040,8,0.05,0.3088970994181849,0.18266014404677,0.8147978969614491
test_040,8,0.1,0.35204484647725826,0.21362525899124843,0.9280584021975331
test_040,8,0.15,0.34720346540960634,0.21007030093734583,0.9364281502605825
test_040,8,0.2,0.28283857816282326,0.16471286541029825,0.963515267798545
test_040,9,0.0,0.20933452244447276,0.11690319887678823,0.18667477705140723
test_040,9,0.01,0.289973244999363,0.16957234391297868,0.5677158905962663
test_040,9,0.02,0.2689089905295791,0.15534075854962956,0.6032754745468099
test_040,9,0.05,0.33318894126640336,0.19989604671782799,0.7673985351962053
test_040,9,0.1,0.35235061791310995,0.2138504840555504,0.8405854476354565
test_040,9,0.15,0.3502781670701151,0.21232559336868662,0.9413311098279902
test_040,9,0.2,0.3525544655370111,0.2140006805456739,0.9743399431630535
test_046,0,0.0,0.027367467149977346,0.013873575891216464,0.24269493074898355
test_046,0,0.01,0.03352967829632986,0.017050691244239632,0.4318563343597434
test_046,0,0.02,0.022655188038060717,0.011457378551787351,0.7989647981041327
test_046,0,0.05,0.03352967829632986,0.017050691244239632,0.8965719163571757
test_046,0,0.1,0.03352967829632986,0.017050691244239632,0.9601461895182121
test_046,0,0.15,0.06361576801087448,0.03285286409584425,0.9751919342647923
test_046,0,0.2,0.03352967829632986,0.017050691244239632,0.9808718239690799
test_046,1,0.0,0.06162211146352515,0.031790556334735855,0.65888105060559
test_046,1,0.01,0.04929768917082012,0.025271764377961536,0.9361371223870587
test_046,1,0.02,0.04150430448572723,0.021191930409032018,0.4759866895983477
test_046,1,0.05,0.06361576801087448,0.03285286409584425,0.607266395552002
test_046,1,0.1,0.061803352967829635,0.03188703946138021,0.8859282084817701
test_046,1,0.15,0.06361576801087448,0.03285286409584425,0.9576796708190225
test_046,1,0.2,0.05745355686452198,0.029576413509983204,0.9995987688294339
test_046,2,0.0,0.055459900317172635,0.028520831391555597,0.19827373584495117
test_046,2,0.01,0.05908473040326235,0.030441684564385098,0.5838925843268483
test_046,2,0.02,0.042410512007249664,0.021664660679566707,0.8910591958705237
test_046,2,0.05,0.055459900317172635,0.028520831391555597,0.9714136266085709
test_046,2,0.1,0.022655188038060717,0.011457378551787351,0.9873940636486722
test_046,2,0.15,0.03352967829632986,0.017050691244239632,0.9779291048213481
test_046,2,0.2,0.054553692795650206,0.028041736538103223,0.9621900199490813
test_046,3,0.0,0.06361576801087448,0.03285286409584425,0.14402235021447124
test_046,3,0.01,0.05890348889895786,0.03034547152194211,0.20654516698958375
test_046,3,0.02,0.06633439057544177,0.03430499578217265,0.7021446501934334
test_046,3,0.05,0.061803352967829635,0.03188703946138021,0.66486733134898
test_046,3,0.1,0.06361576801087448,0.03285286409584425,0.8733235464401707
test_046,3,0.15,0.06361576801087448,0.03285286409584425,0.8791091726064604
test_046,3,0.2,0.06361576801087448,0.03285286409584425,0.9199311743299466
test_046,4,0.0,0.055459900317172635,0.028520831391555597,0.6108362568455554
test_046,4,0.01,0.046216583597643864,0.02365491651205937,0.3636393805038403
test_046,4,0.02,0.02881739918441323,0.014619345347554248,0.733377732864654
test_046,4,0.05,0.035342093339374714,0.017988929889298892,0.7324492224836495
test_046,4,0.1,0.04349796103307658,0.0222325150532654,0.9328317954332769
test_046,4,0.15,0.03715450838241957,0.018928901200369344,0.9453001334249015
test_046,4,0.2,0.045310376076121435,0.023180343069077423,0.9816427599758338
test_046,5,0.0,0.05364748527412778,0.027563087810783128,0.3941278324939633
test_046,5,0.01,0.0405980969642048,0.02071963740634539,0.6539226416079239
test_046,5,0.02,0.05437245129134572,0.027945971122496506,0.7860071230998682
test_046,5,0.05,0.06361576801087448,0.03285286409584425,0.8595785791189522
test_046,5,0.1,0.05980969642048029,0.030826716487622606,0.9785973953223582
test_046,5,0.15,0.045310376076121435,0.023180343069077423,0.9664897976840443
test_046,5,0.2,0.054553692795650206,0.028041736538103223,0.9520491076250235
test_046,6,0.0,0.07140915269596737,0.03702659524480782,0.3645284489950907
test_046,6,0.01,0.07213411871318531,0.03741656482090815,0.4868169173654642
test_046,6,0.02,0.06615314907113728,0.03420805998125586,0.579380174559284
test_046,6,0.05,0.0672405980969642,0.03478994748687172,0.8026159257893102
test_046,6,0.1,0.044947893067512464,0.022990636877723184,0.9397765945913457
test_046,6,0.15,0.06361576801087448,0.03285286409584425,0.9602635170661828
test_046,6,0.2,0.04639782510194835,0.023749884033769365,0.9590762678883911
test_046,7,0.0,0.06325328500226551,0.03265955455736478,0.4553751307518873
test_046,7,0.01,0.05745355686452198,0.029576413509983204,0.7886596143339314
test_046,7,0.02,0.053285002265518806,0.027371753095614935,0.7009138700483375
test_046,7,0.05,0.04929768917082012,0.025271764377961536,0.8856424238177228
test_046,7,0.1,0.055459900317172635,0.028520831391555597,0.9685265446734882
test_046,7,0.15,0.06361576801087448,0.03285286409584425,0.9691466677728068
test_046,7,0.2,0.06361576801087448,0.03285286409584425,0.967503824521528
test_046,8,0.0,0.0672405980969642,0.03478994748687172,0.4728263478115561
test_046,8,0.01,0.055459900317172635,0.028520831391555597,0.7890554499197581
test_046,8,0.02,0.046216583597643864,0.02365491651205937,0.7246480352572696
test_046,8,0.05,0.05274127775260535,0.02708488458674609,0.8968947924963224
test_046,8,0.1,0.055459900317172635,0.028520831391555597,0.9459898030400314
test_046,8,0.15,0.06361576801087448,0.03285286409584425,0.9622605323887233
test_046,8,0.2,0.05056637970095152,0.02593901078467832,0.9483460776326755
test_046,9,0.0,0.027004984141368375,0.013687304795149733,0.5164349431942696
test_046,9,0.01,0.06687811508835523,0.03459591224451528,0.5231448940716308
test_046,9,0.02,0.04639782510194835,0.023749884033769365,0.44645714239243567
test_046,9,0.05,0.055459900317172635,0.028520831391555597,0.7648854598784076
test_046,9,0.1,0.06361576801087448,0.03285286409584425,0.8243094803134755
test_046,9,0.15,0.055459900317172635,0.028520831391555597,0.9339696537058582
test_046,9,0.2,0.06361576801087448,0.03285286409584425,0.9782550719167531
test_048,0,0.0,0.029789624820525627,0.015120022306151936,0.42064104728044627
test_048,0,0.01,0.029914476559086085,0.015184354284700306,0.6154301869720054
test_048,0,0.02,0.029764654472813533,0.015107156888838194,0.8790606589563215
test_048,0,0.05,0.030014357949934452,0.01523582573865869,0.990057979079947
test_048,0,0.1,0.02841625569636057,0.01441290829185506,0.9975278297440159
test_048,0,0.15,0.027442412135588987,0.01391209681502861,0.9989781091955862
test_048,0,0.2,0.025544665709470005,0.01293757588021044,0.9961082370713441
test_048,1,0.0,0.019077345652038204,0.009630535351880097,0.9576802877706451
test_048,1,0.01,0.00012485173856045944,6.242976651267325e-05,0.9836215538016199
test_048,1,0.02,0.026368687183969036,0.013360492921216108,0.8954926694827056
test_048,1,0.05,0.030788438729009302,0.01563490654561132,0.9749514753595789
test_048,1,0.1,0.025844309882015106,0.013091323045788009,0.9940871632769631
test_048,1,0.15,0.029415069604844246,0.014927075281624999,0.9948186834221231
test_048,1,0.2,0.0,0.0,0.9996661817230978
test_048,2,0.0,0.028591048130345215,0.014502849905003166,0.15358841710908958
test_048,2,0.01,0.029664773081965166,0.01505569848048969,0.6252611472725396
test_048,2,0.02,0.030314002122479554,0.015390271421508348,0.9109705541212935
test_048,2,0.05,0.030463824208752106,0.015467511885895404,0.9900289127250167
test_048,2,0.1,0.02764217491728572,0.014014787056261711,0.997307553360834
test_048,2,0.15,0.03036394281790374,0.015416016937334399,0.9980430232894165
test_048,2,0.2,0.0332605031525064,0.01691149397559768,0.9959777929419011
test_048,3,0.0,0.029889506211373994,0.01517148723668534,0.326445270305336
test_048,3,0.01,0.02729259004931644,0.013835092782461204,0.8307646821568149
test_048,3,0.02,0.03118796429240277,0.01584100651903711,0.923321223054184
test_048,3,0.05,0.02891566265060241,0.014669926650366748,0.972723493679754
test_048,3,0.1,0.032411511330295274,0.016472708351840806,0.9902107040389531
test_048,3,0.15,0.031687371246644606,0.016098749143683557,0.9916159154489068
test_048,3,0.2,0.02971471377738935,0.015081427032507446,0.9973335814208237
test_048,4,0.0,0.03086334977214558,0.0156735439201613,0.9165800567933307
test_048,4,0.01,0.030214120731631187,0.01533878430626862,0.7999695880437394
test_048,4,0.02,0.029415069604844246,0.014927075281624999,0.9287737471542985
test_048,4,0.05,0.033335414195642676,0.016950228542407315,0.9619865644662294
test_048,4,0.1,0.032286659591734816,0.016408212989518032,0.9934626923902046
test_048,4,0.15,0.033235532804794306,0.016898583109034585,0.9968966746083884
test_048,4,0.2,0.032411511330295274,0.016472708351840806,0.9962768624405385
test_048,5,0.0,0.02983956551594981,0.01514575411913815,0.6653524617766317
test_048,5,0.01,0.02706785691990761,0.013719608662085027,0.9309698267372488
test_048,5,0.02,0.02931518821399588,0.014875635128799686,0.9625047963065705
test_048,5,0.05,0.03076346838129721,0.01562202807400175,0.9845041784818178
test_048,5,0.1,0.03341032523877895,0.016988966060159733,0.9963015739060541
test_048,5,0.15,0.028241463262375928,0.014322982624993668,0.9972076947337914
test_048,5,0.2,0.03176228228978088,0.016137421818504753,0.9956907753465276
test_048,6,0.0,0.026868094138210875,0.01361697819511763,0.26753630140675033
test_048,6,0.01,0.027442412135588987,0.01391209681502861,0.8583466780938764
test_048,6,0.02,0.027966789437542917,0.01418170307059196,0.9148205801933216
test_048,6,0.05,0.02666833135651414,0.013514368506965973,0.9945339951862039
test_048,6,0.1,0.02816655221923965,0.014284447933947092,0.9939160059953183
test_048,6,0.15,0.02996441725451027,0.015210089359274986,0.9974169319786899
test_048,6,0.2,0.029415069604844246,0.014927075281624999,0.9971473339409748
test_048,7,0.0,0.029290217866283788,0.014862775905324244,0.7316808203241504
test_048,7,0.01,0.0008739621699232162,0.00043717212090931803,0.9791636661885076
test_048,7,0.02,0.02971471377738935,0.015081427032507446,0.9487788938071386
test_048,7,0.05,0.0033709969411324053,0.001688344172086043,0.9897703538255853
test_048,7,0.1,0.021699232161807854,0.010968621412162673,0.9979471144457966
test_048,7,0.15,0.028815781259754043,0.014618512560013175,0.9986395418627231
test_048,7,0.2,0.02904051438916287,0.014734201591243095,0.9985318849453334
test_048,8,0.0,0.01810350209126662,0.009134433665112763,0.976510221940523
test_048,8,0.01,0.02906548473687496,0.014747057556600069,0.9339395574885333
test_048,8,0.02,0.02816655221923965,0.014284447933947092,0.9909364514237263
test_048,8,0.05,0.02761720456957363,0.014001949638557267,0.9660792490275008
test_048,8,0.1,0.028740870216617767,0.014579955411430888,0.9983939463550374
test_048,8,0.15,0.032186778200886446,0.01635662259218841,0.9963681125652497
test_048,8,0.2,0.030713527685873026,0.015596272110568693,0.9939868995439286
test_048,9,0.0,0.026992945876771333,0.013681119801554155,0.4313895220147445
test_048,9,0.01,0.0258692802297272,0.013104137416359934,0.7257851102687237
test_048,9,0.02,0.029689743429677257,0.015068562593465642,0.8271385277836482
test_048,9,0.05,0.02736750109245271,0.013873593336624515,0.9825622016323863
test_048,9,0.1,0.028865721955178225,0.014644218953875777,0.9944509484578318
test_048,9,0.15,0.007216430488794556,0.0036212816078991556,0.99643900611386
test_048,9,0.2,0.028815781259754043,0.014618512560013175,0.999032089569028
test_051,0,0.0,0.002432888225373918,0.0012179256511750214,0.5303401851736634
test_051,0,0.01,0.008791573359873931,0.00441519493502166,0.5739943186846842
test_051,0,0.02,0.008183351303530453,0.004108486244899092,0.8464573092997386
test_051,0,0.05,0.0060822205634347955,0.0030503868445134635,0.9648469015826854
test_051,0,0.1,0.06082220563434796,0.03136494539648142,0.988117023892781
test_051,0,0.15,0.2262586049597744,0.1275600860375947,0.995698294016508
test_051,0,0.2,0.0353874650963479,0.018012439841265375,0.9894118898914502
test_051,1,0.0,0.24715932653230488,0.14100501561464937,0.9154788656140388
test_051,1,0.01,0.13574410439302204,0.07281409419860008,0.9738198987011057
test_051,1,0.02,0.01703021757761743,0.008588238574575469,0.9235599767197165
test_051,1,0.05,0.05988222609272622,0.030865253077975375,0.9392159642868295
test_051,1,0.1,0.10643885986010893,0.05621094434386498,0.9876000933088176
test_051,1,0.15,0.04898952199275663,0.02510982003684285,0.9845746362140034
test_051,1,0.2,0.17212684194520472,0.0941678262447819,0.9995727338574733
test_051,2,0.0,0.001492908683752177,0.000747011952191235,0.21713919846798777
test_051,2,0.01,0.001492908683752177,0.000747011952191235,0.7264034526976901
test_051,2,0.02,0.001492908683752177,0.000747011952191235,0.8538087063502363
test_051,2,0.05,0.005031655193386967,0.002522172949002217,0.9626124062425728
test_051,2,0.1,0.010560946614691327,0.0053085047248471375,0.9926240777774893
test_051,2,0.15,0.07514307041552624,0.039038262668045505,0.9947611145830457
test_051,2,0.2,0.1294960050869481,0.0692305418427976,0.9881268832785577
test_051,3,0.0,0.047109562909513146,0.024122993289730738,0.4881786431615241
test_051,3,0.01,0.03560863675320008,0.01812705829369212,0.8939546313865052
test_051,3,0.02,0.018357247518730475,0.009263651329557187,0.8523620058106063
test_051,3,0.05,0.05772580243841752,0.029720727645400975,0.9591334771558852
test_051,3,0.1,0.09947195266926544,0.05233911323170022,0.9780911041272654
test_051,3,0.15,0.1365734981062177,0.07329159372125456,0.9762187768913493
test_051,3,0.2,0.2901772137900528,0.16971186495488794,0.9862062749292624
test_051,4,0.0,0.0,0.0,0.8457534089091376
test_051,4,0.01,0.0027093527964391364,0.0013565140357676762,0.8430742851474239
test_051,4,0.02,0.0032622819385695724,0.0016338059370846255,0.8386706651825909
test_051,4,0.05,0.058776367808465346,0.030277999316395125,0.9365828509920736
test_051,4,0.1,0.19805921871112217,0.10991438829052748,0.9888092125281565
test_051,4,0.15,0.08631223908656106,0.04510257151112395,0.9916949053603547
test_051,4,0.2,0.04517431091205662,0.02310912485150195,0.9896993656791567
test_051,5,0.0,0.0009952724558347848,0.0004978839930296241,0.6889843947518353
test_051,5,0.01,0.010782118271543501,0.005420280186791194,0.8934847270850038
test_051,5,0.02,0.004976362279173924,0.002494387627837366,0.8533272098012157
test_051,5,0.05,0.031240496530369633,0.015868112115935515,0.9744133739710081
test_051,5,0.1,0.05501644964197838,0.028286331589720264,0.9916851057284312
test_051,5,0.15,0.05700699455364795,0.02933978372225384,0.9933135177356178
test_051,5,0.2,0.11534101904840895,0.061199941323162685,0.9839092770587112
test_051,6,0.0,0.008846866274086975,0.004443086834578324,0.3176490037834303
test_051,6,0.01,0.03206989024356529,0.01629625467112472,0.8056579161249627
test_051,6,0.02,0.014707915180669598,0.007408438936081326,0.8671509052140511
test_051,6,0.05,0.08586989577285671,0.04486105494251545,0.9741457962164146
test_051,6,0.1,0.035719222581626166,0.018184377199155524,0.9872728812087385
test_051,6,0.15,0.21249066932072655,0.11887527839643652,0.9917638613069382
test_051,6,0.2,0.13331121616764813,0.07141587677725118,0.9916297736603754
test_051,7,0.0,0.004755190622321749,0.002383261743106554,0.7230253881151903
test_051,7,0.01,0.22565038290343092,0.12717357432221876,0.9621512857574906
test_051,7,0.02,0.009731552901495672,0.004889567995554938,0.9128076293609465
test_051,7,0.05,0.31395316690166153,0.18620667038336666,0.9734855161386438
test_051,7,0.1,0.08537225954493932,0.04458948219597424,0.9907011987817728
test_051,7,0.15,0.04733073456636532,0.024238991929774883,0.9923361239589573
test_051,7,0.2,0.1390063863315916,0.0746947143239148,0.993172857165204
test_051,8,0.0,0.21514472920295263,0.12053903345724908,0.8646932292322668
test_051,8,0.01,0.005363412678665229,0.002688917225702722,0.8510434175322198
test_051,8,0.02,0.006469270962926101,0.0032451323015476783,0.9607724655950868
test_051,8,0.05,0.03826269663542617,0.019504495617125625,0.9508220149461526
test_051,8,0.1,0.10566475906112632,0.05577933450087565,0.9917952918337171
test_051,8,0.15,0.12496198612147853,0.06664504143198373,0.9905971075695124
test_051,8,0.2,0.0711619805921871,0.0368937048503612,0.9794255271767478
test_051,9,0.0,0.0,0.0,0.49831725869415966
test_051,9,0.01,0.0015482015979652207,0.0007747004952549595,0.653322936643768
test_051,9,0.02,0.001492908683752177,0.000747011952191235,0.7921446419794593
test_051,9,0.05,0.042188493544552265,0.021548802530501582,0.963849311003646
test_051,9,0.1,0.15924359293356558,0.08650986753176534,0.9875584448731428
test_051,9,0.15,0.2238257167344005,0.12601562743205802,0.9880294844978548
test_051,9,0.2,0.15343783694119598,0.08309378368666906,0.9973275425776393
test_052,0,0.0,0.002554278416347382,0.0012787723785166241,0.3385360239399505
test_052,0,0.01,0.002554278416347382,0.0012787723785166241,0.44564714618774315
test_052,0,0.02,0.002554278416347382,0.0012787723785166241,0.7091404682680823
test_052,0,0.05,0.002554278416347382,0.0012787723785166241,0.9646580312753711
test_052,0,0.1,0.002554278416347382,0.0012787723785166241,0.9853162181201718
test_052,0,0.15,0.002554278416347382,0.0012787723785166241,0.9751556238063716
test_052,0,0.2,0.002554278416347382,0.0012787723785166241,0.9904228775135081
test_052,1,0.0,0.002554278416347382,0.0012787723785166241,0.6725637593367905
test_052,1,0.01,0.002554278416347382,0.0012787723785166241,0.9478176961948949
test_052,1,0.02,0.002554278416347382,0.0012787723785166241,0.7261141143516312
test_052,1,0.05,0.002554278416347382,0.0012787723785166241,0.5072763441192045
test_052,1,0.1,0.002554278416347382,0.0012787723785166241,0.9511466063486423
test_052,1,0.15,0.002554278416347382,0.0012787723785166241,0.9219531695529027
test_052,1,0.2,0.002554278416347382,0.0012787723785166241,0.9994470690750239
test_052,2,0.0,0.002554278416347382,0.0012787723785166241,0.09924901787132538
test_052,2,0.01,0.002554278416347382,0.0012787723785166241,0.551454376069482
test_052,2,0.02,0.002554278416347382,0.0012787723785166241,0.914455680287933
test_052,2,0.05,0.002554278416347382,0.0012787723785166241,0.9749511866817981
test_052,2,0.1,0.002554278416347382,0.0012787723785166241,0.9929890710585904
test_052,2,0.15,0.002554278416347382,0.0012787723785166241,0.9876093288921924
test_052,2,0.2,0.002554278416347382,0.0012787723785166241,0.9819974606001503
test_052,3,0.0,0.002554278416347382,0.0012787723785166241,0.1831197664468457
test_052,3,0.01,0.002554278416347382,0.0012787723785166241,0.316495665615652
test_052,3,0.02,0.002554278416347382,0.0012787723785166241,0.7838728514167336
test_052,3,0.05,0.002554278416347382,0.0012787723785166241,0.8531307729411569
test_052,3,0.1,0.002554278416347382,0.0012787723785166241,0.9569426064978059
test_052,3,0.15,0.002554278416347382,0.0012787723785166241,0.9134686827705937
test_052,3,0.2,0.002554278416347382,0.0012787723785166241,0.9722725065698653
test_052,4,0.0,0.002554278416347382,0.0012787723785166241,0.14087134060140516
test_052,4,0.01,0.002554278416347382,0.0012787723785166241,0.10271116692137182
test_052,4,0.02,0.002554278416347382,0.0012787723785166241,0.4555502327915841
test_052,4,0.05,0.002554278416347382,0.0012787723785166241,0.7194621202714448
test_052,4,0.1,0.002554278416347382,0.0012787723785166241,0.9477744321307215
test_052,4,0.15,0.002554278416347382,0.0012787723785166241,0.9627382605344562
test_052,4,0.2,0.002554278416347382,0.0012787723785166241,0.9854517788545812
test_052,5,0.0,0.002554278416347382,0.0012787723785166241,0.3658151412668611
test_052,5,0.01,0.002554278416347382,0.0012787723785166241,0.7064116595271275
test_052,5,0.02,0.002554278416347382,0.0012787723785166241,0.6147377033878344
test_052,5,0.05,0.002554278416347382,0.0012787723785166241,0.952171214759103
test_052,5,0.1,0.002554278416347382,0.0012787723785166241,0.9884341150115915
test_052,5,0.15,0.002554278416347382,0.0012787723785166241,0.9824611359972498
test_052,5,0.2,0.002554278416347382,0.0012787723785166241,0.9757736653844413
test_052,6,0.0,0.002554278416347382,0.0012787723785166241,0.23060513420420292
test_052,6,0.01,0.002554278416347382,0.0012787723785166241,0.245847813922889
test_052,6,0.02,0.002554278416347382,0.0012787723785166241,0.4397502830836369
test_052,6,0.05,0.002554278416347382,0.0012787723785166241,0.7165515447755433
test_052,6,0.1,0.002554278416347382,0.0012787723785166241,0.9466725829443569
test_052,6,0.15,0.002554278416347382,0.0012787723785166241,0.9603492189108087
test_052,6,0.2,0.002554278416347382,0.0012787723785166241,0.9819178547220714
test_052,7,0.0,0.002554278416347382,0.0012787723785166241,0.11528981862452507
test_052,7,0.01,0.002554278416347382,0.0012787723785166241,0.5377846623532979
test_052,7,0.02,0.002554278416347382,0.0012787723785166241,0.49323277120314457
test_052,7,0.05,0.002554278416347382,0.0012787723785166241,0.8591663983204215
test_052,7,0.1,0.002554278416347382,0.0012787723785166241,0.9364767428396102
test_052,7,0.15,0.002554278416347382,0.0012787723785166241,0.9658766934350036
test_052,7,0.2,0.002554278416347382,0.0012787723785166241,0.9805913208291003
test_052,8,0.0,0.002554278416347382,0.0012787723785166241,0.17025352408777802
test_052,8,0.01,0.002554278416347382,0.0012787723785166241,0.7409618220071249
test_052,8,0.02,0.002554278416347382,0.0012787723785166241,0.38755844852654603
test_052,8,0.05,0.002554278416347382,0.0012787723785166241,0.9224575708557441
test_052,8,0.1,0.002554278416347382,0.0012787723785166241,0.9388928389247209
test_052,8,0.15,0.002554278416347382,0.0012787723785166241,0.976180924441859
test_052,8,0.2,0.002554278416347382,0.0012787723785166241,0.972421565692297
test_052,9,0.0,0.002554278416347382,0.0012787723785166241,0.25669971029675903
test_052,9,0.01,0.002554278416347382,0.0012787723785166241,0.5178266611230774
test_052,9,0.02,0.002554278416347382,0.0012787723785166241,0.6713524232253579
test_052,9,0.05,0.002554278416347382,0.0012787723785166241,0.8465524431409028
test_052,9,0.1,0.002554278416347382,0.0012787723785166241,0.8572727013888484
test_052,9,0.15,0.002554278416347382,0.0012787723785166241,0.9568661156323477
test_052,9,0.2,0.002554278416347382,0.0012787723785166241,0.9888072243010217
test_061,0,0.0,0.2486480244798984,0.14197490165051319,0.2097800609472627
test_061,0,0.01,0.24368276207155368,0.13874643874643874,0.21989847635642307
test_061,0,0.02,0.21947229653008987,0.12326250027021769,0.2388704243875273
test_061,0,0.05,0.23925636535093628,0.13588370313695486,0.4100872204188599
test_061,0,0.1,0.2610419352976271,0.150113991013524,0.7401965879039059
test_061,0,0.15,0.23121187044129252,0.13071767419593505,0.8939203309938247
test_061,0,0.2,0.24791670676083985,0.1414982425307557,0.9502619536649831
test_061,1,0.0,0.25811666442139297,0.14818252126836814,0.19354976145151692
test_061,1,0.01,0.1540001154712188,0.08342368640533779,0.8611203311317095
test_061,1,0.02,0.25011065991801545,0.14292941512878604,0.29795170102094803
test_061,1,0.05,0.24737784107311253,0.141147274564062,0.3864236860677401
test_061,1,0.1,0.26646908258116664,0.1537146409698477,0.5809127297253796
test_061,1,0.15,0.2655068224245107,0.15307458447063002,0.7420361772797056
test_061,1,0.2,0.17339928022940282,0.09493004045853001,0.9992722803381926
test_061,2,0.0,0.22185870171859665,0.12477000671039246,0.14319301707736498
test_061,2,0.01,0.25091895844960643,0.1434575942960257,0.2699628270961622
test_061,2,0.02,0.2563845961394122,0.1470419426048565,0.2938647398859571
test_061,2,0.05,0.24972575585535306,0.14267807270248278,0.38398647946644254
test_061,2,0.1,0.25711591385847077,0.14752324374461695,0.6983652688773885
test_061,2,0.15,0.2627740035796078,0.15126069038862056,0.8104275011908638
test_061,2,0.2,0.26092646407882836,0.1500376256031163,0.8641145087932491
test_061,3,0.0,0.24910990935509325,0.14227615467475654,0.2268100225324037
test_061,3,0.01,0.24922538057389196,0.14235149276700523,0.26500464182353073
test_061,3,0.02,0.26373626373626374,0.1518987341772152,0.2403371094554268
test_061,3,0.05,0.26931737264486827,0.15561337959256294,0.3775752476932984
test_061,3,0.1,0.265391351205712,0.15299782541161852,0.5857478983546243
test_061,3,0.15,0.2669309674563615,0.1540221205525696,0.6378454468289377
test_061,3,0.2,0.2643906006427898,0.15233300807238534,0.8090917301976641
test_061,4,0.0,0.23798618194415042,0.13506487832583336,0.20902382125324348
test_061,4,0.01,0.25072650641827526,0.1433317930776509,0.2688962695635557
test_061,4,0.02,0.25603818248301613,0.14681409874417886,0.2636300036086474
test_061,4,0.05,0.2680471892380824,0.15476587328044092,0.405235852621632
test_061,4,0.1,0.27089547930178404,0.15666807648643233,0.6014315500535848
test_061,4,0.15,0.2675083235503551,0.15440670058430161,0.7116726293155542
test_061,4,0.2,0.25907892457804893,0.14881715675436658,0.8976519077197326
test_061,5,0.0,0.2515732953561325,0.14388552559163456,0.22056501416849852
test_061,5,0.01,0.24222012663343662,0.13779889638258738,0.2283078930201977
test_061,5,0.02,0.25750081792113316,0.14777672240507167,0.26317621127559304
test_061,5,0.05,0.2645445622678547,0.15243523775727466,0.3729820153898732
test_061,5,0.1,0.2651988991743808,0.15286991635419672,0.7296615762545644
test_061,5,0.15,0.2672388907064914,0.154227198009685,0.7542571422690656
test_061,5,0.2,0.2672004003002252,0.1542015593416113,0.8653582598871231
test_061,6,0.0,0.24537633994726815,0.1398455666213311,0.22834525083521393
test_061,6,0.01,0.25507592232636017,0.14618167379891472,0.29114430390501267
test_061,6,0.02,0.261349858547757,0.15031768169843485,0.29618518310006103
test_061,6,0.05,0.24968726544908681,0.14265294453973698,0.401293956248847
test_061,6,0.1,0.26242758992321163,0.15103116762288726,0.5842616718611211
test_061,6,0.15,0.2682011508631474,0.15486853510546084,0.736293423984352
test_061,6,0.2,0.26785473720675124,0.15463757166348163,0.8489446483423692
test_061,7,0.0,0.25395970054463923,0.14544893415338492,0.23576878236201237
test_061,7,0.01,0.1932603298627817,0.10696634000852151,0.3405871025421007
test_061,7,0.02,0.24622312888512538,0.14039592660872618,0.30011945157843795
test_061,7,0.05,0.18471545967167682,0.10175565073576184,0.7173559227696914
test_061,7,0.1,0.21389118762148535,0.1197526075338333,0.7559261147840769
test_061,7,0.15,0.2613883489540232,0.15034314810715077,0.7801120386105429
test_061,7,0.2,0.2609649544850946,0.15006307961311172,0.8770040870288522
test_061,8,0.0,0.2330979003483382,0.13192462694695567,0.29290103763625247
test_061,8,0.01,0.21242855218336829,0.11883639808793764,0.5391015181519662
test_061,8,0.02,0.21989569099901848,0.1235296661477253,0.20418500039893767
test_061,8,0.05,0.2685475645195435,0.1550995909656767,0.4392316260085528
test_061,8,0.1,0.23071149515983141,0.1303978941414493,0.7220098008767144
test_061,8,0.15,0.262158157079348,0.15085271317829457,0.8136562837744102
test_061,8,0.2,0.2561536537018148,0.14689003663973865,0.8510168480670794
test_061,9,0.0,0.1949539077384962,0.10800494711702491,0.14474953879566063
test_061,9,0.01,0.2594638286407113,0.14907120743034055,0.23992479885203327
test_061,9,0.02,0.2680471892380824,0.15476587328044092,0.34041885760607515
test_061,9,0.05,0.2685475645195435,0.1550995909656767,0.4295217746398081
test_061,9,0.1,0.2539981909509055,0.14547418544155902,0.6057231705604504
test_061,9,0.15,0.19260599295625566,0.10656558127648699,0.8937408194151754
test_061,9,0.2,0.23640807528723465,0.1340491935659879,0.9559003422707675
test_064,0,0.0,0.09100025068939584,0.04766907419566645,0.10016331320332578
test_064,0,0.01,0.09100025068939584,0.04766907419566645,0.13480756974055275
test_064,0,0.02,0.09501128102281274,0.04987498355046717,0.1351108112656328
test_064,0,0.05,0.09501128102281274,0.04987498355046717,0.20352207908735265
test_064,0,0.1,0.10278265229380797,0.0541754756871036,0.5521125968304651
test_064,0,0.15,0.09626472800200551,0.05056623650250198,0.8286661020706036
test_064,0,0.2,0.09501128102281274,0.04987498355046717,0.9354098170771804
test_064,1,0.0,0.10278265229380797,0.0541754756871036,0.138439840640815
test_064,1,0.01,0.08598646277262471,0.04492468893254748,0.928171683697759
test_064,1,0.02,0.09501128102281274,0.04987498355046717,0.1562587963029968
test_064,1,0.05,0.09626472800200551,0.05056623650250198,0.16602409416395367
test_064,1,0.1,0.10528954625219353,0.055570256681661816,0.4437072423826562
test_064,1,0.15,0.10278265229380797,0.0541754756871036,0.6969400207005256
test_064,1,0.2,0.09501128102281274,0.04987498355046717,0.9998355044005983
test_064,2,0.0,0.09100025068939584,0.04766907419566645,0.10704914036980037
test_064,2,0.01,0.09375783404361995,0.049184639663335084,0.1252939697654029
test_064,2,0.02,0.09626472800200551,0.05056623650250198,0.15333284105374403
test_064,2,0.05,0.09501128102281274,0.04987498355046717,0.2278311993488758
test_064,2,0.1,0.10027575833542242,0.05278437582475587,0.5534593925794915
test_064,2,0.15,0.10152920531461519,0.053479466525815395,0.7948196800230365
test_064,2,0.2,0.10278265229380797,0.0541754756871036,0.859707497852143
test_064,3,0.0,0.10127851591877664,0.05334037496699234,0.14660070044264797
test_064,3,0.01,0.10052644773126097,0.052923320575425634,0.15031776159917218
test_064,3,0.02,0.0935071446477814,0.049046679815910585,0.14301326989469293
test_064,3,0.05,0.09626472800200551,0.05056623650250198,0.179256399498091
test_064,3,0.1,0.10278265229380797,0.0541754756871036,0.3826635530491618
test_064,3,0.15,0.10278265229380797,0.0541754756871036,0.5512133614237602
test_064,3,0.2,0.10278265229380797,0.0541754756871036,0.7802500562915075
test_064,4,0.0,0.09501128102281274,0.04987498355046717,0.13046060197262185
test_064,4,0.01,0.09626472800200551,0.05056623650250198,0.13150983923482604
test_064,4,0.02,0.09626472800200551,0.05056623650250198,0.13288456113030622
test_064,4,0.05,0.10654299323138632,0.05626903217264663,0.20455517786999383
test_064,4,0.1,0.10654299323138632,0.05626903217264663,0.43767961301576375
test_064,4,0.15,0.10278265229380797,0.0541754756871036,0.6752345920054459
test_064,4,0.2,0.09626472800200551,0.05056623650250198,0.8806041475714226
test_064,5,0.0,0.09375783404361995,0.049184639663335084,0.12949610437583461
test_064,5,0.01,0.08648784156430182,0.04519848028298179,0.126699729144306
test_064,5,0.02,0.09501128102281274,0.04987498355046717,0.13846264024830626
test_064,5,0.05,0.10278265229380797,0.0541754756871036,0.17943081986812232
test_064,5,0.1,0.10278265229380797,0.0541754756871036,0.5532530493862494
test_064,5,0.15,0.10278265229380797,0.0541754756871036,0.7157197471005778
test_064,5,0.2,0.09626472800200551,0.05056623650250198,0.8805808757827112
test_064,6,0.0,0.09501128102281274,0.04987498355046717,0.14866715096215546
test_064,6,0.01,0.09626472800200551,0.05056623650250198,0.14471691660091088
test_064,6,0.02,0.09626472800200551,0.05056623650250198,0.14303171868951203
test_064,6,0.05,0.09626472800200551,0.05056623650250198,0.2034635286160437
test_064,6,0.1,0.09626472800200551,0.05056623650250198,0.42532077548459857
test_064,6,0.15,0.09626472800200551,0.05056623650250198,0.6518842188479921
test_064,6,0.2,0.09626472800200551,0.05056623650250198,0.9006236194924283
test_064,7,0.0,0.09626472800200551,0.05056623650250198,0.11963222182153899
test_064,7,0.01,0.09375783404361995,0.049184639663335084,0.17082501358429417
test_064,7,0.02,0.09626472800200551,0.05056623650250198,0.13927181551905915
test_064,7,0.05,0.10027575833542242,0.05278437582475587,0.7662830707059166
test_064,7,0.1,0.09626472800200551,0.05056623650250198,0.7062577750827761
test_064,7,0.15,0.09626472800200551,0.05056623650250198,0.6942500042888546
test_064,7,0.2,0.09626472800200551,0.05056623650250198,0.863072463590908
test_064,8,0.0,0.10278265229380797,0.0541754756871036,0.1284829130907108
test_064,8,0.01,0.09501128102281274,0.04987498355046717,0.38780284090464473
test_064,8,0.02,0.08648784156430182,0.04519848028298179,0.12612828868613324
test_064,8,0.05,0.09626472800200551,0.05056623650250198,0.2538606781590902
test_064,8,0.1,0.09626472800200551,0.05056623650250198,0.644036432058789
test_064,8,0.15,0.10278265229380797,0.0541754756871036,0.802241761714969
test_064,8,0.2,0.09375783404361995,0.049184639663335084,0.8831786819475165
test_064,9,0.0,0.09225369766858862,0.04835742444152431,0.04829354426377188
test_064,9,0.01,0.09626472800200551,0.05056623650250198,0.1449265819263096
test_064,9,0.02,0.09626472800200551,0.05056623650250198,0.16965908010623226
test_064,9,0.05,0.09626472800200551,0.05056623650250198,0.22018161062686578
test_064,9,0.1,0.09626472800200551,0.05056623650250198,0.47214550309704745
test_064,9,0.15,0.10152920531461519,0.053479466525815395,0.8560884311624323
test_064,9,0.2,0.09501128102281274,0.04987498355046717,0.9528501677188099
test_065,0,0.0,0.0,0.0,0.33183687943374135
test_065,0,0.01,0.03193335647344672,0.016225749559082892,0.2495503162859982
test_065,0,0.02,0.00971884762235335,0.004883153121730032,0.7305422470737459
test_065,0,0.05,0.05137105171815342,0.026362664766654793,0.7050950293421252
test_065,0,0.1,0.08122179798681013,0.04232995658465991,0.8692030396813855
test_065,0,0.15,0.09649427282193683,0.050692924872355945,0.9632589845768579
test_065,0,0.2,0.12912183269698022,0.06901669758812616,0.9482153059400993
test_065,1,0.0,0.11384935786185352,0.060360691939639305,0.019610126236033944
test_065,1,0.01,0.04928844151336342,0.025266903914590747,0.9573208288300061
test_065,1,0.02,0.05137105171815342,0.026362664766654793,0.03027758370969945
test_065,1,0.05,0.07358556056924678,0.0381981981981982,0.4314789437481455
test_065,1,0.1,0.11384935786185352,0.060360691939639305,0.6017793523685688
test_065,1,0.15,0.12912183269698022,0.06901669758812616,0.8540726228198339
test_065,1,0.2,0.029850746268656716,0.015151515151515152,0.9996673544337108
test_065,2,0.0,0.04165220409580007,0.021269053527118043,0.11982448509180786
test_065,2,0.01,0.03193335647344672,0.016225749559082892,0.5049361599356608
test_065,2,0.02,0.02221450885109337,0.011232011232011231,0.695163360409518
test_065,2,0.05,0.04165220409580007,0.021269053527118043,0.9120468170426329
test_065,2,0.1,0.05900728913571676,0.030400572246065807,0.9073254848345776
test_065,2,0.15,0.08122179798681013,0.04232995658465991,0.8846141471261196
test_065,2,0.2,0.12912183269698022,0.06901669758812616,0.905078396037195
test_065,3,0.0,0.05137105171815342,0.026362664766654793,0.11138389601122585
test_065,3,0.01,0.10933703575147519,0.057829998164127046,0.008134313609397346
test_065,3,0.02,0.04165220409580007,0.021269053527118043,0.5851422143357671
test_065,3,0.05,0.07358556056924678,0.0381981981981982,0.19655404300344934
test_065,3,0.1,0.11384935786185352,0.060360691939639305,0.646007457578131
test_065,3,0.15,0.12912183269698022,0.06901669758812616,0.7037137586607498
test_065,3,0.2,0.12912183269698022,0.06901669758812616,0.8339293764373982
test_065,4,0.0,0.02221450885109337,0.011232011232011231,0.8062557591079149
test_065,4,0.01,0.05137105171815342,0.026362664766654793,0.44703124964733776
test_065,4,0.02,0.05137105171815342,0.026362664766654793,0.6622238085753286
test_065,4,0.05,0.07358556056924678,0.0381981981981982,0.5109631868144725
test_065,4,0.1,0.09163484901076015,0.04801746089487086,0.8320928722696708
test_065,4,0.15,0.08122179798681013,0.04232995658465991,0.8171308839774097
test_065,4,0.2,0.09649427282193683,0.050692924872355945,0.9385427852282875
test_065,5,0.0,0.05900728913571676,0.030400572246065807,0.4765169849059385
test_065,5,0.01,0.05900728913571676,0.030400572246065807,0.573881850883452
test_065,5,0.02,0.05137105171815342,0.026362664766654793,0.772894958108235
test_065,5,0.05,0.08122179798681013,0.04232995658465991,0.8229099959465058
test_065,5,0.1,0.08122179798681013,0.04232995658465991,0.9050471844956506
test_065,5,0.15,0.11384935786185352,0.060360691939639305,0.8734730487328949
test_065,5,0.2,0.09649427282193683,0.050692924872355945,0.8820031843660399
test_065,6,0.0,0.02221450885109337,0.011232011232011231,0.39812759863690617
test_065,6,0.01,0.05137105171815342,0.026362664766654793,0.23810069287106106
test_065,6,0.02,0.1034363068379035,0.054538799414348464,0.3047858577063172
test_065,6,0.05,0.08122179798681013,0.04232995658465991,0.7840052715413488
test_065,6,0.1,0.05900728913571676,0.030400572246065807,0.807936134471015
test_065,6,0.15,0.12912183269698022,0.06901669758812616,0.8912591483081287
test_065,6,0.2,0.1187087816730302,0.06309963099630997,0.8916563667195372
test_065,7,0.0,0.04165220409580007,0.021269053527118043,0.5507804044541422
test_065,7,0.01,0.08122179798681013,0.04232995658465991,0.9282409858052931
test_065,7,0.02,0.06386671294689344,0.032986733596271064,0.7944180532339348
test_065,7,0.05,0.07150295036445678,0.037077033837293015,0.9483107179873715
test_065,7,0.1,0.06386671294689344,0.032986733596271064,0.9729214806249846
test_065,7,0.15,0.08122179798681013,0.04232995658465991,0.9398695956799977
test_065,7,0.2,0.09649427282193683,0.050692924872355945,0.9480527073170651
test_065,8,0.0,0.11384935786185352,0.060360691939639305,0.34685794925452934
test_065,8,0.01,0.02221450885109337,0.011232011232011231,0.8476194410890474
test_065,8,0.02,0.05137105171815342,0.026362664766654793,0.9246662333933333
test_065,8,0.05,0.07358556056924678,0.0381981981981982,0.6913219235047725
test_065,8,0.1,0.09649427282193683,0.050692924872355945,0.9439098195327114
test_065,8,0.15,0.12912183269698022,0.06901669758812616,0.8560580039078207
test_065,8,0.2,0.1187087816730302,0.06309963099630997,0.8518293732553518
test_065,9,0.0,0.0,0.0,0.3346991342065513
test_065,9,0.01,0.05137105171815342,0.026362664766654793,0.5346641223515317
test_065,9,0.02,0.02221450885109337,0.011232011232011231,0.789045402273971
test_065,9,0.05,0.07358556056924678,0.0381981981981982,0.650596833929452
test_065,9,0.1,0.1034363068379035,0.054538799414348464,0.7809404972330284
test_065,9,0.15,0.07358556056924678,0.0381981981981982,0.9536247140002417
test_065,9,0.2,0.1187087816730302,0.06309963099630997,0.969305065426362
test_066,0,0.0,0.008716959910018479,0.004377559460168243,0.3841866402113553
test_066,0,0.01,0.0011649393428135293,0.0005828091400550654,0.7836963153541525
test_066,0,0.02,0.0020486864304651723,0.0010253935701791423,0.8909540420059161
test_066,0,0.05,0.001928175463967221,0.0009650180940892642,0.9918898394618425
test_066,0,0.1,0.005342652848075841,0.0026784815225052864,0.9971158993717427
test_066,0,0.15,0.0010444283763155781,0.0005224870383023191,0.9978228843040708
test_066,0,0.2,0.0042982244717602635,0.0021537408667297356,0.9962907993451715
test_066,1,0.0,0.009681047642002089,0.004864068460249863,0.9590881691290235
test_066,1,0.01,0.0,0.0,0.9662419142818808
test_066,1,0.02,0.004378565116092231,0.002194086032327543,0.9783627829151109
test_066,1,0.05,0.010886157306981602,0.005472867903952178,0.9794801858193124
test_066,1,0.1,0.0076725315337029,0.0038510393773816963,0.9982026008796067
test_066,1,0.15,0.00960070699767012,0.004823508042543744,0.9958785691380977
test_066,1,0.2,0.0,0.0,0.9996587851642271
test_066,2,0.0,0.0018478348196352536,0.0009247718226046399,0.16115325505729236
test_066,2,0.01,0.0042982244717602635,0.0021537408667297356,0.6896719565445723
test_066,2,0.02,0.0041777135052623125,0.0020932292085983416,0.9454290326167982
test_066,2,0.05,0.0042982244717602635,0.0021537408667297356,0.9919612628491555
test_066,2,0.1,0.00948019603117217,0.004762673555053277,0.9973702519122335
test_066,2,0.15,0.0091588334538443,0.004600484261501211,0.9965841682435079
test_066,2,0.2,0.010524624407487748,0.005290150627952995,0.9946579754295395
test_066,3,0.0,0.01108700891781152,0.005574406204556471,0.20768840352133278
test_066,3,0.01,0.005623845103237728,0.0028198517563648084,0.9562146037134869
test_066,3,0.02,0.0036153289949385392,0.0018109380659181455,0.9655868445579427
test_066,3,0.05,0.010725476018317666,0.005391652026413037,0.9836838252699304
test_066,3,0.1,0.012051096649795132,0.00606207565470417,0.99118210831502
test_066,3,0.15,0.011689563750301278,0.0058791441905570035,0.9909973669266416
test_066,3,0.2,0.01438097533542219,0.007242565243779081,0.99578731776565
test_066,4,0.0,0.001405961275809432,0.0007034751673265934,0.9477457088154346
test_066,4,0.01,0.0042982244717602635,0.0021537408667297356,0.8730444144330369
test_066,4,0.02,0.001968345786133205,0.000985142443555359,0.9595422939498496
test_066,4,0.05,0.008636619265686511,0.004337038307143002,0.97498179164344
test_066,4,0.1,0.012814332770948823,0.0064484828882734645,0.9932119183416275
test_066,4,0.15,0.010886157306981602,0.005472867903952178,0.9947214036615563
test_066,4,0.2,0.01160922310596931,0.005838501787914907,0.996816773961593
test_066,5,0.0,0.001405961275809432,0.0007034751673265934,0.7102713142622101
test_066,5,0.01,0.0016871535309713184,0.0008442889880593415,0.9444018150643382
test_066,5,0.02,0.0010042580541495944,0.0005023812873018106,0.97167531521913
test_066,5,0.05,0.009922069574997992,0.004985769362750045,0.9885212140303631
test_066,5,0.1,0.009922069574997992,0.004985769362750045,0.9935814011183841
test_066,5,0.15,0.0121314372941271,0.006102736127389565,0.9970760301973322
test_066,5,0.2,0.010845986984815618,0.0054525627044711015,0.9944232376700421
test_066,6,0.0,0.00040170322165983773,0.00020089196030374866,0.21832463844234662
test_066,6,0.01,0.0037358399614364907,0.0018714156353757923,0.8536091513265305
test_066,6,0.02,0.008596448943520527,0.004316778956711179,0.9426499166358276
test_066,6,0.05,0.0026914115851209125,0.0013475191568954768,0.9937187045853381
test_066,6,0.1,0.011569052783803326,0.005818181818181818,0.9928620503458644
test_066,6,0.15,0.008596448943520527,0.004316778956711179,0.9947062661675288
test_066,6,0.2,0.010926327629147586,0.005493173923580257,0.9935554968152243
test_066,7,0.0,0.0037358399614364907,0.0018714156353757923,0.8450314157143789
test_066,7,0.01,0.0,0.0,0.9668615921183741
test_066,7,0.02,0.007431509600706997,0.0037296131282382114,0.9718640008841211
test_066,7,0.05,0.0,0.0,0.9758948383782697
test_066,7,0.1,0.0,0.0,0.9961310028413174
test_066,7,0.15,0.010524624407487748,0.005290150627952995,0.9986249582833889
test_066,7,0.2,0.009922069574997992,0.004985769362750045,0.9970355214104979
test_066,8,0.0,0.0,0.0,0.9675094129015102
test_066,8,0.01,0.0012854503093114808,0.0006431385159578744,0.9635946650622628
test_066,8,0.02,0.0027315819072868965,0.0013676588897827836,0.9901177932419855
test_066,8,0.05,0.007592190889370932,0.003810560696788242,0.9718082480011887
test_066,8,0.1,0.010886157306981602,0.005472867903952178,0.9979148818910129
test_066,8,0.15,0.010363943118823812,0.005208964264082374,0.9938204029607062
test_066,8,0.2,0.00960070699767012,0.004823508042543744,0.9945936943809578
test_066,9,0.0,0.0,0.0,0.5185889051629824
test_066,9,0.01,0.0,0.0,0.8687694581971765
test_066,9,0.02,0.0041375431830963285,0.002073060279762504,0.9147928767464816
test_066,9,0.05,0.0091588334538443,0.004600484261501211,0.9830667058831318
test_066,9,0.1,0.008114405077528721,0.004073730488444319,0.9879957724242946
test_066,9,0.15,0.0,0.0,0.9897536405687597
test_066,9,0.2,0.008676789587852495,0.004357298474945534,0.9980743585886551
test_068,0,0.0,0.3631057467123041,0.22182602570875154,0.3588995467801942
test_068,0,0.01,0.5428931724013691,0.3725829583106671,0.33398630371776816
test_068,0,0.02,0.5502431994235273,0.3795417267259804,0.3919076956148778
test_068,0,0.05,0.7186452891370925,0.5608480485884603,0.6376817337289851
test_068,0,0.1,0.7147540983606557,0.5561224489795918,0.8748046677676284
test_068,0,0.15,0.7389419323845553,0.585969791051599,0.8794208970539371
test_068,0,0.2,0.7172521467603434,0.5591528724440117,0.9555154321567954
test_068,1,0.0,0.817198102444004,0.69090022947424,0.3640578121636441
test_068,1,0.01,0.7222962829520206,0.565308117456856,0.73594989676613
test_068,1,0.02,0.622038071218399,0.4514189094965835,0.45378722101626984
test_068,1,0.05,0.7544346364018495,0.6056965442764579,0.6012297858871515
test_068,1,0.1,0.7813847354830962,0.6412070800646509,0.7452003356539045
test_068,1,0.15,0.7275085570167538,0.5717198029333485,0.8674798014865235
test_068,1,0.2,0.7541704197441902,0.6053560067094684,0.9974814877337064
test_068,2,0.0,0.5429652314898217,0.37265084075173094,0.2753963094689319
test_068,2,0.01,0.5860085269921336,0.41443568662091457,0.5034943167653265
test_068,2,0.02,0.7531615925058548,0.6040570999248686,0.5399187525586666
test_068,2,0.05,0.7103584939650514,0.5508185729451863,0.6359982454860282
test_068,2,0.1,0.667987749954963,0.5014876927238301,0.8686500383838633
test_068,2,0.15,0.7875818170900138,0.6495958475315001,0.8870405971775595
test_068,2,0.2,0.7636101603314718,0.6176127753817461,0.879514914605482
test_068,3,0.0,0.7094697652074701,0.5497505955926146,0.3471345716492
test_068,3,0.01,0.6450489401309073,0.4760680730366956,0.3246115190360149
test_068,3,0.02,0.7304869993394584,0.5754072616502375,0.5131013291320018
test_068,3,0.05,0.774178826637843,0.6315593525884704,0.5620153684202016
test_068,3,0.1,0.8032666786765147,0.6712161050117416,0.7290231969821207
test_068,3,0.15,0.7858283792710022,0.6472135947298661,0.7931734953781704
test_068,3,0.2,0.8043956043956044,0.6727941176470589,0.8653272003222062
test_068,4,0.0,0.6068816429472167,0.43562820048621526,0.44335119155842323
test_068,4,0.01,0.7038971957004744,0.5430874722016308,0.4364054824653171
test_068,4,0.02,0.6149282411577494,0.44396850721420644,0.39469759605212396
test_068,4,0.05,0.7614483876778959,0.614789387945078,0.5702794353803915
test_068,4,0.1,0.801537260553654,0.6688044894277984,0.7600136240949539
test_068,4,0.15,0.7716327388458536,0.6281775518185373,0.8471012805588652
test_068,4,0.2,0.7123761484417223,0.5532486429011136,0.9285335863300785
test_068,5,0.0,0.653551912568306,0.48538961038961037,0.38598588964936825
test_068,5,0.01,0.6012370143517685,0.429834804409795,0.29866614089447446
test_068,5,0.02,0.6466582597730138,0.47782333209094296,0.5290604835612924
test_068,5,0.05,0.7750435356992734,0.6327110867092827,0.6019042643358496
test_068,5,0.1,0.7713925418843451,0.6278592375366568,0.8617620612665331
test_068,5,0.15,0.7907043775896235,0.653855321177452,0.8565942912285347
test_068,5,0.2,0.7596228907704318,0.612412858249419,0.9105479637304499
test_068,6,0.0,0.5717888668708341,0.4003531786074672,0.2897006250128506
test_068,6,0.01,0.7417282171380533,0.5894817218669467,0.4279193694444509
test_068,6,0.02,0.7254909025400829,0.5692316390569345,0.45649301473833787
test_068,6,0.05,0.7805440461178166,0.6400756367074396,0.6196631833232854
test_068,6,0.1,0.6971236413859365,0.5350650787212861,0.7576840901305807
test_068,6,0.15,0.7855161232210413,0.6467900795063486,0.803030661587349
test_068,6,0.2,0.7779979583258272,0.6366584766584766,0.908310172699439
test_068,7,0.0,0.5265117396264938,0.3573233352351455,0.36260143371469855
test_068,7,0.01,0.7516243319522008,0.6020818501914456,0.5676070298037886
test_068,7,0.02,0.6883084128985768,0.5247486678020107,0.5486708875917381
test_068,7,0.05,0.6769951360115295,0.5117102396514162,0.7139232524924958
test_068,7,0.1,0.7215516723713445,0.5643964302489431,0.7614137599014574
test_068,7,0.15,0.7914970275626013,0.6549400751296881,0.8016150908717498
test_068,7,0.2,0.8095358193718849,0.6800169484685848,0.8697698004205813
test_068,8,0.0,0.6773314117576412,0.5120945774161915,0.5402842620375701
test_068,8,0.01,0.5881462799495586,0.4165773490532333,0.7105966775581102
test_068,8,0.02,0.5874256890650333,0.4158547161148804,0.3158350672514205
test_068,8,0.05,0.7426409655917853,0.5906355665081093,0.6506329222421726
test_068,8,0.1,0.7351948597850237,0.5812712459881877,0.7557196865420805
test_068,8,0.15,0.7945235092776076,0.6590949847570088,0.8807812270422462
test_068,8,0.2,0.6392121539662523,0.4697368188798475,0.9291217376029919
test_068,9,0.0,0.4658139674533117,0.303622870741483,0.2954049612328368
test_068,9,0.01,0.6546808382873956,0.48663607634487316,0.3554813643063857
test_068,9,0.02,0.7061310274425029,0.545751573319472,0.4936706740955525
test_068,9,0.05,0.7746111811685582,0.6321350164654226,0.6300786058235497
test_068,9,0.1,0.8045637422686603,0.6730293958086359,0.7236657671137594
test_068,9,0.15,0.7155227286374828,0.5570536315356421,0.8265233514372045
test_068,9,0.2,0.7800876718909506,0.6394620776561393,0.928626737360411
test_069,0,0.0,0.022728817270880684,0.011495043001390098,0.5510055039135316
test_069,0,0.01,0.020478588850042664,0.010345222201029944,0.6539760724997513
test_069,0,0.02,0.023227190008381724,0.011750055388752645,0.8256357892396642
test_069,0,0.05,0.04788908941259977,0.024531951106297384,0.8397680104822272
test_069,0,0.1,0.05645203917511761,0.02904586885067564,0.983399869490202
test_069,0,0.15,0.08350008683767396,0.04356905328521221,0.993044319377806
test_069,0,0.2,0.045669065400095146,0.023368133099445933,0.9903258157158703
test_069,1,0.0,0.0767040949626598,0.03988158803944972,0.5626490466829699
test_069,1,0.01,0.056044279662616756,0.028830018645121195,0.9669915097915617
test_069,1,0.02,0.042271069462588066,0.021591890891137992,0.1881297574634914
test_069,1,0.05,0.0710709728084814,0.03684478371501272,0.731049591176009
test_069,1,0.1,0.07143342570848216,0.03703964730111745,0.9356229787794066
test_069,1,0.15,0.06478845587513497,0.03347874606878361,0.9735037706773703
test_069,1,0.2,0.03363260867923674,0.0171039292187644,0.999666664597751
test_069,2,0.0,0.02892072097922692,0.01467253057096448,0.2772277927857236
test_069,2,0.01,0.03035543037506324,0.015411628495411014,0.660070592307074
test_069,2,0.02,0.03999063663341665,0.02040328856629913,0.76236979130287
test_069,2,0.05,0.046650708670930525,0.02388242025018942,0.9206095034725205
test_069,2,0.1,0.039839614591749666,0.020324670822001185,0.975606188328964
test_069,2,0.15,0.07140322130014876,0.037023405871436064,0.9788672918799455
test_069,2,0.2,0.08546337337934472,0.044639194774871424,0.9658142833727403
test_069,3,0.0,0.03571671285424108,0.018183076284347947,0.2340911016065839
test_069,3,0.01,0.05041115750843836,0.025857327663002642,0.12000906453258511
test_069,3,0.02,0.04594090507509571,0.023510499346930575,0.8309813493140382
test_069,3,0.05,0.05917043592512327,0.030487188066576923,0.6808671646339235
test_069,3,0.1,0.0855539866043449,0.04468863890948677,0.8909588674641249
test_069,3,0.15,0.07809349774599603,0.04063334904919063,0.9291753200159991
test_069,3,0.2,0.09624634715436718,0.050556093226927286,0.9755876478095304
test_069,4,0.0,0.03352689325006985,0.017049250831342976,0.8525338340686239
test_069,4,0.01,0.04708867259176477,0.024112038232814954,0.40322795579066656
test_069,4,0.02,0.037861225845912214,0.019295896062313352,0.4474346377280501
test_069,4,0.05,0.06628357408763809,0.034277815091922965,0.5946887058725352
test_069,4,0.1,0.08735114890018199,0.04567024880178765,0.9137193829380491
test_069,4,0.15,0.07461999078765545,0.038755980861244016,0.9714197969800047
test_069,4,0.2,0.06062024752512629,0.03125754378314398,0.9848301933123315
test_069,5,0.0,0.033134235941735694,0.016846211138155823,0.548189372828954
test_069,5,0.01,0.011976047904191617,0.006024096385542169,0.8981905391300351
test_069,5,0.02,0.037196728862577494,0.01895081866305552,0.8992045703517596
test_069,5,0.05,0.04381149428759128,0.022396356056512006,0.8849809018596991
test_069,5,0.1,0.061330051120961106,0.03163511723923035,0.9798168175444743
test_069,5,0.15,0.0629610891709645,0.03250378132260529,0.9823502057076913
test_069,5,0.2,0.0726718064501514,0.037705984218650825,0.9705256031781603
test_069,6,0.0,0.02793907770839154,0.014167451620067238,0.4524572837556241
test_069,6,0.01,0.057705522120953555,0.029709975896120053,0.3213090848039177
test_069,6,0.02,0.06477335367096827,0.03347068096330633,0.35772717939464715
test_069,6,0.05,0.06987789867931224,0.03620387468310851,0.9414788859642286
test_069,6,0.1,0.07141832350431546,0.037031526522685626,0.9145972572201839
test_069,6,0.15,0.08575031525851198,0.04479578392621871,0.9602088663306814
test_069,6,0.2,0.07768573823349517,0.04041261087149513,0.9754090987447778
test_069,7,0.0,0.031050131766731354,0.015769894534995207,0.6593658594381906
test_069,7,0.01,0.05137769857510704,0.02636616574568508,0.9362874439576455
test_069,7,0.02,0.05963860425429091,0.030735822916828817,0.8058433502009875
test_069,7,0.05,0.06675174241680573,0.03452828272570326,0.9570863338494241
test_069,7,0.1,0.07014973835431282,0.03634983488019032,0.9895066530786083
test_069,7,0.15,0.0791506520376649,0.04120606965956443,0.9760770402704103
test_069,7,0.2,0.08991852360852066,0.047075752903689996,0.9817008047014921
test_069,8,0.0,0.07061790668348046,0.036601307189542485,0.7929786921268814
test_069,8,0.01,0.060197385808458743,0.0310327377476741,0.8783415611636068
test_069,8,0.02,0.029011334204227107,0.014719178607003294,0.6557672604943963
test_069,8,0.05,0.05018462444593789,0.025738141710815753,0.8700178335900228
test_069,8,0.1,0.07702124125016047,0.0400530899780886,0.9872374673173185
test_069,8,0.15,0.07313997477931904,0.03795811518324607,0.9777305262821795
test_069,8,0.2,0.054881409941781006,0.02821494289463264,0.9795769495743034
test_069,9,0.0,0.01896836843337285,0.009574995235372594,0.5496393959529816
test_069,9,0.01,0.02309127017088144,0.011680493804525523,0.6505192795600616
test_069,9,0.02,0.041455550437586364,0.02116650987770461,0.6600447611146342
test_069,9,0.05,0.07904493660849801,0.041148769231978743,0.7152071035809118
test_069,9,0.1,0.09349774599602811,0.0490415082382763,0.8977838064849629
test_069,9,0.15,0.08732094449184859,0.045653735915798785,0.9802393868832292
test_069,9,0.2,0.08529724913351104,0.0445485593494396,0.9948002610724863
test_071,0,0.0,0.37180046411808837,0.22835067565395373,0.6775410304875613
test_071,0,0.01,0.37180046411808837,0.22835067565395373,0.6785970133535203
test_071,0,0.02,0.37176556802121685,0.2283243498108638,0.6842070509388333
test_071,0,0.05,0.37181791216652416,0.2283638389986712,0.7489998102218078
test_071,0,0.1,0.3717132238759095,0.22828486316195537,0.7968797348573895
test_071,0,0.15,0.3717830160696526,0.2283375125913543,0.798540698720549
test_071,0,0.2,0.3716957758274737,0.22827170150981002,0.8729489518937225
test_071,1,0.0,0.37164343168216635,0.2282322182457193,0.5254949015816209
test_071,1,0.01,0.37181791216652416,0.2283638389986712,0.7761457014799628
test_071,1,0.02,0.37174811997278107,0.2283111873124732,0.7026987742820299
test_071,1,0.05,0.3717830160696526,0.2283375125913543,0.7666603167196769
test_071,1,0.1,0.3716783277790379,0.22825854013972827,0.8111036082911808
test_071,1,0.15,0.3716957758274737,0.22827170150981002,0.8426612749671128
test_071,1,0.2,0.37181791216652416,0.2283638389986712,0.9765606784396305
test_071,2,0.0,0.37180046411808837,0.22835067565395373,0.6871457652404921
test_071,2,0.01,0.3717306719243453,0.22829802509617342,0.6983490255845681
test_071,2,0.02,0.37174811997278107,0.2283111873124732,0.6847636452148776
test_071,2,0.05,0.37181791216652416,0.2283638389986712,0.7330879280989376
test_071,2,0.1,0.3716957758274737,0.22827170150981002,0.7852702141935219
test_071,2,0.15,0.3716957758274737,0.22827170150981002,0.8378531752634145
test_071,2,0.2,0.3716783277790379,0.22825854013972827,0.8653919808077006
test_071,3,0.0,0.3717132238759095,0.22828486316195537,0.7005080257963462
test_071,3,0.01,0.3716957758274737,0.22827170150981002,0.68493432158367
test_071,3,0.02,0.37176556802121685,0.2283243498108638,0.698578671432485
test_071,3,0.05,0.3716783277790379,0.22825854013972827,0.7211802676258569
test_071,3,0.1,0.3717306719243453,0.22829802509617342,0.79716870294303
test_071,3,0.15,0.371591087536859,0.22819273751995628,0.8365993536165439
test_071,3,0.2,0.37162598363373056,0.22821905772177398,0.8566208734171902
test_071,4,0.0,0.37181791216652416,0.2283638389986712,0.6752690887310191
test_071,4,0.01,0.3717830160696526,0.2283375125913543,0.7266597257364582
test_071,4,0.02,0.37180046411808837,0.22835067565395373,0.6924891761180981
test_071,4,0.05,0.3717830160696526,0.2283375125913543,0.7646752852902814
test_071,4,0.1,0.3717830160696526,0.2283375125913543,0.8009334602972318
test_071,4,0.15,0.37064889292132674,0.22748251823136972,0.8470510029724556
test_071,4,0.2,0.3716783277790379,0.22825854013972827,0.8621087389410665
test_071,5,0.0,0.37181791216652416,0.2283638389986712,0.7092345680171892
test_071,5,0.01,0.3716783277790379,0.22825854013972827,0.5919858407599443
test_071,5,0.02,0.37181791216652416,0.2283638389986712,0.6975674301154929
test_071,5,0.05,0.3717132238759095,0.22828486316195537,0.7090624218209012
test_071,5,0.1,0.3716957758274737,0.22827170150981002,0.7784232285809882
test_071,5,0.15,0.3716783277790379,0.22825854013972827,0.831354421181145
test_071,5,0.2,0.37166087973060213,0.22824537905170106,0.8684438718265227
test_071,6,0.0,0.37176556802121685,0.2283243498108638,0.6508343824781999
test_071,6,0.01,0.37176556802121685,0.2283243498108638,0.6810936035444942
test_071,6,0.02,0.3717830160696526,0.2283375125913543,0.6933842422698359
test_071,6,0.05,0.3717830160696526,0.2283375125913543,0.7319111842059378
test_071,6,0.1,0.37174811997278107,0.2283111873124732,0.8067892530398137
test_071,6,0.15,0.37174811997278107,0.2283111873124732,0.8239206216392567
test_071,6,0.2,0.371189782422836,0.2278901362584626,0.88333140177114
test_071,7,0.0,0.37176556802121685,0.2283243498108638,0.6518868377581694
test_071,7,0.01,0.37181791216652416,0.2283638389986712,0.7263879252359667
test_071,7,0.02,0.3717830160696526,0.2283375125913543,0.7329938591392174
test_071,7,0.05,0.37181791216652416,0.2283638389986712,0.7766961224805254
test_071,7,0.1,0.37181791216652416,0.2283638389986712,0.7711562838564037
test_071,7,0.15,0.3717830160696526,0.2283375125913543,0.8284988403226389
test_071,7,0.2,0.3717306719243453,0.22829802509617342,0.8610238886630934
test_071,8,0.0,0.3717830160696526,0.2283375125913543,0.7180039704078047
test_071,8,0.01,0.37181791216652416,0.2283638389986712,0.7722184399978443
test_071,8,0.02,0.37180046411808837,0.22835067565395373,0.673631877280189
test_071,8,0.05,0.37176556802121685,0.2283243498108638,0.7566664892321034
test_071,8,0.1,0.3717830160696526,0.2283375125913543,0.779307476802358
test_071,8,0.15,0.3716783277790379,0.22825854013972827,0.8428022020273936
test_071,8,0.2,0.3709978538900424,0.2277454666195388,0.8696818781295403
test_071,9,0.0,0.37181791216652416,0.2283638389986712,0.5829707420051596
test_071,9,0.01,0.37176556802121685,0.2283243498108638,0.6051659602925402
test_071,9,0.02,0.3717830160696526,0.2283375125913543,0.7068814329897886
test_071,9,0.05,0.3717132238759095,0.22828486316195537,0.7373041576666964
test_071,9,0.1,0.37176556802121685,0.2283243498108638,0.7892546813617702
test_071,9,0.15,0.3717830160696526,0.2283375125913543,0.8129594712802606
test_071,9,0.2,0.3717830160696526,0.2283375125913543,0.8618096584422562
test_073,0,0.0,0.4168922774898989,0.2633379090772762,0.6649877044948195
test_073,0,0.01,0.417129682470838,0.26352738935806913,0.6773003002827793
test_073,0,0.02,0.41698358709795236,0.263410779382585,0.677086902304995
test_073,0,0.05,0.41721186111808617,0.26359299192929625,0.7843683155948464
test_073,0,0.1,0.416974456137147,0.26340349197376695,0.8290173417963447
test_073,0,0.15,0.41724838496130756,0.2636221508143003,0.8274603587667941
test_073,0,0.2,0.41684662268587214,0.2633014770767607,0.8878816504645818
test_073,1,0.0,0.4167553130778186,0.26322861937909836,0.5753392194015357
test_073,1,0.01,0.41724838496130756,0.2636221508143003,0.7995596613883285
test_073,1,0.02,0.416974456137147,0.26340349197376695,0.7524682466972006
test_073,1,0.05,0.4172209920788915,0.2636002815243853,0.7860688895074591
test_073,1,0.1,0.41587874084050497,0.26252961282847903,0.8465691239474692
test_073,1,0.15,0.4159609194877531,0.26259511182845285,0.865226426924325
test_073,1,0.2,0.41724838496130756,0.2636221508143003,0.9843761210990085
test_073,2,0.0,0.41708402766681124,0.26349094642846843,0.6917746589648036
test_073,2,0.01,0.4168740155682882,0.26332333602491637,0.7332895132044944
test_073,2,0.02,0.4172027301572808,0.2635857024183127,0.7287091682434037
test_073,2,0.05,0.41724838496130756,0.2636221508143003,0.7579248614708702
test_073,2,0.1,0.4171753372748647,0.26356383438998077,0.8284630766885966
test_073,2,0.15,0.41634441984157783,0.2629008637092217,0.8635822253306991
test_073,2,0.2,0.41681009884265074,0.2632723329892091,0.8816501715655854
test_073,3,0.0,0.4169105394115096,0.2633524824658546,0.7126835766158437
test_073,3,0.01,0.4170018490195631,0.2634253544524301,0.7072230388876592
test_073,3,0.02,0.4170931586276166,0.26349823484621243,0.715138486316459
test_073,3,0.05,0.4172027301572808,0.2635857024183127,0.7643464155769739
test_073,3,0.1,0.41698358709795236,0.263410779382585,0.8270423222850051
test_073,3,0.15,0.41342251238386557,0.2605750526594459,0.8569739278418704
test_073,3,0.2,0.4166366105873491,0.26313391693482346,0.8733792399708216
test_073,4,0.0,0.41724838496130756,0.2636221508143003,0.6783783604269071
test_073,4,0.01,0.41706576574520055,0.2634763698452345,0.7315904439867641
test_073,4,0.02,0.41696532517634166,0.26339620464901653,0.6950127623517017
test_073,4,0.05,0.41708402766681124,0.26349094642846843,0.7987926431720314
test_073,4,0.1,0.41701097998036846,0.26343264211346,0.8354684524090666
test_073,4,0.15,0.41497477572077524,0.26180957209023664,0.865123892715911
test_073,4,0.2,0.4167553130778186,0.26322861937909836,0.8769570282274186
test_073,5,0.0,0.4169561942155363,0.2633889174083324,0.7007193176931565
test_073,5,0.01,0.4169927180587577,0.26341806687547226,0.5899331475876068
test_073,5,0.02,0.4171662063140594,0.26355654521540484,0.704936010144636
test_073,5,0.05,0.4172027301572808,0.2635857024183127,0.7563827641728348
test_073,5,0.1,0.4170201109411738,0.26343992985856346,0.8164141249396722
test_073,5,0.15,0.41595178852694775,0.26258783382618267,0.8535868596616161
test_073,5,0.2,0.4154039308786267,0.2621513071838931,0.8798998889827511
test_073,6,0.0,0.4169014084507042,0.26334519572953735,0.679812764562646
test_073,6,0.01,0.416974456137147,0.26340349197376695,0.7169398210470888
test_073,6,0.02,0.4172027301572808,0.2635857024183127,0.719884723888333
test_073,6,0.05,0.41713881343164333,0.26353467819626075,0.759879191427577
test_073,6,0.1,0.4160157052525852,0.2626387816041597,0.8360855385281544
test_073,6,0.15,0.417157075353254,0.2635492561249272,0.8495677121525529
test_073,6,0.2,0.4149656447599699,0.2618023031413281,0.8913507245159263
test_073,7,0.0,0.41670965827379186,0.263192193681588,0.6435804641421945
test_073,7,0.01,0.41724838496130756,0.2636221508143003,0.7392038239179247
test_073,7,0.02,0.4172209920788915,0.2636002815243853,0.7445159879828852
test_073,7,0.05,0.41724838496130756,0.2636221508143003,0.7977081880746535
test_073,7,0.1,0.41724838496130756,0.2636221508143003,0.7956202089689289
test_073,7,0.15,0.41721186111808617,0.26359299192929625,0.8511176016205151
test_073,7,0.2,0.4171753372748647,0.26356383438998077,0.8775543383566236
test_073,8,0.0,0.4171753372748647,0.26356383438998077,0.7381092658691936
test_073,8,0.01,0.4171753372748647,0.26356383438998077,0.7931910402986231
test_073,8,0.02,0.41721186111808617,0.26359299192929625,0.7016779695505463
test_073,8,0.05,0.41721186111808617,0.26359299192929625,0.7983980906782282
test_073,8,0.1,0.41724838496130756,0.2636221508143003,0.8043786617055865
test_073,8,0.15,0.4161618006254708,0.2627552491092945,0.8647648080300497
test_073,8,0.2,0.4132581550893693,0.26044448025043737,0.8815318380609063
test_073,9,0.0,0.417129682470838,0.26352738935806913,0.5988771614467244
test_073,9,0.01,0.4169927180587577,0.26341806687547226,0.6608617773882098
test_073,9,0.02,0.4172027301572808,0.2635857024183127,0.7524325639328467
test_073,9,0.05,0.4170018490195631,0.2634253544524301,0.8007515946915912
test_073,9,0.1,0.41721186111808617,0.26359299192929625,0.8247348726828637
test_073,9,0.15,0.41724838496130756,0.2636221508143003,0.8364842826719872
test_073,9,0.2,0.4172209920788915,0.2636002815243853,0.8825155860793701
test_074,0,0.0,0.032862215414606974,0.0167055992071919,0.19637259296346102
test_074,0,0.01,0.032862215414606974,0.0167055992071919,0.12141859065636086
test_074,0,0.02,0.031933904244702827,0.01622603240489611,0.21149909164066513
test_074,0,0.05,0.031701826452226786,0.016106211385181344,0.5089605386484517
test_074,0,0.1,0.032862215414606974,0.0167055992071919,0.8927684135496339
test_074,0,0.15,0.03355844879203509,0.017065571448803284,0.9420916542270503
test_074,0,0.2,0.03263013762213094,0.016585665078091824,0.9848892676362127
test_074,1,0.0,0.03453317552043445,0.01756996103436061,0.11362056556583289
test_074,1,0.01,0.03406901993548237,0.017329713138944634,0.8702291822745544
test_074,1,0.02,0.03290863097310218,0.01672958942897593,0.164191642075772
test_074,1,0.05,0.036946784562185246,0.018821081502849172,0.3315916330644679
test_074,1,0.1,0.035182993339367356,0.01790649878339751,0.7025544548574499
test_074,1,0.15,0.035182993339367356,0.01790649878339751,0.9279571779880071
test_074,1,0.2,0.03509016222237694,0.017858408333923888,0.9995638907668692
test_074,2,0.0,0.036946784562185246,0.018821081502849172,0.12964256023030502
test_074,2,0.01,0.03611130450927151,0.018387653328921557,0.1962696142459448
test_074,2,0.02,0.03708603123767087,0.018893355403168596,0.2035652029611329
test_074,2,0.05,0.03611130450927151,0.018387653328921557,0.5096377013195378
test_074,2,0.1,0.03235164427115969,0.016441781468201546,0.883223450826011
test_074,2,0.15,0.034904499988396114,0.017762241065734465,0.9473985621936789
test_074,2,0.2,0.03583281115830026,0.018243259210246474,0.9476999209994997
test_074,3,0.0,0.036807537886699625,0.018748817855116322,0.14670903588720785
test_074,3,0.01,0.031933904244702827,0.01622603240489611,0.1375578647553401
test_074,3,0.02,0.036807537886699625,0.018748817855116322,0.22181088456418424
test_074,3,0.05,0.03587922671679547,0.018267322053124115,0.2508170898350824
test_074,3,0.1,0.03550790224883381,0.018074851148284662,0.7171776225173034
test_074,3,0.15,0.036807537886699625,0.018748817855116322,0.8221150096091925
test_074,3,0.2,0.03560073336582423,0.018122962052833043,0.9499796857259379
test_074,4,0.0,0.03643621341873796,0.018556164901664146,0.16214342696794806
test_074,4,0.01,0.03611130450927151,0.018387653328921557,0.163710229787686
test_074,4,0.02,0.03379052658451113,0.017185618847524845,0.13855251689880546
test_074,4,0.05,0.03564714892431943,0.01814701921032112,0.3007756618919889
test_074,4,0.1,0.03211956647868366,0.016321909569073284,0.8419777430915886
test_074,4,0.15,0.03263013762213094,0.016585665078091824,0.9373306405491955
test_074,4,0.2,0.032862215414606974,0.0167055992071919,0.9780373942480189
test_074,5,0.0,0.035182993339367356,0.01790649878339751,0.12680220739782477
test_074,5,0.01,0.035229408897862566,0.01793054571226081,0.13216242789518798
test_074,5,0.02,0.03611130450927151,0.018387653328921557,0.2100383310095713
test_074,5,0.05,0.03587922671679547,0.018267322053124115,0.33121523277119547
test_074,5,0.1,0.03587922671679547,0.018267322053124115,0.8853666877595278
test_074,5,0.15,0.03467242219592007,0.01764205753152898,0.9406961211316532
test_074,5,0.2,0.034950915546891316,0.017786281179138323,0.9486072506606379
test_074,6,0.0,0.03611130450927151,0.018387653328921557,0.13624324254119277
test_074,6,0.01,0.036807537886699625,0.018748817855116322,0.15082001081312227
test_074,6,0.02,0.036807537886699625,0.018748817855116322,0.16506088167554114
test_074,6,0.05,0.03513657778087215,0.017882452990645375,0.3983810510498865
test_074,6,0.1,0.03211956647868366,0.016321909569073284,0.7983964775016906
test_074,6,0.15,0.03536865557334819,0.018002693316322916,0.890113170282298
test_074,6,0.2,0.033326370999559055,0.016945552382525784,0.9679164447316225
test_074,7,0.0,0.035182993339367356,0.01790649878339751,0.12255119388685569
test_074,7,0.01,0.034811668871405695,0.017714164245730888,0.31088424908241785
test_074,7,0.02,0.03337278655805426,0.016969553929667217,0.28824476368140045
test_074,7,0.05,0.03355844879203509,0.017065571448803284,0.7783741181962761
test_074,7,0.1,0.03355844879203509,0.017065571448803284,0.8662484048715757
test_074,7,0.15,0.03536865557334819,0.018002693316322916,0.9109615823776874
test_074,7,0.2,0.03629696674325234,0.018483938828089914,0.9547040461917138
test_074,8,0.0,0.03355844879203509,0.017065571448803284,0.22463436119509705
test_074,8,0.01,0.03337278655805426,0.016969553929667217,0.6808958766453683
test_074,8,0.02,0.03198031980319803,0.01625,0.11342173815652287
test_074,8,0.05,0.033326370999559055,0.016945552382525784,0.4808503444617369
test_074,8,0.1,0.03355844879203509,0.017065571448803284,0.8549643122996794
test_074,8,0.15,0.03587922671679547,0.018267322053124115,0.9502839724510668
test_074,8,0.2,0.03263013762213094,0.016585665078091824,0.966468859737415
test_074,9,0.0,0.03081993084081784,0.015651149086623455,0.15393504585328305
test_074,9,0.01,0.032862215414606974,0.0167055992071919,0.14611655243796245
test_074,9,0.02,0.032862215414606974,0.0167055992071919,0.2060397556526505
test_074,9,0.05,0.031701826452226786,0.016106211385181344,0.4658490956660452
test_074,9,0.1,0.03263013762213094,0.016585665078091824,0.7411660111877003
test_074,9,0.15,0.03453317552043445,0.01756996103436061,0.9204573669010802
test_074,9,0.2,0.03379052658451113,0.017185618847524845,0.9786298099213544
test_075,0,0.0,0.4738768530687808,0.3105102324289286,0.3475250098489291
test_075,0,0.01,0.5029606704257995,0.33597024506287054,0.38834291834993484
test_075,0,0.02,0.4338830711832789,0.27704385489983757,0.4297641560448799
test_075,0,0.05,0.5487486044572575,0.37812098313403186,0.4931518882188287
test_075,0,0.1,0.5615805316487896,0.39041499646309835,0.6914980053788131
test_075,0,0.15,0.6664970817258095,0.49980924120389997,0.6968640849303516
test_075,0,0.2,0.5027628213281328,0.3357937062277009,0.9220023786690299
test_075,1,0.0,0.6789050465651983,0.5138957232408378,0.3686105958603469
test_075,1,0.01,0.5029606704257995,0.33597024506287054,0.545111379135064
test_075,1,0.02,0.5956953689179068,0.4241924121968401,0.4741948902286705
test_075,1,0.05,0.7038905611848335,0.5430795734566152,0.483903341537507
test_075,1,0.1,0.6765308573931968,0.5111799252536039,0.6517013308973044
test_075,1,0.15,0.6828902926753437,0.5184763948497854,0.7554031642391386
test_075,1,0.2,0.5202583343932392,0.35158727126867095,0.9976153968860532
test_075,2,0.0,0.46856319158858695,0.3059631249653951,0.34186278412100185
test_075,2,0.01,0.5943669535478583,0.4228464570095713,0.4196810230076453
test_075,2,0.02,0.6025352948658159,0.43116315757538987,0.44947965142934715
test_075,2,0.05,0.5604499653764079,0.38932301892719706,0.4616980326506112
test_075,2,0.1,0.5006995378810362,0.3339554349055537,0.6778353746569811
test_075,2,0.15,0.5807436299656591,0.409188672481778,0.8138737933852537
test_075,2,0.2,0.6514888144599427,0.4831171008782042,0.8206753147119011
test_075,3,0.0,0.6495385876400842,0.480975303474257,0.4182913324731148
test_075,3,0.01,0.5955823122906686,0.42407776369015276,0.4445037486787735
test_075,3,0.02,0.6346999053150747,0.46487941206914396,0.43107256540927985
test_075,3,0.05,0.6209069967920182,0.4502285163855471,0.48592297473271867
test_075,3,0.1,0.6489167761902743,0.48029371156018574,0.5866108805386399
test_075,3,0.15,0.6571699099786605,0.4893917070090507,0.7228498109427932
test_075,3,0.2,0.6845296137702972,0.5203686992393967,0.8169630759056489
test_075,4,0.0,0.6254575260383545,0.4550296101332456,0.37793194219839427
test_075,4,0.01,0.5817046112971834,0.41014348345954565,0.4110346909624117
test_075,4,0.02,0.5166122581648083,0.3482651525255797,0.41674772421775497
test_075,4,0.05,0.6509235313237518,0.4824956527204542,0.4982325322230857
test_075,4,0.1,0.6690125916818587,0.502643817289928,0.6276695063511862
test_075,4,0.15,0.6315625839092155,0.46152098479841375,0.7823878602983892
test_075,4,0.2,0.648747191249417,0.48010793172690763,0.8644303006257564
test_075,5,0.0,0.5360014697361541,0.366121590053478,0.41666859061031347
test_075,5,0.01,0.5087265584149461,0.3411356658200978,0.3663382026919332
test_075,5,0.02,0.5552493605234522,0.3843219344236638,0.41115055061027006
test_075,5,0.05,0.6741849323780048,0.5085060117677155,0.4710230216899286
test_075,5,0.1,0.6551348906883735,0.4871379933588332,0.6286591793544553
test_075,5,0.15,0.6184762793063976,0.4476769164671945,0.746059418006714
test_075,5,0.2,0.6744675739461002,0.5088276685572946,0.8301090954712395
test_075,6,0.0,0.5843049137236613,0.41273358888356493,0.40927358082002346
test_075,6,0.01,0.659487570837043,0.49196677068398414,0.43542790409572596
test_075,6,0.02,0.669238704936335,0.5028991355691014,0.41909911507192105
test_075,6,0.05,0.6715563657947174,0.505521159124274,0.47565545033194034
test_075,6,0.1,0.6220092989075904,0.4513886040119785,0.6530200431257444
test_075,6,0.15,0.6573677590763274,0.48961118245163465,0.6809148164470795
test_075,6,0.2,0.630177640225548,0.4600433302383163,0.8874006311480421
test_075,7,0.0,0.5415695086276339,0.37133720930232555,0.3611671979487083
test_075,7,0.01,0.5121465213889007,0.3442183849091013,0.4338273446525991
test_075,7,0.02,0.6169217506818728,0.4460497813381289,0.4264080864329591
test_075,7,0.05,0.6276338661126892,0.4573370404695706,0.5170053835087407
test_075,7,0.1,0.6181088452678736,0.4472919905096948,0.5502253511375084
test_075,7,0.15,0.5934342363731434,0.42190294383602933,0.7031779736048911
test_075,7,0.2,0.5774084594621332,0.4058849241039498,0.8346527400658778
test_075,8,0.0,0.6747219513573861,0.5091172769732774,0.4191555769416071
test_075,8,0.01,0.6183632226791594,0.44755845590491583,0.4798228093222483
test_075,8,0.02,0.43874450615452015,0.28102031210398637,0.3715612382577768
test_075,8,0.05,0.5495965291615438,0.37892665055733105,0.5173044655936159
test_075,8,0.1,0.6968527861392575,0.5347460200407756,0.5561641503185824
test_075,8,0.15,0.6678820254094769,0.5013685260232119,0.816015212413972
test_075,8,0.2,0.5929537457073811,0.4214173797758226,0.9213624593563629
test_075,9,0.0,0.40197283814530604,0.2515431825819346,0.25410051445383225
test_075,9,0.01,0.5101962945690423,0.34245873648264086,0.38896003000315715
test_075,9,0.02,0.5365384887155354,0.3666228900305149,0.46542103645464666
test_075,9,0.05,0.6206808835375419,0.449990778877482,0.522276480983879
test_075,9,0.1,0.6287644323850708,0.45853859631041943,0.5786138464026267
test_075,9,0.15,0.6853492743177739,0.5213166211596758,0.6523239609711076
test_075,9,0.2,0.6599963256596147,0.49253322083948536,0.8837473823548946
test_079,0,0.0,0.034836749064225625,0.017727152717534795,0.36708593038918613
test_079,0,0.01,0.061075491976429606,0.0314996750640315,0.6707026627833159
test_079,0,0.02,0.04573249823963236,0.02340135022377304,0.8802494341995633
test_079,0,0.05,0.043064151502798055,0.0220059086432846,0.983182118689156
test_079,0,0.1,0.053218693251306376,0.027336759946697126,0.9954444954881753
test_079,0,0.15,0.06915465292962235,0.03581573896353167,0.9982743906717872
test_079,0,0.2,0.02490456954378683,0.012609299358276729,0.9961102372561371
test_079,1,0.0,0.059000111181114034,0.03039676175201436,0.94266113101436
test_079,1,0.01,0.0,0.0,0.9765709540071728
test_079,1,0.02,0.056850609643108625,0.02925694232529753,0.9159346651755241
test_079,1,0.05,0.06856168698810362,0.035497735820093634,0.9718879828995222
test_079,1,0.1,0.058703628210354665,0.030239395212095756,0.986660599140354
test_079,1,0.15,0.05796242078345625,0.029846189076752797,0.9908744906617155
test_079,1,0.2,0.002668346736834303,0.001335955765020225,0.9996882949628947
test_079,2,0.0,0.07345365600563318,0.03812711603570329,0.23012965965977852
test_079,2,0.01,0.06411444242671312,0.03311892181637185,0.6967021798798763
test_079,2,0.02,0.05951895637994293,0.030672268907563024,0.8837839051215823
test_079,2,0.05,0.05907423192380388,0.03043611089895364,0.9809889846985467
test_079,2,0.1,0.041062891450172334,0.02096182224072042,0.9928904953781745
test_079,2,0.15,0.04662194715191046,0.02386734461561812,0.993377600882088
test_079,2,0.2,0.06122373346180929,0.03157854494016898,0.9907941565079288
test_079,3,0.0,0.06455916688285217,0.0333563112745098,0.3520240010685371
test_079,3,0.01,0.05106919171330097,0.02620369666083517,0.8526535511119526
test_079,3,0.02,0.07145239595300745,0.037049848187862715,0.8903295737041579
test_079,3,0.05,0.05774005855538673,0.029728285757899556,0.9471528882884299
test_079,3,0.1,0.05759181707000704,0.029649698542318553,0.9805902119871086
test_079,3,0.15,0.06129785420449913,0.0316179844012846,0.9846123680245404
test_079,3,0.2,0.06752399659044583,0.034941699907947224,0.9947737690613205
test_079,4,0.0,0.06952525664307156,0.03601459013246305,0.8852122417390195
test_079,4,0.01,0.05774005855538673,0.029728285757899556,0.8132316227619077
test_079,4,0.02,0.03342845495311863,0.016998341625207296,0.8897613805515087
test_079,4,0.05,0.053218693251306376,0.027336759946697126,0.9380630729913397
test_079,4,0.1,0.06715339287699663,0.034743260344364764,0.9849305747375919
test_079,4,0.15,0.048771448689915876,0.02499525166191833,0.9934947983272229
test_079,4,0.2,0.059444835637253085,0.030632901722623278,0.9939664861652582
test_079,5,0.0,0.06240966534484676,0.032209938410925364,0.718941293492036
test_079,5,0.01,0.061075491976429606,0.0314996750640315,0.9186146728254473
test_079,5,0.02,0.06240966534484676,0.032209938410925364,0.9385393397602185
test_079,5,0.05,0.07241596560797539,0.03756825347996616,0.9703928750373791
test_079,5,0.1,0.05648000592965941,0.029060676556958164,0.9888478210936716
test_079,5,0.15,0.04995738057295334,0.02561860960127713,0.9926199327303558
test_079,5,0.2,0.061149612719119444,0.03153910849453322,0.9904177568003592
test_079,6,0.0,0.06759811733313568,0.03498139695447049,0.4198669474364298
test_079,6,0.01,0.06359559722788423,0.032842105263157895,0.8703957489076996
test_079,6,0.02,0.0525516065670978,0.026984851944888484,0.8936964789417631
test_079,6,0.05,0.0718971204091465,0.037289047783800405,0.9882169719379607
test_079,6,0.1,0.04476892858466442,0.02289700140263088,0.9800734303744368
test_079,6,0.15,0.07152651669569729,0.03708970712583596,0.9946302572541228
test_079,6,0.2,0.06885816995886299,0.03565671298073232,0.989247057494309
test_079,7,0.0,0.07286069006411444,0.037807692307692306,0.7939634238111114
test_079,7,0.01,0.002668346736834303,0.001335955765020225,0.9714951801865257
test_079,7,0.02,0.059889560093392136,0.030869149952244507,0.9540680012405849
test_079,7,0.05,0.007337953526294333,0.0036824877250409165,0.9885883869866372
test_079,7,0.1,0.029425934847867177,0.014932671330775596,0.9972769952039928
test_079,7,0.15,0.053366934736686064,0.027414994478924724,0.9967734287335025
test_079,7,0.2,0.052329244339028275,0.02686760284659588,0.9965761289791806
test_079,8,0.0,0.05366341770744543,0.027571499295479644,0.9787908660490443
test_079,8,0.01,0.048993810917985395,0.025112073550642048,0.9543429109746475
test_079,8,0.02,0.05032798428640255,0.025813564476885646,0.9827715219031347
test_079,8,0.05,0.04150761590631138,0.021193657041214092,0.9569269349603059
test_079,8,0.1,0.062335544602156914,0.032170453676076814,0.9971249051466072
test_079,8,0.15,0.06218730311677723,0.032091493268053856,0.9903402047817684
test_079,8,0.2,0.06996998109921061,0.03625331233918353,0.9874271933091736
test_079,9,0.0,0.06530037430975058,0.03375220289632978,0.4874111330570685
test_079,9,0.01,0.06626394396471853,0.03426731572693472,0.7995390545886539
test_079,9,0.02,0.04921617314605492,0.025228922071507277,0.8438658293282367
test_079,9,0.05,0.03661564688878183,0.018649250632337952,0.9497210309190108
test_079,9,0.1,0.050179742801022865,0.02573557363339162,0.9842313314249774
test_079,9,0.15,0.0047437275321498724,0.0023775028790073926,0.9947893026494986
test_079,9,0.2,0.04150761590631138,0.021193657041214092,0.9957989858810757
test_082,0,0.0,0.12718265496467998,0.06790980193654785,0.2793241638099651
test_082,0,0.01,0.12455276597045963,0.06641230086908315,0.29674384626339456
test_082,0,0.02,0.1251337879575548,0.06674278258032948,0.315322054086694
test_082,0,0.05,0.1551940307635852,0.08412485288510949,0.38038265835894625
test_082,0,0.1,0.15488822971774563,0.08394517460264846,0.7001274565830095
test_082,0,0.15,0.2580043423748509,0.14810848766786625,0.7292486770542346
test_082,0,0.2,0.15653955536527936,0.08491614551366057,0.9594185497414649
test_082,1,0.0,0.19173725574141465,0.10603395792464317,0.29422026874388246
test_082,1,0.01,0.17439833644231062,0.09552923834570093,0.50129125589096
test_082,1,0.02,0.1145224916669215,0.060739251017727106,0.31094772351824046
test_082,1,0.05,0.23020702730803339,0.1300756816532467,0.36598939067675934
test_082,1,0.1,0.14816060670927494,0.08000726588173127,0.6334407608901449
test_082,1,0.15,0.17149322650683466,0.09378867444894136,0.8092168284862793
test_082,1,0.2,0.169077398244702,0.0923454645666661,0.9990639193797506
test_082,2,0.0,0.11504235344484878,0.06103179753406879,0.2752365635479376
test_082,2,0.01,0.14764074493134766,0.07970416350249282,0.3371110476415657
test_082,2,0.02,0.16109599094828905,0.08760435028436492,0.3372546961517874
test_082,2,0.05,0.1732057123635363,0.09481402122602028,0.36190270795171237
test_082,2,0.1,0.10883459221430537,0.05754895461086946,0.7187475742572151
test_082,2,0.15,0.17283875110852878,0.09459414225941423,0.8561897024241067
test_082,2,0.2,0.225436530992936,0.12703773910046529,0.8784761359543526
test_082,3,0.0,0.17959695422158345,0.0986577970400981,0.30507405656440123
test_082,3,0.01,0.16241093544539922,0.0883826196934649,0.31762631328146973
test_082,3,0.02,0.1713709060884988,0.09371550887989565,0.3372277907291515
test_082,3,0.05,0.17415369560563898,0.09538245096889812,0.35396622896089447
test_082,3,0.1,0.18968838873428948,0.10478217537458404,0.47273674943714156
test_082,3,0.15,0.1899024494663772,0.10491282605757535,0.6992429509337464
test_082,3,0.2,0.23250053515183022,0.131542068201872,0.8442841203736628
test_082,4,0.0,0.15721231766612642,0.0853122251539138,0.30234554446164214
test_082,4,0.01,0.1563560747377756,0.08480817396208264,0.32953713068997914
test_082,4,0.02,0.11834500473991622,0.06289410388090749,0.32131249111450083
test_082,4,0.05,0.20149230910369714,0.11203305391665108,0.3629495097010079
test_082,4,0.1,0.18170698143787653,0.09993272788429196,0.5810634322185092
test_082,4,0.15,0.16956667991804533,0.09263745259535226,0.8539689390945623
test_082,4,0.2,0.17626372282193206,0.0966497870485261,0.9220338832777599
test_082,5,0.0,0.15681477630653498,0.08507814314629857,0.3150898362714662
test_082,5,0.01,0.12595945078132167,0.06721276699900462,0.2704541719005694
test_082,5,0.02,0.15947524540533928,0.08664661804044063,0.3184539316379378
test_082,5,0.05,0.1604843888566099,0.08724274362469661,0.3529422307042041
test_082,5,0.1,0.16023974801993823,0.08709816827898009,0.6272851672058366
test_082,5,0.15,0.17372557414146356,0.09512566768808292,0.825055999517925
test_082,5,0.2,0.19491758661814623,0.10798265230060311,0.9129991664939714
test_082,6,0.0,0.1362037858169475,0.07307869003084597,0.3134094752370917
test_082,6,0.01,0.13118864866517843,0.07019897892394293,0.33017827314833864
test_082,6,0.02,0.1569370967248708,0.08515015762402522,0.3178424741995377
test_082,6,0.05,0.20821993211216783,0.1162084208011196,0.361338422708666
test_082,6,0.1,0.11085287911684658,0.058678796315780955,0.6448333318229267
test_082,6,0.15,0.2306351487722088,0.1303491185620463,0.6655028493023659
test_082,6,0.2,0.1651631448579554,0.09001516641389311,0.9354555062839122
test_082,7,0.0,0.15002599308889636,0.08109627082782332,0.3073873292106919
test_082,7,0.01,0.21898412892572092,0.12295461959787779,0.32609369536107063
test_082,7,0.02,0.20091128711660194,0.11167391895567039,0.3399900897819007
test_082,7,0.05,0.2595027674994648,0.1490969147515637,0.44950166362813865
test_082,7,0.1,0.2673924344821259,0.1543294856860461,0.5011467168301394
test_082,7,0.15,0.18978012904804134,0.10483816474086087,0.7300565953520023
test_082,7,0.2,0.20060548607076237,0.11148499371197444,0.8842942919208677
test_082,8,0.0,0.2707562459863613,0.1565749451793167,0.3424685190846928
test_082,8,0.01,0.21895354882113696,0.12293533875897118,0.39015812433624897
test_082,8,0.02,0.10345249380752883,0.05454779986778245,0.246793861673839
test_082,8,0.05,0.11898718693617932,0.06325697842662288,0.39011848134141225
test_082,8,0.1,0.2514296198893,0.14379153550192375,0.5049252420616261
test_082,8,0.15,0.18687501911256538,0.103067919245754,0.8570709157347924
test_082,8,0.2,0.13400201828690253,0.07181252048508685,0.9509827147421663
test_082,9,0.0,0.1091709733647289,0.05773709406132747,0.19103152318985125
test_082,9,0.01,0.11274884560105196,0.059742364093008184,0.2988091410474971
test_082,9,0.02,0.11510351365401669,0.06106622538044713,0.33253796237129307
test_082,9,0.05,0.14540839729671876,0.07840453773476017,0.38311834883925916
test_082,9,0.1,0.20130882847619339,0.11191961781057141,0.4758514096768089
test_082,9,0.15,0.2611235130424146,0.15016794752299387,0.6733912925336132
test_082,9,0.2,0.23494694351854684,0.1331104142483411,0.9261983137687188
test_084,0,0.0,0.019382581349079008,0.009786130913804278,0.41916641654950726
test_084,0,0.01,0.012579423657018163,0.006329522702318672,0.6913456132159446
test_084,0,0.02,0.02592901610936397,0.013134794199882957,0.8592558435290701
test_084,0,0.05,0.013349592452345805,0.006719648510693287,0.9819489163794707
test_084,0,0.1,0.012579423657018163,0.006329522702318672,0.994678034849682
test_084,0,0.15,0.030678390347217765,0.015578151479598488,0.9977497086124333
test_084,0,0.2,0.018612412553751363,0.009393625291526302,0.9939957567214471
test_084,1,0.0,0.00872857968037995,0.004383420357119835,0.9466210198923544
test_084,1,0.01,0.008215133816828188,0.004124508603467165,0.9675209661805003
test_084,1,0.02,0.02066619600795841,0.010440985732814526,0.9119617361839768
test_084,1,0.05,0.029779860086002183,0.01511499120463874,0.9391614085898228
test_084,1,0.1,0.012579423657018163,0.006329522702318672,0.9948017031709137
test_084,1,0.15,0.019382581349079008,0.009786130913804278,0.9908038773504586
test_084,1,0.2,0.008215133816828188,0.004124508603467165,0.9995973133316339
test_084,2,0.0,0.013349592452345805,0.006719648510693287,0.30514134908547286
test_084,2,0.01,0.012579423657018163,0.006329522702318672,0.5602599134134806
test_084,2,0.02,0.012579423657018163,0.006329522702318672,0.8582097950339324
test_084,2,0.05,0.012579423657018163,0.006329522702318672,0.9685672001781199
test_084,2,0.1,0.012579423657018163,0.006329522702318672,0.9952209387798889
test_084,2,0.15,0.006931519157948784,0.003477812842145939,0.9958000775282166
test_084,2,0.2,0.02336178679160516,0.011818949282420936,0.9918225951466042
test_084,3,0.0,0.029779860086002183,0.01511499120463874,0.41500204041743355
test_084,3,0.01,0.01411976124767345,0.007110076918104841,0.8763299866315943
test_084,3,0.02,0.012579423657018163,0.006329522702318672,0.8815751311399916
test_084,3,0.05,0.012579423657018163,0.006329522702318672,0.9539943725408268
test_084,3,0.1,0.02900969129067454,0.014718332790621947,0.9810401397209
test_084,3,0.15,0.012579423657018163,0.006329522702318672,0.98230229860739
test_084,3,0.2,0.0564790449906938,0.029060167756422957,0.9942484729358839
test_084,4,0.0,0.013349592452345805,0.006719648510693287,0.7919523277384634
test_084,4,0.01,0.012579423657018163,0.006329522702318672,0.7423705442145102
test_084,4,0.02,0.013349592452345805,0.006719648510693287,0.8713319932631786
test_084,4,0.05,0.021179641871510172,0.010703165542293721,0.9326785915225394
test_084,4,0.1,0.015146652974776973,0.007631119446420488,0.9864676950031139
test_084,4,0.15,0.020794557473846353,0.01050651793242104,0.994217246684773
test_084,4,0.2,0.027597715165907196,0.013991930235585058,0.9934359720653921
test_084,5,0.0,0.013349592452345805,0.006719648510693287,0.6387369856956866
test_084,5,0.01,0.02066619600795841,0.010440985732814526,0.890572310680396
test_084,5,0.02,0.006931519157948784,0.003477812842145939,0.9093108438842161
test_084,5,0.05,0.012579423657018163,0.006329522702318672,0.9626037282258487
test_084,5,0.1,0.012579423657018163,0.006329522702318672,0.9916597858017028
test_084,5,0.15,0.012579423657018163,0.006329522702318672,0.9948851174535844
test_084,5,0.2,0.012579423657018163,0.006329522702318672,0.9905203058898745
test_084,6,0.0,0.00885694114626789,0.004448169159360495,0.3677435827273788
test_084,6,0.01,0.012579423657018163,0.006329522702318672,0.8061199561212411
test_084,6,0.02,0.005647904499069379,0.0028319495398081997,0.8199658613663348
test_084,6,0.05,0.0007701687953276426,0.0003852327447833066,0.9874092437668109
test_084,6,0.1,0.006931519157948784,0.003477812842145939,0.9900921661617706
test_084,6,0.15,0.0,0.0,0.9931875224080378
test_084,6,0.2,0.012579423657018163,0.006329522702318672,0.9925683769577915
test_084,7,0.0,0.007701687953276426,0.003865730300882675,0.6120615433035415
test_084,7,0.01,0.008215133816828188,0.004124508603467165,0.9588931220814542
test_084,7,0.02,0.012579423657018163,0.006329522702318672,0.9111240688101143
test_084,7,0.05,0.008215133816828188,0.004124508603467165,0.9773760946994492
test_084,7,0.1,0.008215133816828188,0.004124508603467165,0.9959971429980993
test_084,7,0.15,0.012579423657018163,0.006329522702318672,0.9957763332105402
test_084,7,0.2,0.015146652974776973,0.007631119446420488,0.9958669820900029
test_084,8,0.0,0.017200436428984018,0.008674823590341166,0.8995700467282459
test_084,8,0.01,0.022334895064501637,0.011293567858765495,0.8923206715718082
test_084,8,0.02,0.027469353700019253,0.013925945207262315,0.979624261111119
test_084,8,0.05,0.012579423657018163,0.006329522702318672,0.9479464351251543
test_084,8,0.1,0.015146652974776973,0.007631119446420488,0.996735628378334
test_084,8,0.15,0.020794557473846353,0.01050651793242104,0.9919421205790746
test_084,8,0.2,0.018612412553751363,0.009393625291526302,0.9911795198761998
test_084,9,0.0,0.013349592452345805,0.006719648510693287,0.4173353215511911
test_084,9,0.01,0.012579423657018163,0.006329522702318672,0.7307762680940809
test_084,9,0.02,0.012579423657018163,0.006329522702318672,0.8351228981531262
test_084,9,0.05,0.020794557473846353,0.01050651793242104,0.9651531506680389
test_084,9,0.1,0.024645401450484564,0.012476444213399182,0.9874177150468153
test_084,9,0.15,0.036583017778063026,0.018632322175732217,0.9910982079549899
test_084,9,0.2,0.03260381233553687,0.016572062373589092,0.9975609907542339
test_090,0,0.0,0.24935753356067775,0.1424377269151094,0.7397681211186086
test_090,0,0.01,0.24935753356067775,0.1424377269151094,0.753073497976758
test_090,0,0.02,0.24943335012880918,0.1424872055840678,0.7662578984570221
test_090,0,0.05,0.24943019110513703,0.14248514388729386,0.7998535447731333
test_090,0,0.1,0.2493480564896613,0.14243154238282132,0.8310553773390521
test_090,0,0.15,0.24943019110513703,0.14248514388729386,0.827761782796687
test_090,0,0.2,0.2493543745370056,0.14243566539690675,0.8900415357222217
test_090,1,0.0,0.24935121551333345,0.14243360388614407,0.7158372219522638
test_090,1,0.01,0.24943966817615348,0.14249132899993863,0.7845905777734177
test_090,1,0.02,0.24935121551333345,0.14243360388614407,0.7895435227843358
test_090,1,0.05,0.24943335012880918,0.1424872055840678,0.8011777046248004
test_090,1,0.1,0.249275398945202,0.14238412985972523,0.8406714302312764
test_090,1,0.15,0.24933857941864487,0.14242535791749222,0.8603398608598142
test_090,1,0.2,0.24944282719982563,0.14249339071903563,0.9718005101965719
test_090,2,0.0,0.24930698918192343,0.14240474351664056,0.7649851662203893
test_090,2,0.01,0.2493480564896613,0.14243154238282132,0.774199921738607
test_090,2,0.02,0.24935121551333345,0.14243360388614407,0.7828364202940782
test_090,2,0.05,0.24943335012880918,0.1424872055840678,0.7866224747445805
test_090,2,0.1,0.24929435308723485,0.14239649796460432,0.831531690190894
test_090,2,0.15,0.2492027414007427,0.14233672127183922,0.8632177825924741
test_090,2,0.2,0.2492406496848084,0.14236145569631672,0.8850973981965554
test_090,3,0.0,0.24943335012880918,0.1424872055840678,0.7794756560222346
test_090,3,0.01,0.24942387305779276,0.14248102051606873,0.7762236186372937
test_090,3,0.02,0.2494270320814649,0.14248308219796085,0.7633999201105075
test_090,3,0.05,0.2493480564896613,0.14243154238282132,0.7905675701069305
test_090,3,0.1,0.2493543745370056,0.14243566539690675,0.8193116081102518
test_090,3,0.15,0.24917746921136555,0.14232023225056792,0.8559859260814889
test_090,3,0.2,0.24914271995097195,0.14229756062355658,0.870253748483201
test_090,4,0.0,0.24943650915248133,0.1424892672882827,0.7486498625823874
test_090,4,0.01,0.24943335012880918,0.1424872055840678,0.7779217422880478
test_090,4,0.02,0.24935753356067775,0.1424377269151094,0.7583803621651554
test_090,4,0.05,0.2493543745370056,0.14243566539690675,0.8071565191966411
test_090,4,0.1,0.2493480564896613,0.14243154238282132,0.8261213633596525
test_090,4,0.15,0.2489879277910369,0.14219657976254266,0.859578367709643
test_090,4,0.2,0.24923749066113626,0.14235939445336604,0.8799054362582837
test_090,5,0.0,0.24943650915248133,0.1424892672882827,0.7766703707340373
test_090,5,0.01,0.24943019110513703,0.14248514388729386,0.7386829275765638
test_090,5,0.02,0.2494270320814649,0.14248308219796085,0.7563747864142857
test_090,5,0.05,0.2494270320814649,0.14248308219796085,0.7769018962371538
test_090,5,0.1,0.2494270320814649,0.14248308219796085,0.8101552654539923
test_090,5,0.15,0.24933226137130057,0.14242123497780504,0.8519474410048299
test_090,5,0.2,0.24918694628238197,0.14232641557776068,0.8829782362565749
test_090,6,0.0,0.24935753356067775,0.1424377269151094,0.770349582769312
test_090,6,0.01,0.24943335012880918,0.1424872055840678,0.7717671323352882
test_090,6,0.02,0.24943019110513703,0.14248514388729386,0.7621762364555361
test_090,6,0.05,0.24943335012880918,0.1424872055840678,0.7885968193552177
test_090,6,0.1,0.2492911940635627,0.14239443659519338,0.8331266549051918
test_090,6,0.15,0.24943335012880918,0.1424872055840678,0.851826565862407
test_090,6,0.2,0.24891842927024974,0.14215124722403127,0.8912484649081218
test_090,7,0.0,0.2493480564896613,0.14243154238282132,0.7497079250204377
test_090,7,0.01,0.24943966817615348,0.14249132899993863,0.7745661916425314
test_090,7,0.02,0.24943019110513703,0.14248514388729386,0.7758306225712256
test_090,7,0.05,0.24943650915248133,0.1424892672882827,0.7982314995725726
test_090,7,0.1,0.24943650915248133,0.1424892672882827,0.7989136747377452
test_090,7,0.15,0.24943650915248133,0.1424892672882827,0.853368483194268
test_090,7,0.2,0.24938912379739916,0.1424583425063429,0.8774233451846467
test_090,8,0.0,0.24943019110513703,0.14248514388729386,0.7861969820949966
test_090,8,0.01,0.24943335012880918,0.1424872055840678,0.795604540551861
test_090,8,0.02,0.24943650915248133,0.1424892672882827,0.7619301836635273
test_090,8,0.05,0.24943335012880918,0.1424872055840678,0.8112582258197348
test_090,8,0.1,0.24943650915248133,0.1424892672882827,0.8067667626653783
test_090,8,0.15,0.2492469677321527,0.1423655782045337,0.8667423964606421
test_090,8,0.2,0.248858407820479,0.14211209929103602,0.8778598724996611
test_090,9,0.0,0.24941439598677634,0.14247483551503734,0.7311800131142915
test_090,9,0.01,0.2493543745370056,0.14243566539690675,0.7481830152463047
test_090,9,0.02,0.24943335012880918,0.1424872055840678,0.7884319574042666
test_090,9,0.05,0.24935753356067775,0.1424377269151094,0.7975639529317552
test_090,9,0.1,0.24943335012880918,0.1424872055840678,0.8266451050257533
test_090,9,0.15,0.24943650915248133,0.1424892672882827,0.824741777092176
test_090,9,0.2,0.24943650915248133,0.1424892672882827,0.8744594745441838
test_092,0,0.0,0.03659497122084217,0.018638523730173426,0.3762590734341743
test_092,0,0.01,0.09326466727254368,0.04891327373638944,0.13206358410910773
test_092,0,0.02,0.0650711905483187,0.03362975951903808,0.6158601848026688
test_092,0,0.05,0.0955669998990205,0.05018134000721118,0.7767312014064525
test_092,0,0.1,0.10114106836312228,0.053264129671778945,0.9725093081865688
test_092,0,0.15,0.10784610724023024,0.056996477745757286,0.9906997424856223
test_092,0,0.2,0.0947995556901949,0.049758310719131615,0.9888776534829032
test_092,1,0.0,0.10804806624255277,0.05710930828351836,0.14483275134690346
test_092,1,0.01,0.10045440775522568,0.0528833886195458,0.960223210083837
test_092,1,0.02,0.09374936887811774,0.04917998050599653,0.1922772395975262
test_092,1,0.05,0.10497828940725033,0.05539687952937164,0.5269635604796757
test_092,1,0.1,0.10772493183883672,0.05692879098360656,0.7761944191980414
test_092,1,0.15,0.10312026658588307,0.054363102082534816,0.9529944786674823
test_092,1,0.2,0.10501868120771483,0.05541937546626879,0.99970670236664
test_092,2,0.0,0.06616176916086035,0.0342126699667899,0.34830232358179103
test_092,2,0.01,0.07375542764818742,0.03828975235379228,0.5950399412743952
test_092,2,0.02,0.08979097243259618,0.047005836082212635,0.5794719167494862
test_092,2,0.05,0.08979097243259618,0.047005836082212635,0.9173297486345072
test_092,2,0.1,0.0941128950822983,0.04938009960792625,0.9552308299159493
test_092,2,0.15,0.10017166515197415,0.05272669288827469,0.9678980535743082
test_092,2,0.2,0.10715944663233364,0.056613034014766764,0.9527409669022873
test_092,3,0.0,0.08728668080379683,0.04563500443468345,0.1753722059264502
test_092,3,0.01,0.06543471675249925,0.03382398997807704,0.22427911872484557
test_092,3,0.02,0.08813490861355144,0.04609891618955063,0.5719983598847642
test_092,3,0.05,0.10025244875290316,0.052771458337762846,0.5354914324541754
test_092,3,0.1,0.10207007977380592,0.05377968843108879,0.874285241787006
test_092,3,0.15,0.10380692719377967,0.05474491426136969,0.9143161328876759
test_092,3,0.2,0.10465515500353428,0.055216946551871114,0.9608501262341458
test_092,4,0.0,0.07779460769463799,0.04047153754018786,0.8034204996713401
test_092,4,0.01,0.08554983338382309,0.044686372555225014,0.18661921678347262
test_092,4,0.02,0.0729879834393618,0.037876247170285905,0.3666299427055593
test_092,4,0.05,0.09447642128647885,0.04958029506528743,0.5011624649200449
test_092,4,0.1,0.1033626173886701,0.05449782775364171,0.8619743179763035
test_092,4,0.15,0.09233565586186004,0.04840246458743568,0.9485915884206083
test_092,4,0.2,0.0983540341310714,0.05172047578589635,0.9804511754906337
test_092,5,0.0,0.09007371503584773,0.04716083324521519,0.13408319298598856
test_092,5,0.01,0.08037968292436636,0.041872698579694896,0.1939879212250054
test_092,5,0.02,0.08781177420983541,0.04592213937179189,0.47784007957222313
test_092,5,0.05,0.09673836211249116,0.0508276740237691,0.7017033006645106
test_092,5,0.1,0.10255478137937998,0.054048876021798364,0.9535139418614774
test_092,5,0.15,0.1040492779965667,0.054879737531690065,0.9348289236956391
test_092,5,0.2,0.10816924164394628,0.05717701816939599,0.9455426912140693
test_092,6,0.0,0.09722306371806523,0.05109535535365543,0.09565578524787265
test_092,6,0.01,0.10602847621932748,0.05598208573256558,0.15307024832892996
test_092,6,0.02,0.10130263556498031,0.05335375582360074,0.2826613554628411
test_092,6,0.05,0.109744521862062,0.058058036668233684,0.736499077299273
test_092,6,0.1,0.10009088155104513,0.052681931245615155,0.8057171189452046
test_092,6,0.15,0.1076441482379077,0.05688367129135539,0.9269503270943936
test_092,6,0.2,0.10441280420074725,0.05508203707649691,0.9667940334293497
test_092,7,0.0,0.08151065333737251,0.042486893909088996,0.22158157499110293
test_092,7,0.01,0.10202968797334142,0.053757262337994,0.8103660142637187
test_092,7,0.02,0.08607492678986166,0.04497298666216444,0.7402492069223137
test_092,7,0.05,0.09092194284560234,0.04762610020311442,0.9545382838162754
test_092,7,0.1,0.1047359386044633,0.05526192404415839,0.9831242018270338
test_092,7,0.15,0.10312026658588307,0.054363102082534816,0.9655853485285406
test_092,7,0.2,0.10699787943047562,0.05652285238765843,0.970424699386389
test_092,8,0.0,0.1011814601635868,0.053286534779834076,0.5390112674428015
test_092,8,0.01,0.09916187014036151,0.05216744581385466,0.8877698371350079
test_092,8,0.02,0.08276279915177219,0.04316774111995955,0.17020229245599036
test_092,8,0.05,0.09673836211249116,0.0508276740237691,0.7620483232901388
test_092,8,0.1,0.10772493183883672,0.05692879098360656,0.9750821737832515
test_092,8,0.15,0.10558416641421792,0.05573441930875674,0.9624376846825157
test_092,8,0.2,0.10134302736544482,0.05337616474492618,0.9709382644640195
test_092,9,0.0,0.042532565889124505,0.021728364491766745,0.5343969029146397
test_092,9,0.01,0.0898717560335252,0.04705011630365828,0.4068745332859638
test_092,9,0.02,0.09520347369483995,0.04998091522117138,0.4639974685608948
test_092,9,0.05,0.10069675855801272,0.053017736378716346,0.7125657007153267
test_092,9,0.1,0.11241038069271937,0.05955234100830266,0.8443331591685058
test_092,9,0.15,0.11358174290619004,0.06021026486521208,0.976872091242164
test_092,9,0.2,0.10897707765323639,0.05762863916953243,0.9912968463386704
test_094,0,0.0,0.06391686536887434,0.03301349215102386,0.2258201650787516
test_094,0,0.01,0.13655290223851382,0.07327973109757262,0.18350206838151822
test_094,0,0.02,0.1010000355884551,0.053185907046476764,0.22288944823451814
test_094,0,0.05,0.285561763763835,0.1665628762402956,0.4881074187242897
test_094,0,0.1,0.3869532723584469,0.2398896856039713,0.8823088095868068
test_094,0,0.15,0.6425139684686287,0.4733116610738255,0.8907281203046681
test_094,0,0.2,0.42731058044770276,0.271706908646557,0.969428583896928
test_094,1,0.0,0.3777002740311043,0.2328178128770429,0.10835118499961925
test_094,1,0.01,0.6732268052243852,0.5074166465491805,0.7337218509374568
test_094,1,0.02,0.14505854300864798,0.07820114347108706,0.1583586351991467
test_094,1,0.05,0.5346809494999822,0.3648904648564628,0.41301809377838833
test_094,1,0.1,0.4063845688458664,0.25500792782331005,0.80946313759363
test_094,1,0.15,0.2979109576853269,0.17502665858197253,0.9310974503972609
test_094,1,0.2,0.6746147549734866,0.5089952204500295,0.9986829239068222
test_094,2,0.0,0.1501832805437916,0.08118819500557928,0.13668935107280533
test_094,2,0.01,0.14626855048222356,0.0789049301182614,0.32373453974230915
test_094,2,0.02,0.1594362788711342,0.08662361266870336,0.34751585415137165
test_094,2,0.05,0.2960959464749635,0.1737750114875308,0.4932426786658257
test_094,2,0.1,0.2071248087120538,0.11552661876215808,0.9028047840376382
test_094,2,0.15,0.36364283426456456,0.22222705524140932,0.9424356931551959
test_094,2,0.2,0.5248229474358518,0.3557694627391378,0.9174357655369153
test_094,3,0.0,0.2706146126196662,0.15648022389595423,0.17003590477258954
test_094,3,0.01,0.2491191857361472,0.14228220659376398,0.13977837104735177
test_094,3,0.02,0.24136090252322145,0.13724299821920025,0.30213390455244676
test_094,3,0.05,0.31417488166838675,0.18636267679966223,0.35846546461612266
test_094,3,0.1,0.4853197622691199,0.3204107046356994,0.709423574584205
test_094,3,0.15,0.46652905797359334,0.3042307781568382,0.8738627063058616
test_094,3,0.2,0.5704473468806719,0.3990390599716199,0.9131814652480761
test_094,4,0.0,0.19495355706608777,0.10800473186119874,0.23615595680222357
test_094,4,0.01,0.22321079041958788,0.12562592637102912,0.21712747773264598
test_094,4,0.02,0.13416847574646784,0.07190814068818188,0.1561937624711383
test_094,4,0.05,0.3359550161927471,0.20189058556824502,0.37529932168393293
test_094,4,0.1,0.3844264920459803,0.23795048021852144,0.7699597453819631
test_094,4,0.15,0.3640343072707214,0.2225195240270617,0.893351157071688
test_094,4,0.2,0.36161429232357023,0.22071377370376002,0.9534444098077542
test_094,5,0.0,0.20545215132211112,0.11448686167575607,0.20450124416098023
test_094,5,0.01,0.1563756717320901,0.0848197050420817,0.15260163925788897
test_094,5,0.02,0.2711840279013488,0.1568611305529252,0.3260540582476154
test_094,5,0.05,0.2685504822235667,0.15510153744964236,0.49207619324670804
test_094,5,0.1,0.3939641980141642,0.24530225137386988,0.8883800716432746
test_094,5,0.15,0.46976760738816326,0.30699102283827157,0.93262625198327
test_094,5,0.2,0.48457240471191143,0.3197595228030623,0.9542647779108827
test_094,6,0.0,0.14765650023132496,0.07971334703836769,0.13848868467915806
test_094,6,0.01,0.31584753905832946,0.1875409420366418,0.1836162870957947
test_094,6,0.02,0.417594932203993,0.26389888449082405,0.22622463188882097
test_094,6,0.05,0.5627602405779565,0.39155627089265815,0.4217677713724344
test_094,6,0.1,0.37122317520196446,0.2279153101579741,0.8150472570439016
test_094,6,0.15,0.5614078792839603,0.3902481260668431,0.821027267442
test_094,6,0.2,0.4871703619345884,0.322025923921993,0.9517349546007844
test_094,7,0.0,0.11580483291220328,0.06146116651556362,0.16995910035927225
test_094,7,0.01,0.6627993878785722,0.4956618938627774,0.36151009189200295
test_094,7,0.02,0.35186305562475534,0.2134913951329058,0.3346087050398826
test_094,7,0.05,0.6953984127549023,0.53303508101915,0.6886715013452351
test_094,7,0.1,0.6450407487810954,0.4760591495285373,0.743298398595547
test_094,7,0.15,0.49386099149435925,0.3278986791427424,0.8560778814027358
test_094,7,0.2,0.5942560233460266,0.42273417721518985,0.9230024530057661
test_094,8,0.0,0.568952631766255,0.3975777772251374,0.3188131158429592
test_094,8,0.01,0.38407060749492866,0.2376778399330485,0.641868873286219
test_094,8,0.02,0.18993558489625964,0.10493305283026287,0.1915686757453938
test_094,8,0.05,0.2320723157407737,0.13126799122330254,0.6222884421939896
test_094,8,0.1,0.6343286237944411,0.4644811591181529,0.7275798520303365
test_094,8,0.15,0.45905548240150895,0.2979052634010023,0.9403126908134294
test_094,8,0.2,0.32673760632050963,0.19526979603122274,0.9678339219309533
test_094,9,0.0,0.08046549699277554,0.04191927619259506,0.15428409170907306
test_094,9,0.01,0.16409836648991066,0.08938298408513773,0.14821460928414895
test_094,9,0.02,0.17890316381365884,0.09823923706787048,0.2477169757986038
test_094,9,0.05,0.3640343072707214,0.2225195240270617,0.5212015590146442
test_094,9,0.1,0.6253603331079398,0.45492673328845856,0.661568021216548
test_094,9,0.15,0.6788497811310011,0.513832395011179,0.8368770863560441
test_094,9,0.2,0.6524075589878643,0.48412824169439606,0.9530538437417118
test_097,0,0.0,0.0041886471855057,0.0020987189894470073,0.4248077940448306
test_097,0,0.01,0.0041886471855057,0.0020987189894470073,0.6438908750727377
test_097,0,0.02,0.0041886471855057,0.0020987189894470073,0.8742250212309842
test_097,0,0.05,0.0041886471855057,0.0020987189894470073,0.9841014110779418
test_097,0,0.1,0.0041886471855057,0.0020987189894470073,0.9914108090558339
test_097,0,0.15,0.0041886471855057,0.0020987189894470073,0.9985512146707752
test_097,0,0.2,0.0041886471855057,0.0020987189894470073,0.9933190410586122
test_097,1,0.0,0.0033193053168158377,0.0016624116843792674,0.915594351681326
test_097,1,0.01,0.0033193053168158377,0.0016624116843792674,0.9911627410211629
test_097,1,0.02,0.0041886471855057,0.0020987189894470073,0.9478092914314724
test_097,1,0.05,0.0041886471855057,0.0020987189894470073,0.9259835557606165
test_097,1,0.1,0.0041886471855057,0.0020987189894470073,0.9863854650904018
test_097,1,0.15,0.0041886471855057,0.0020987189894470073,0.9906485365859705
test_097,1,0.2,0.0,0.0,0.9998119614690908
test_097,2,0.0,0.0041886471855057,0.0020987189894470073,0.2790374263071354
test_097,2,0.01,0.0041886471855057,0.0020987189894470073,0.6833194504617709
test_097,2,0.02,0.0041886471855057,0.0020987189894470073,0.888842701199466
test_097,2,0.05,0.0041886471855057,0.0020987189894470073,0.9811967618407841
test_097,2,0.1,0.0021733546717246557,0.0010878594881126628,0.9970634441697788
test_097,2,0.15,0.0041886471855057,0.0020987189894470073,0.9972169189949994
test_097,2,0.2,0.0041886471855057,0.0020987189894470073,0.9942780461472315
test_097,3,0.0,0.0041886471855057,0.0020987189894470073,0.30146691110864643
test_097,3,0.01,0.0041886471855057,0.0020987189894470073,0.9283305302000369
test_097,3,0.02,0.0041886471855057,0.0020987189894470073,0.9038437493774844
test_097,3,0.05,0.0041886471855057,0.0020987189894470073,0.9740001317226975
test_097,3,0.1,0.0041886471855057,0.0020987189894470073,0.9882158968355199
test_097,3,0.15,0.0041886471855057,0.0020987189894470073,0.9736614030052609
test_097,3,0.2,0.0046233181198506315,0.002317015209125475,0.9936640405618438
test_097,4,0.0,0.0041886471855057,0.0020987189894470073,0.8595113663544871
test_097,4,0.01,0.0041886471855057,0.0020987189894470073,0.8340485217802628
test_097,4,0.02,0.0041886471855057,0.0020987189894470073,0.886013460818606
test_097,4,0.05,0.0041886471855057,0.0020987189894470073,0.9269709388120709
test_097,4,0.1,0.0021733546717246557,0.0010878594881126628,0.9950905911879601
test_097,4,0.15,0.0041886471855057,0.0020987189894470073,0.9949687891452296
test_097,4,0.2,0.0041886471855057,0.0020987189894470073,0.994396765939317
test_097,5,0.0,0.0041886471855057,0.0020987189894470073,0.7157295817053507
test_097,5,0.01,0.0041886471855057,0.0020987189894470073,0.9418739395342264
test_097,5,0.02,0.0041886471855057,0.0020987189894470073,0.9167188417442309
test_097,5,0.05,0.0041886471855057,0.0020987189894470073,0.9873785875051262
test_097,5,0.1,0.0041886471855057,0.0020987189894470073,0.9963991660135258
test_097,5,0.15,0.0041886471855057,0.0020987189894470073,0.9968544888329478
test_097,5,0.2,0.0041886471855057,0.0020987189894470073,0.993260478296357
test_097,6,0.0,0.0041886471855057,0.0020987189894470073,0.37994478563061856
test_097,6,0.01,0.0041886471855057,0.0020987189894470073,0.8604276982143487
test_097,6,0.02,0.0041886471855057,0.0020987189894470073,0.9171225102942226
test_097,6,0.05,0.0041886471855057,0.0020987189894470073,0.9871891885172154
test_097,6,0.1,0.0021733546717246557,0.0010878594881126628,0.9953203782877711
test_097,6,0.15,0.0041886471855057,0.0020987189894470073,0.9970502648911587
test_097,6,0.2,0.0041886471855057,0.0020987189894470073,0.9957779330817981
test_097,7,0.0,0.0041886471855057,0.0020987189894470073,0.34348420504372346
test_097,7,0.01,0.0033193053168158377,0.0016624116843792674,0.9855760023003183
test_097,7,0.02,0.0041886471855057,0.0020987189894470073,0.9380824523873447
test_097,7,0.05,0.0041886471855057,0.0020987189894470073,0.991442056700304
test_097,7,0.1,0.0041886471855057,0.0020987189894470073,0.9966236388880868
test_097,7,0.15,0.0041886471855057,0.0020987189894470073,0.9964973728961463
test_097,7,0.2,0.0041886471855057,0.0020987189894470073,0.995980086210309
test_097,8,0.0,0.004425740422421117,0.002217777865784836,0.8541171088721985
test_097,8,0.01,0.0041886471855057,0.0020987189894470073,0.8669717414717324
test_097,8,0.02,0.003042696540414518,0.0015236662972930189,0.9890284418762485
test_097,8,0.05,0.0041886471855057,0.0020987189894470073,0.9755450832873842
test_097,8,0.1,0.0041886471855057,0.0020987189894470073,0.99735466371348
test_097,8,0.15,0.0041886471855057,0.0020987189894470073,0.9944833878108924
test_097,8,0.2,0.0041886471855057,0.0020987189894470073,0.9885222087789313
test_097,9,0.0,0.0041886471855057,0.0020987189894470073,0.4298410562058852
test_097,9,0.01,0.0041886471855057,0.0020987189894470073,0.6292496530863985
test_097,9,0.02,0.0041886471855057,0.0020987189894470073,0.7859850743514768
test_097,9,0.05,0.0041886471855057,0.0020987189894470073,0.9834004647674637
test_097,9,0.1,0.0041886471855057,0.0020987189894470073,0.9886680311197918
test_097,9,0.15,0.004425740422421117,0.002217777865784836,0.9962960700436754
test_097,9,0.2,0.0041886471855057,0.0020987189894470073,0.9987387005375961
test_099,0,0.0,0.0010718113612004287,0.0005361930294906167,0.4068998199687783
test_099,0,0.01,0.0005359056806002144,0.0002680246582685607,0.6884173832912595
test_099,0,0.02,0.0006430868167202572,0.000321646831778707,0.907652756059884
test_099,0,0.05,0.0007502679528403001,0.0003752747547311424,0.9927523592454791
test_099,0,0.1,0.0,0.0,0.9977995744956933
test_099,0,0.15,0.0005894962486602357,0.00029483502640113645,0.9988914322878859
test_099,0,0.2,0.0005894962486602357,0.00029483502640113645,0.9985568218327758
test_099,1,0.0,0.0014469453376205787,0.0007239964604617489,0.9588912336243782
test_099,1,0.01,5.359056806002143e-05,2.6796002036496154e-05,0.9855958107415784
test_099,1,0.02,0.0005359056806002144,0.0002680246582685607,0.9634543035268499
test_099,1,0.05,0.0010718113612004287,0.0005361930294906167,0.9787838856988433
test_099,1,0.1,0.0005894962486602357,0.00029483502640113645,0.9963486789149363
test_099,1,0.15,0.00112540192926045,0.0005630177752754766,0.9961890209832149
test_099,1,0.2,0.0,0.0,0.9997821496946983
test_099,2,0.0,0.0019292604501607716,0.0009655616350177019,0.44970808915745014
test_099,2,0.01,0.0010182207931404073,0.0005093697219913675,0.6212344039466223
test_099,2,0.02,0.0005359056806002144,0.0002680246582685607,0.9217633372693856
test_099,2,0.05,0.0010182207931404073,0.0005093697219913675,0.989571744376879
test_099,2,0.1,0.00010718113612004287,5.359344016292406e-05,0.9972780179165345
test_099,2,0.15,0.0001607717041800643,8.03923144947343e-05,0.9973585620971135
test_099,2,0.2,0.0006966773847802786,0.0003484600745168467,0.9965716058409649
test_099,3,0.0,0.0019292604501607716,0.0009655616350177019,0.41524095660391935
test_099,3,0.01,0.0,0.0,0.9392967710709089
test_099,3,0.02,0.0015541264737406217,0.0007776675337212732,0.9352895880540723
test_099,3,0.05,0.0005894962486602357,0.00029483502640113645,0.9753420524085294
test_099,3,0.1,0.0015005359056806003,0.0007508312774857878,0.9917837384508937
test_099,3,0.15,0.00021436227224008573,0.00010719262514738985,0.9945236710200147
test_099,3,0.2,0.00021436227224008573,0.00010719262514738985,0.997638046002401
test_099,4,0.0,0.0019828510182207932,0.0009924094091140734,0.889194549627656
test_099,4,0.01,0.0019828510182207932,0.0009924094091140734,0.8187507413329405
test_099,4,0.02,0.0019828510182207932,0.0009924094091140734,0.9371266995826874
test_099,4,0.05,0.0019828510182207932,0.0009924094091140734,0.9717910663489063
test_099,4,0.1,0.0017148981779206859,0.0008581849388543231,0.9936550702529515
test_099,4,0.15,0.002090032154340836,0.0010461092781845981,0.996911167782586
test_099,4,0.2,0.0010182207931404073,0.0005093697219913675,0.99697894813127
test_099,5,0.0,0.0010182207931404073,0.0005093697219913675,0.7586662130504751
test_099,5,0.01,0.0014469453376205787,0.0007239964604617489,0.9389028528107003
test_099,5,0.02,0.0005359056806002144,0.0002680246582685607,0.9598841717193843
test_099,5,0.05,0.002733118971061093,0.0013684295258794173,0.9832179968859619
test_099,5,0.1,0.0015541264737406217,0.0007776675337212732,0.9941777271624461
test_099,5,0.15,0.0002679528403001072,0.00013399437223636607,0.9976963635101973
test_099,5,0.2,0.00021436227224008573,0.00010719262514738985,0.9963488989810034
test_099,6,0.0,0.0019828510182207932,0.0009924094091140734,0.4067335325467838
test_099,6,0.01,0.0019828510182207932,0.0009924094091140734,0.8987512486929895
test_099,6,0.02,0.0019828510182207932,0.0009924094091140734,0.964386283321254
test_099,6,0.05,0.00021436227224008573,0.00010719262514738985,0.9917253109100639
test_099,6,0.1,0.003804930332261522,0.001906091438696341,0.9938548902419289
test_099,6,0.15,0.0004823151125401929,0.0002412157272654177,0.9969523201371442
test_099,6,0.2,0.00021436227224008573,0.00010719262514738985,0.9964727961768121
test_099,7,0.0,0.0005359056806002144,0.0002680246582685607,0.7884102326541952
test_099,7,0.01,5.359056806002143e-05,2.6796002036496154e-05,0.9844783152525621
test_099,7,0.02,0.0031082529474812434,0.0015565455423756105,0.955378318994373
test_099,7,0.05,0.00021436227224008573,0.00010719262514738985,0.9933712950593543
test_099,7,0.1,0.00021436227224008573,0.00010719262514738985,0.9979666046406644
test_099,7,0.15,0.0005894962486602357,0.00029483502640113645,0.9984231316969787
test_099,7,0.2,0.0005894962486602357,0.00029483502640113645,0.9985497797186268
test_099,8,0.0,0.00021436227224008573,0.00010719262514738985,0.980694609326922
test_099,8,0.01,0.0018220793140407289,0.0009118704071233171,0.9552206416572561
test_099,8,0.02,0.0016613076098606645,0.000831344364289737,0.9899513583427224
test_099,8,0.05,0.0005359056806002144,0.0002680246582685607,0.9753114632251948
test_099,8,0.1,0.0019828510182207932,0.0009924094091140734,0.9978583321356238
test_099,8,0.15,0.0005359056806002144,0.0002680246582685607,0.995666694172821
test_099,8,0.2,0.0007502679528403001,0.0003752747547311424,0.9957107073862521
test_099,9,0.0,0.0010182207931404073,0.0005093697219913675,0.4836583415357491
test_099,9,0.01,0.00037513397642015007,0.00018760217618524376,0.8131424126279964
test_099,9,0.02,0.0015541264737406217,0.0007776675337212732,0.8654821007925372
test_099,9,0.05,0.0009646302250803858,0.00048254785266205565,0.9760770730728292
test_099,9,0.1,0.00021436227224008573,0.00010719262514738985,0.992589510355784
test_099,9,0.15,0.0009646302250803858,0.00048254785266205565,0.9969807086598073
test_099,9,0.2,0.0009646302250803858,0.00048254785266205565,0.9983277330568668
test_102,0,0.0,0.0,0.0,0.38435100006583556
test_102,0,0.01,0.0,0.0,0.6518342821319543
test_102,0,0.02,0.0,0.0,0.8728101087660982
test_102,0,0.05,0.0,0.0,0.9820631715521072
test_102,0,0.1,0.012404418011894647,0.006240916474309652,0.9963181391850076
test_102,0,0.15,0.08988954970263381,0.047059870118316874,0.9955611316550576
test_102,0,0.2,0.020730671197960918,0.010473901098901098,0.9962768978546834
test_102,1,0.0,0.08190314358538657,0.04270021261516655,0.9649099203338549
test_102,1,0.01,0.221410365335599,0.12448648132225089,0.9691434410852731
test_102,1,0.02,0.009855564995751912,0.004952185792349727,0.9667454213829962
test_102,1,0.05,0.041461342395921835,0.021169529758806177,0.9516806180398734
test_102,1,0.1,0.030076465590484283,0.01526783403778142,0.9973224637720444
test_102,1,0.15,0.009855564995751912,0.004952185792349727,0.9939382525755875
test_102,1,0.2,0.2062871707731521,0.11500568397120121,0.9997092239365185
test_102,2,0.0,0.009855564995751912,0.004952185792349727,0.3561557426966509
test_102,2,0.01,0.0,0.0,0.6678238732107744
test_102,2,0.02,0.009345794392523364,0.004694835680751174,0.8848151327113142
test_102,2,0.05,0.009345794392523364,0.004694835680751174,0.9771677601802009
test_102,2,0.1,0.014783347493627868,0.007446717452709064,0.9964053351405501
test_102,2,0.15,0.07085811384876806,0.03673037963533868,0.9967599451189088
test_102,2,0.2,0.13135089209855566,0.07029189779030645,0.9901297139137955
test_102,3,0.0,0.009855564995751912,0.004952185792349727,0.4850078312452072
test_102,3,0.01,0.0005097706032285472,0.00025495028469448456,0.9171012681989387
test_102,3,0.02,0.009345794392523364,0.004694835680751174,0.8791578041272765
test_102,3,0.05,0.009345794392523364,0.004694835680751174,0.9627949601749458
test_102,3,0.1,0.0854715378079864,0.04464364959616579,0.9826574394833495
test_102,3,0.15,0.09022939677145285,0.0472461962808079,0.9853075550000364
test_102,3,0.2,0.17247238742565846,0.09437470943747095,0.9908550376280679
test_102,4,0.0,0.0,0.0,0.8519444177319521
test_102,4,0.01,0.009345794392523364,0.004694835680751174,0.7890194433222223
test_102,4,0.02,0.0,0.0,0.894124872063774
test_102,4,0.05,0.05063721325403568,0.025976290097629008,0.9374163547420427
test_102,4,0.1,0.10178419711129992,0.053620982902157374,0.9885669948066554
test_102,4,0.15,0.05675446049277825,0.0292060160895418,0.9933908557435708
test_102,4,0.2,0.02463891248937978,0.012473118279569893,0.9936212180315243
test_102,5,0.0,0.0,0.0,0.7475128592354113
test_102,5,0.01,0.0,0.0,0.8878476142762922
test_102,5,0.02,0.0,0.0,0.922753818025653
test_102,5,0.05,0.0,0.0,0.9743703541980706
test_102,5,0.1,0.04299065420560748,0.021967526265520534,0.9917043471830291
test_102,5,0.15,0.031265930331350895,0.015881235974451926,0.9967470490203788
test_102,5,0.2,0.035174171622769757,0.017901928565251232,0.9903529407969786
test_102,6,0.0,0.0,0.0,0.5236671924413534
test_102,6,0.01,0.0,0.0,0.8023564967744794
test_102,6,0.02,0.00356839422259983,0.0017873861605243,0.8735817144177344
test_102,6,0.05,0.009345794392523364,0.004694835680751174,0.980173598536541
test_102,6,0.1,0.006117247238742566,0.0030680074995738877,0.9931908680227132
test_102,6,0.15,0.025148683092608325,0.012734469110308037,0.9895711884688341
test_102,6,0.2,0.02497875955819881,0.012647337176288393,0.9901725263424177
test_102,7,0.0,0.0005097706032285472,0.00025495028469448456,0.7427708263348535
test_102,7,0.01,0.1933729821580289,0.10703536493604214,0.9668099018756459
test_102,7,0.02,0.0,0.0,0.9321173020323924
test_102,7,0.05,0.19286321155480035,0.10672308415608839,0.9640130850553773
test_102,7,0.1,0.07221750212404418,0.0374614367562803,0.9942848761375976
test_102,7,0.15,0.025148683092608325,0.012734469110308037,0.9965612666466328
test_102,7,0.2,0.08683092608326254,0.04538591349142908,0.9960746844112369
test_102,8,0.0,0.10127442650807136,0.05333810631823877,0.8859614453070385
test_102,8,0.01,0.03160577740016993,0.016056629834254144,0.8867362586176999
test_102,8,0.02,0.0,0.0,0.9864271589246936
test_102,8,0.05,0.009345794392523364,0.004694835680751174,0.953869747130937
test_102,8,0.1,0.07102803738317758,0.03682170542635659,0.9945426017209091
test_102,8,0.15,0.03908241291418862,0.01993067590987868,0.9928865331898925
test_102,8,0.2,0.009855564995751912,0.004952185792349727,0.9914679623515997
test_102,9,0.0,0.0013593882752761257,0.0006801564359802754,0.4685627853160214
test_102,9,0.01,0.0,0.0,0.6845266774544861
test_102,9,0.02,0.0,0.0,0.8454106126848825
test_102,9,0.05,0.009345794392523364,0.004694835680751174,0.9790097420098217
test_102,9,0.1,0.12268479184367034,0.06535119478638668,0.9802363770060344
test_102,9,0.15,0.2608326253186066,0.14997557401074743,0.9760247861683601
test_102,9,0.2,0.14375531011045029,0.0774441596484804,0.9963386943877406
test_104,0,0.0,0.33997839839530936,0.2048035989812801,0.4111296786815197
test_104,0,0.01,0.3540811603147662,0.21512674366281687,0.4136781456095285
test_104,0,0.02,0.36071593889831816,0.22004480337343046,0.43952795845602377
test_104,0,0.05,0.36722727974078073,0.22491022491022492,0.4973087095760424
test_104,0,0.1,0.3593272643110631,0.21901215062257834,0.6551825928240849
test_104,0,0.15,0.3784292547446382,0.23337202885036254,0.6865279795806701
test_104,0,0.2,0.3522913130689708,0.21380679477094805,0.9008716325551135
test_104,1,0.0,0.3696960345625675,0.2267650955896271,0.41249639907996816
test_104,1,0.01,0.31393303502545905,0.18619250690923733,0.5344072109874187
test_104,1,0.02,0.35426631692640026,0.21526345396587288,0.4756383400236683
test_104,1,0.05,0.38271871624749265,0.2366432605709052,0.47846170641502533
test_104,1,0.1,0.3542354574911279,0.21524066677917159,0.6113925442556348
test_104,1,0.15,0.3668878259527851,0.2246556187524801,0.7457574139786216
test_104,1,0.2,0.312636938744021,0.18528136944713694,0.9980668672796067
test_104,2,0.0,0.3372627680913439,0.20283587906683245,0.4089361630447494
test_104,2,0.01,0.355994445301651,0.21654090175320043,0.4460967205481705
test_104,2,0.02,0.373244869618886,0.22944133548325904,0.47085434086620015
test_104,2,0.05,0.3626292238852029,0.22147043856838614,0.4689793338284623
test_104,2,0.1,0.3454405184385126,0.2087809609071919,0.6435971079581103
test_104,2,0.15,0.3580928869001697,0.21809570349208734,0.7661742398547368
test_104,2,0.2,0.373522604536337,0.22965127309983682,0.8019438172214165
test_104,3,0.0,0.36321555315537724,0.22190799396681749,0.44906272570712763
test_104,3,0.01,0.3599135935812375,0.21944794626225375,0.46451846164471267
test_104,3,0.02,0.37179447616108624,0.228346158219931,0.45140440092721457
test_104,3,0.05,0.3772257367690171,0.2324573080287529,0.49524551704104286
test_104,3,0.1,0.37512729517049836,0.23086565123257494,0.5587173798085742
test_104,3,0.15,0.36642493442370005,0.2243085990630195,0.6571606373936097
test_104,3,0.2,0.36839993828112944,0.22579058859131487,0.7693946802995544
test_104,4,0.0,0.3598518747106928,0.21940205836422133,0.4051477686830903
test_104,4,0.01,0.3617343002623052,0.22080319469559975,0.43507993278576845
test_104,4,0.02,0.36127140873322017,0.2204583545185771,0.445290230233037
test_104,4,0.05,0.3673198580465977,0.2249796813276126,0.4941733109271665
test_104,4,0.1,0.36886282981021445,0.2261384490228352,0.6032640455540259
test_104,4,0.15,0.36077765776886284,0.22009073966000867,0.7625760482114666
test_104,4,0.2,0.3534948310445919,0.21469403055008904,0.8623417004149186
test_104,5,0.0,0.36250578614411355,0.221378361570209,0.44909521358422894
test_104,5,0.01,0.3522913130689708,0.21380679477094805,0.3975864807115918
test_104,5,0.02,0.36762845239932107,0.2252112596177477,0.42813644532685996
test_104,5,0.05,0.38253355963585867,0.23650169801961307,0.4819953469822249
test_104,5,0.1,0.372596821478167,0.22895175970873785,0.6175092895609879
test_104,5,0.15,0.364851103224811,0.22313020174759846,0.7106105740078169
test_104,5,0.2,0.3753124517821324,0.23100592615104087,0.8203962943977653
test_104,6,0.0,0.3585249189939824,0.21841630320348926,0.4412921775860648
test_104,6,0.01,0.3858663786452708,0.23905479294918364,0.4469372647410173
test_104,6,0.02,0.3817003548835056,0.2358650674090883,0.4318680920731247
test_104,6,0.05,0.3806202746489739,0.23504078054729782,0.47104173009196426
test_104,6,0.1,0.3535565499151366,0.21473956478548537,0.6186495503455243
test_104,6,0.15,0.3840148125289307,0.2376351067486537,0.6477965907515872
test_104,6,0.2,0.36818392223422314,0.22562832126174853,0.8665437843619545
test_104,7,0.0,0.3518901404104305,0.2135113374651263,0.41737565885093025
test_104,7,0.01,0.3338682302113871,0.20038524939341743,0.44161288920290726
test_104,7,0.02,0.3649745409659003,0.2232225430798558,0.4434731121331733
test_104,7,0.05,0.33979324178367537,0.20466923177010726,0.5162272710023087
test_104,7,0.1,0.3614874247801265,0.22061925568781077,0.5543696312622475
test_104,7,0.15,0.37000462891529085,0.22699734948883,0.6807799610634637
test_104,7,0.2,0.364480790001543,0.22285326138229022,0.8053424101426263
test_104,8,0.0,0.36528313531862366,0.2234534574217054,0.4418758711361751
test_104,8,0.01,0.3527850640333282,0.21417063209561993,0.49364671004343275
test_104,8,0.02,0.33766394074988426,0.20312616024355834,0.4201042423916919
test_104,8,0.05,0.37744175281592346,0.23262138876737862,0.5065645163791603
test_104,8,0.1,0.37787378490973617,0.23294968134690383,0.5602263673812571
test_104,8,0.15,0.3668261070822404,0.22460933809496816,0.7890047769790868
test_104,8,0.2,0.3516432649282518,0.21332958906674154,0.9013319836502485
test_104,9,0.0,0.2992130844005555,0.1759262619298182,0.3405176759375606
test_104,9,0.01,0.3592964048757908,0.21898922263810258,0.40287152043772134
test_104,9,0.02,0.36478938435426633,0.22308403630942272,0.4746871671774242
test_104,9,0.05,0.3800648048140719,0.23461728959500133,0.5059815925581643
test_104,9,0.1,0.3721030705138096,0.22857901122232333,0.5505544821782697
test_104,9,0.15,0.35068662243480947,0.21262582793847995,0.6651525489910002
test_104,9,0.2,0.37904644345008487,0.23384164334532717,0.8836415913818515
test_105,0,0.0,0.20624061767177843,0.11497674643746648,0.6643190819429247
test_105,0,0.01,0.20623926098626966,0.11497590314060888,0.5975845342611147
test_105,0,0.02,0.20662998641279462,0.11521882536637325,0.6483106898034262
test_105,0,0.05,0.20671952765637328,0.11527450995226243,0.7692763543937092
test_105,0,0.1,0.20664898000991738,0.11523063678356742,0.8653487075686446
test_105,0,0.15,0.2068090688999519,0.11533020009926279,0.8781599065104307
test_105,0,0.2,0.20668832388967162,0.11525510408652227,0.9371628257502295
test_105,1,0.0,0.20672359771289958,0.11527704120193039,0.44008032991220053
test_105,1,0.01,0.20686876306233767,0.11536732995384731,0.8291173209152511
test_105,1,0.02,0.2066598334939875,0.11523738627715314,0.6412439920054401
test_105,1,0.05,0.20674937473756616,0.1152930727166535,0.7770484350700055
test_105,1,0.1,0.20662727304177708,0.11521713804148341,0.854507035654714
test_105,1,0.15,0.2066150628721982,0.11520954514266347,0.9130000201797479
test_105,1,0.2,0.2068009287868993,0.1153251371288065,0.9944188708446817
test_105,2,0.0,0.20476047378171336,0.11405746742499928,0.6119295116017915
test_105,2,0.01,0.20657164893591765,0.11518254900640659,0.7239116102396356
test_105,2,0.02,0.2067642982781626,0.11530235433057165,0.6895945368627403
test_105,2,0.05,0.20679821541588178,0.11532344948220241,0.7581763559310112
test_105,2,0.1,0.20649296117640914,0.11513362184062204,0.8421332885938625
test_105,2,0.15,0.2064291969574971,0.11509397711387993,0.903568924772219
test_105,2,0.2,0.20674394799553109,0.11528969762262141,0.932855680018802
test_105,3,0.0,0.2059719939410425,0.11480979853459078,0.6496946293415209
test_105,3,0.01,0.20671545759984697,0.11527197871408437,0.6039193541501476
test_105,3,0.02,0.20677922181875902,0.11531163609897667,0.7059739540563477
test_105,3,0.05,0.20660963613016312,0.11520617055415311,0.7376061345780313
test_105,3,0.1,0.20664626663889984,0.1152289494229361,0.8626331561779749
test_105,3,0.15,0.20611987266149814,0.11490169801217923,0.8977459794126942
test_105,3,0.2,0.20648346437784776,0.1151277171281952,0.9216064577585193
test_105,4,0.0,0.2068049988434256,0.11532766860828887,0.643014238552818
test_105,4,0.01,0.20669103726068916,0.1152567915262995,0.6920666178468244
test_105,4,0.02,0.20674259131002232,0.11528885385230517,0.6439450184418111
test_105,4,0.05,0.20665305006644366,0.1152331678340882,0.7865853213498869
test_105,4,0.1,0.20649567454742668,0.11513530891280092,0.8779449182617861
test_105,4,0.15,0.20641020336037433,0.11508216859122053,0.8956629022535123
test_105,4,0.2,0.20653230505616338,0.1151580848868488,0.9220972782011775
test_105,5,0.0,0.20667068697805765,0.11524413585243667,0.6519715933499425
test_105,5,0.01,0.20504402105304573,0.11423345388856766,0.4810693251305038
test_105,5,0.02,0.20674123462451355,0.11528801008326563,0.6699128925999438
test_105,5,0.05,0.20665712012296997,0.11523569889609761,0.7313722323682146
test_105,5,0.1,0.206598782646093,0.11519942143840037,0.8590814973203055
test_105,5,0.15,0.20629759846314666,0.11501216605741835,0.893795475718741
test_105,5,0.2,0.2060262613613932,0.11484352135374089,0.9316544142544787
test_105,6,0.0,0.20646854083725133,0.1151184384207202,0.5837298096124394
test_105,6,0.01,0.20673309451146094,0.115282947495839,0.660339670278038
test_105,6,0.02,0.20675615816510998,0.11529729161291982,0.7068129475891852
test_105,6,0.05,0.2067751517622327,0.11530910469227225,0.737624207973934
test_105,6,0.1,0.20646854083725133,0.1151184384207202,0.8573782453504102
test_105,6,0.15,0.20676565496367136,0.11530319812131556,0.8873148858486178
test_105,6,0.2,0.20584989224525346,0.11473392965032353,0.9376409664282228
test_105,7,0.0,0.20657300562142641,0.11518339261588087,0.5724907122388665
test_105,7,0.01,0.20679007530282917,0.1153183865730338,0.7153080114141473
test_105,7,0.02,0.2068009287868993,0.1153251371288065,0.7453689419936026
test_105,7,0.05,0.2068497694652149,0.11535551564105397,0.8304362056906067
test_105,7,0.1,0.2068049988434256,0.11532766860828887,0.8297232054909867
test_105,7,0.15,0.2066734003490752,0.115245823259023,0.8889560637467213
test_105,7,0.2,0.2066557634374612,0.11523485520748462,0.9232570035424573
test_105,8,0.0,0.20680635552893437,0.11532851243733667,0.7030600211237399
test_105,8,0.01,0.20681449564198698,0.11533357543843721,0.8360180462712818
test_105,8,0.02,0.206697820688233,0.11526101014808303,0.5493504729135334
test_105,8,0.05,0.2066598334939875,0.11523738627715314,0.7894862433299469
test_105,8,0.1,0.20680635552893437,0.11532851243733667,0.8358235916713855
test_105,8,0.15,0.20608188546725267,0.11487808936080104,0.9133255305562168
test_105,8,0.2,0.20527194421851863,0.11437495700658488,0.9183650746346992
test_105,9,0.0,0.20570879695234168,0.11464627179966051,0.5640177906895131
test_105,9,0.01,0.2055839818855351,0.11456873980737113,0.5408277312440606
test_105,9,0.02,0.20678736193181163,0.11531669894685874,0.7115149639023
test_105,9,0.05,0.20671952765637328,0.11527450995226243,0.7897248878559511
test_105,9,0.1,0.2068049988434256,0.11532766860828887,0.8444503736486861
test_105,9,0.15,0.20680771221444313,0.11532935626766132,0.8813530308284372
test_105,9,0.2,0.20680771221444313,0.11532935626766132,0.9322780883507887
test_108,0,0.0,0.06302314130969966,0.03253685815963396,0.7998240659483684
test_108,0,0.01,0.10592952099599072,0.055926916221033865,0.35694955137824647
test_108,0,0.02,0.11451079693324892,0.06073267178989778,0.3671909108454521
test_108,0,0.05,0.1502426672293733,0.08122290668491901,0.5125039645405037
test_108,0,0.1,0.1502426672293733,0.08122290668491901,0.854208782903813
test_108,0,0.15,0.2398536962791025,0.13626918158567775,0.8868234109176392
test_108,0,0.2,0.1502426672293733,0.08122290668491901,0.9755408226679088
test_108,1,0.0,0.3664626855173384,0.22433689286944541,0.1933493308230612
test_108,1,0.01,0.3065344306112401,0.18101013457384948,0.7204412668288932
test_108,1,0.02,0.16824927903214462,0.09185162429920897,0.2694990017837661
test_108,1,0.05,0.21889287472743899,0.12289708553826711,0.38535400998860936
test_108,1,0.1,0.20285573609059576,0.11287671232876713,0.6174109694896247
test_108,1,0.15,0.17725258493353027,0.09724473257698542,0.9138589465253427
test_108,1,0.2,0.3661813322079201,0.22412605476149475,0.9990594690685286
test_108,2,0.0,0.08792290919321938,0.04598293113596233,0.2838046793254548
test_108,2,0.01,0.10550749103186326,0.05569169079973268,0.5786043736842212
test_108,2,0.02,0.14123936132798762,0.07598577158858699,0.4157531521690036
test_108,2,0.05,0.1502426672293733,0.08122290668491901,0.66058277150369
test_108,2,0.1,0.14278680452978829,0.07688229056203605,0.8201999399337125
test_108,2,0.15,0.17725258493353027,0.09724473257698542,0.8923193237335627
test_108,2,0.2,0.18625589083491595,0.10269138292096487,0.9237198741858401
test_108,3,0.0,0.15052402053879158,0.08138738875789153,0.2528554451274382
test_108,3,0.01,0.17725258493353027,0.09724473257698542,0.23534618923154957
test_108,3,0.02,0.15924597313075894,0.08651127244936951,0.41233165795972876
test_108,3,0.05,0.16824927903214462,0.09185162429920897,0.3340586748679215
test_108,3,0.1,0.18625589083491595,0.10269138292096487,0.6524346800057893
test_108,3,0.15,0.17725258493353027,0.09724473257698542,0.7669736135902432
test_108,3,0.2,0.22648941408173315,0.12770682953914492,0.8774139111404539
test_108,4,0.0,0.15924597313075894,0.08651127244936951,0.35951169325687543
test_108,4,0.01,0.16824927903214462,0.09185162429920897,0.25747124260918064
test_108,4,0.02,0.11549553351621299,0.06128695132875485,0.3024332716123834
test_108,4,0.05,0.15080537384820988,0.08155192088246481,0.3637580623669629
test_108,4,0.1,0.16824927903214462,0.09185162429920897,0.6898989205227344
test_108,4,0.15,0.16824927903214462,0.09185162429920897,0.8933708693964708
test_108,4,0.2,0.16824927903214462,0.09185162429920897,0.9645098949741047
test_108,5,0.0,0.16853063234156293,0.09201935632537062,0.26708872325587835
test_108,5,0.01,0.1662798058662165,0.09067894131185271,0.24734192681542957
test_108,5,0.02,0.15952732644017725,0.08667736757624397,0.49150019308880616
test_108,5,0.05,0.16824927903214462,0.09185162429920897,0.4290741657964987
test_108,5,0.1,0.16824927903214462,0.09185162429920897,0.8301465987055808
test_108,5,0.15,0.16824927903214462,0.09185162429920897,0.876572164305893
test_108,5,0.2,0.17725258493353027,0.09724473257698542,0.9434040945695518
test_108,6,0.0,0.15052402053879158,0.08138738875789153,0.2597541204955614
test_108,6,0.01,0.17725258493353027,0.09724473257698542,0.2687488226652565
test_108,6,0.02,0.1952591967363016,0.10819237664665991,0.27519565552787717
test_108,6,0.05,0.27910248294295564,0.16218425570179024,0.37618094054200146
test_108,6,0.1,0.16824927903214462,0.09185162429920897,0.6818652009613575
test_108,6,0.15,0.22648941408173315,0.12770682953914492,0.773604506811391
test_108,6,0.2,0.20426250263768728,0.11374853113983549,0.9420791534130905
test_108,7,0.0,0.14152071463740593,0.07614866399212777,0.2777070221351883
test_108,7,0.01,0.2945769149609622,0.17272952239544667,0.27805849417659706
test_108,7,0.02,0.1952591967363016,0.10819237664665991,0.38586080588134847
test_108,7,0.05,0.27206865020749804,0.15745339086542376,0.6078527160281263
test_108,7,0.1,0.22325385102342266,0.12565320665083135,0.826349807625956
test_108,7,0.15,0.1952591967363016,0.10819237664665991,0.8610735868283812
test_108,7,0.2,0.1952591967363016,0.10819237664665991,0.9272303208019652
test_108,8,0.0,0.23225715692480833,0.1313862804392806,0.28326649972230306
test_108,8,0.01,0.1502426672293733,0.08122290668491901,0.8807696717855414
test_108,8,0.02,0.14123936132798762,0.07598577158858699,0.22605469730855776
test_108,8,0.05,0.16824927903214462,0.09185162429920897,0.5340757046050331
test_108,8,0.1,0.2398536962791025,0.13626918158567775,0.7921017595460038
test_108,8,0.15,0.18625589083491595,0.10269138292096487,0.9284267290793995
test_108,8,0.2,0.15052402053879158,0.08138738875789153,0.9731800277037457
test_108,9,0.0,0.07948230991067032,0.04138587752710226,0.43953084175658547
test_108,9,0.01,0.11507350355208554,0.06104933203970445,0.2930750574107503
test_108,9,0.02,0.1502426672293733,0.08122290668491901,0.4001319103111599
test_108,9,0.05,0.17725258493353027,0.09724473257698542,0.45567546439478473
test_108,9,0.1,0.2547654216782725,0.1459777527003063,0.5748388387389504
test_108,9,0.15,0.28557360905957657,0.1665709362435382,0.8517646169853629
test_108,9,0.2,0.24632482239572343,0.14046205679448098,0.9594846102383108
test_110,0,0.0,0.0011588324762801477,0.00057975215595333,0.20795619854926153
test_110,0,0.01,0.0011588324762801477,0.00057975215595333,0.39299576180874835
test_110,0,0.02,0.0011588324762801477,0.00057975215595333,0.9000861376078049
test_110,0,0.05,0.0014847541102339394,0.0007429285882544802,0.9920869680413925
test_110,0,0.1,0.0014847541102339394,0.0007429285882544802,0.9979750919426515
test_110,0,0.15,0.004635329905120591,0.0023230490018148822,0.9977619891106626
test_110,0,0.2,0.004925038024190628,0.002468597981558121,0.9973225171636657
test_110,1,0.0,0.006047656985587021,0.003032999763898222,0.9735616566848617
test_110,1,0.01,0.0,0.0,0.9858915085835249
test_110,1,0.02,0.0040197001520967625,0.0020138977085109857,0.9756517279881285
test_110,1,0.05,0.004635329905120591,0.0023230490018148822,0.966247091495171
test_110,1,0.1,0.0024263054972115594,0.0012146262758108083,0.9946263030719799
test_110,1,0.15,0.0014847541102339394,0.0007429285882544802,0.9959720937826925
test_110,1,0.2,0.0021003838632577677,0.0010512959941997462,0.99983647779578
test_110,2,0.0,0.0011588324762801477,0.00057975215595333,0.03394802012570731
test_110,2,0.01,0.0011588324762801477,0.00057975215595333,0.6152606205077145
test_110,2,0.02,0.004816397479539364,0.002414012160813141,0.9613492008621213
test_110,2,0.05,0.0026073730716303324,0.0013053883530350279,0.9937306183922715
test_110,2,0.1,0.005142319113493156,0.002577787459608612,0.9982873760334021
test_110,2,0.15,0.005287173173028174,0.0026505936603609163,0.996427885363562
test_110,2,0.2,0.007568624610704715,0.0037986877260582706,0.9947846561645249
test_110,3,0.0,0.0011588324762801477,0.00057975215595333,0.2278826294397313
test_110,3,0.01,0.0021003838632577677,0.0010512959941997462,0.909757679080551
test_110,3,0.02,0.0,0.0,0.9391462863343746
test_110,3,0.05,0.0024263054972115594,0.0012146262758108083,0.9843933661940139
test_110,3,0.1,0.006373578619540812,0.0031969774031824455,0.9867057003818304
test_110,3,0.15,0.006373578619540812,0.0031969774031824455,0.9849282290331955
test_110,3,0.2,0.006192511045122039,0.00310587209619122,0.9887708184384661
test_110,4,0.0,0.0013399000506989207,0.0006703991592832165,0.9041887882754335
test_110,4,0.01,0.002752227131165351,0.0013780098636495502,0.6020899389567471
test_110,4,0.02,0.0013399000506989207,0.0006703991592832165,0.9386156350136117
test_110,4,0.05,0.00329542985442167,0.0016504343725628888,0.9690478565316024
test_110,4,0.1,0.005287173173028174,0.0026505936603609163,0.9924335760072559
test_110,4,0.15,0.006446005649308322,0.0032334241598546776,0.9937631523720564
test_110,4,0.2,0.004852610994423119,0.0024322067738773733,0.9969532722863015
test_110,5,0.0,0.0011588324762801477,0.00057975215595333,0.5723995764082198
test_110,5,0.01,0.0,0.0,0.9230062737222653
test_110,5,0.02,0.0013399000506989207,0.0006703991592832165,0.9566135589761541
test_110,5,0.05,0.004490475845585573,0.0022502903600464578,0.99093659178531
test_110,5,0.1,0.004852610994423119,0.0024322067738773733,0.995108521930927
test_110,5,0.15,0.005576881292098211,0.002796237789156408,0.9971483708770502
test_110,5,0.2,0.005576881292098211,0.002796237789156408,0.9944883758437656
test_110,6,0.0,0.003186789309770406,0.0015959376133478419,0.3150792492030964
test_110,6,0.01,0.0013399000506989207,0.0006703991592832165,0.8650647297568592
test_110,6,0.02,0.0038386325776779895,0.001923007147781285,0.9441140881731755
test_110,6,0.05,0.0028970811907003693,0.0014506419090447524,0.9822650753610969
test_110,6,0.1,0.005576881292098211,0.002796237789156408,0.9933799041959498
test_110,6,0.15,0.0038386325776779895,0.001923007147781285,0.9950967296793546
test_110,6,0.2,0.005576881292098211,0.002796237789156408,0.9934221246680978
test_110,7,0.0,0.0011588324762801477,0.00057975215595333,0.8091491367267944
test_110,7,0.01,0.0021003838632577677,0.0010512959941997462,0.9843646225808059
test_110,7,0.02,0.0,0.0,0.942387892061289
test_110,7,0.05,0.0013036865358151662,0.0006522684447021307,0.9889764458252618
test_110,7,0.1,0.0,0.0,0.9969871750095725
test_110,7,0.15,0.00564930832186572,0.002832655432887856,0.9979521391672693
test_110,7,0.2,0.006446005649308322,0.0032334241598546776,0.9976224825630414
test_110,8,0.0,0.0011588324762801477,0.00057975215595333,0.9341862758046483
test_110,8,0.01,0.0,0.0,0.9329734637880078
test_110,8,0.02,0.0,0.0,0.9917887925373448
test_110,8,0.05,0.003983486637213008,0.00199571827715084,0.9785065057482805
test_110,8,0.1,0.0,0.0,0.9960897004345362
test_110,8,0.15,0.003983486637213008,0.00199571827715084,0.9949003676330802
test_110,8,0.2,0.0024263054972115594,0.0012146262758108083,0.9942815902894049
test_110,9,0.0,0.0011588324762801477,0.00057975215595333,0.39662859127477484
test_110,9,0.01,0.0013399000506989207,0.0006703991592832165,0.6337659271517562
test_110,9,0.02,0.003186789309770406,0.0015959376133478419,0.842289259300083
test_110,9,0.05,0.005576881292098211,0.002796237789156408,0.9804595974149773
test_110,9,0.1,0.007315130006518433,0.003670991894740668,0.9822488610151847
test_110,9,0.15,0.004599116390236836,0.002304858351028112,0.9915182024789398
test_110,9,0.2,0.0050698920837256465,0.002541388324135928,0.9973304137607009
test_113,0,0.0,0.1832071813215748,0.10084098717147269,0.3942547838057084
test_113,0,0.01,0.24885638084883843,0.14211077728134458,0.4083098409236928
test_113,0,0.02,0.21953119501831003,0.12329965815973264,0.4479866241098165
test_113,0,0.05,0.32861486789833744,0.19661229574605865,0.6325968625160419
test_113,0,0.1,0.3322307671773417,0.1992066771822198,0.8346359903007511
test_113,0,0.15,0.3334101813045873,0.20005533309064433,0.8635816637315665
test_113,0,0.2,0.33241034875227204,0.19933581891897398,0.9239297519051475
test_113,1,0.0,0.3324346165326681,0.19935327263836822,0.4018297618716044
test_113,1,0.01,0.33333252440732014,0.1999994175735532,0.7840844535134762
test_113,1,0.02,0.3297700142451871,0.19743988376316746,0.4852719633116246
test_113,1,0.05,0.3332014783931817,0.19990507195313,0.66727529196477
test_113,1,0.1,0.3329685077013801,0.19973738303063476,0.7801341450032614
test_113,1,0.15,0.3313716877513232,0.1985892755857415,0.8646318666989209
test_113,1,0.2,0.33333252440732014,0.1999994175735532,0.9965348317601394
test_113,2,0.0,0.29804231815545457,0.17511734947043023,0.39871483274455494
test_113,2,0.01,0.2810548718782534,0.16350427205629062,0.5283975859166635
test_113,2,0.02,0.31926206533371837,0.1899535071760663,0.5627038051854443
test_113,2,0.05,0.3329685077013801,0.19973738303063476,0.6524081539200185
test_113,2,0.1,0.3243049101000075,0.19353455891510815,0.8321623980655404
test_113,2,0.15,0.3326627336683905,0.1995173624351947,0.8761518359867467
test_113,2,0.2,0.3329685077013801,0.19973738303063476,0.8684607252622212
test_113,3,0.0,0.3240476716278099,0.19335136575307554,0.4775612274264724
test_113,3,0.01,0.3314202233121152,0.19862414008755472,0.46690594682583664
test_113,3,0.02,0.33018256651191913,0.19773572840367398,0.573255617007279
test_113,3,0.05,0.33238122741579684,0.1993148751262417,0.617306345024369
test_113,3,0.1,0.3327695119021329,0.1995941858535634,0.761687110511431
test_113,3,0.15,0.33192984670043124,0.1989903398510242,0.8113742154853459
test_113,3,0.2,0.3323423989671633,0.19928695120708975,0.8508794069529018
test_113,4,0.0,0.27843395159548523,0.1617329476574702,0.49629596060811704
test_113,4,0.01,0.32777520269663574,0.1960114472798198,0.49570720578931843
test_113,4,0.02,0.30391997456736614,0.17918964318316444,0.4538382613363417
test_113,4,0.05,0.33230842407460887,0.19926251884447704,0.6405432544530116
test_113,4,0.1,0.33222591362126247,0.199203187250996,0.7632617984652701
test_113,4,0.15,0.3323132776306881,0.19926600912104447,0.8254792602506857
test_113,4,0.2,0.33209486760712403,0.19910896678558748,0.8915093975480995
test_113,5,0.0,0.30837068549199287,0.1822921149730012,0.4695061264845657
test_113,5,0.01,0.2645964632136851,0.15246970379216507,0.38000717406461243
test_113,5,0.02,0.32446993100670035,0.19365210867367483,0.5631908893422531
test_113,5,0.05,0.3304009765354831,0.19789241122690737,0.6284671019480553
test_113,5,0.1,0.3328229010190041,0.1996326012529986,0.8253047401704536
test_113,5,0.15,0.3328326081311625,0.19963958613542013,0.8582770136390507
test_113,5,0.2,0.33035244097469113,0.1978575892792256,0.8964639799848305
test_113,6,0.0,0.2424788081607692,0.13796636381210128,0.36741095480305075
test_113,6,0.01,0.32646959611133086,0.195078377633735,0.47338322595317595
test_113,6,0.02,0.33067277567591835,0.19808745155390928,0.5136430613590679
test_113,6,0.05,0.33335679218771613,0.20001689061289626,0.6516409231640029
test_113,6,0.1,0.32752281778051734,0.1958309633533379,0.7988464274121473
test_113,6,0.15,0.3327161227852617,0.1995557729143742,0.8218332958544816
test_113,6,0.2,0.33075043257318554,0.19814318902777656,0.8985089011722179
test_113,7,0.0,0.27200298979054477,0.15740940996048053,0.3958715476929328
test_113,7,0.01,0.3334926917579337,0.2001147490374478,0.617023064564434
test_113,7,0.02,0.3317405580133424,0.19885429667839136,0.5972664359115221
test_113,7,0.05,0.33315779638846893,0.1998736267096064,0.7775854942348687
test_113,7,0.1,0.33345386330930016,0.20008678785901923,0.7923998703948989
test_113,7,0.15,0.3328520223554793,0.19965355614428368,0.8237162837793164
test_113,7,0.2,0.3329442399209841,0.1997199181299149,0.8736005651052862
test_113,8,0.0,0.3327258298974201,0.19956275690215303,0.5942296221162338
test_113,8,0.01,0.3277121064676062,0.1959663211908901,0.7401863085515198
test_113,8,0.02,0.32798390560804136,0.19616073476093854,0.4328286021397563
test_113,8,0.05,0.33281804746292487,0.19962910884228974,0.6813562419648377
test_113,8,0.1,0.3333179637390825,0.19998893399418743,0.7823129488309445
test_113,8,0.15,0.33239093452795526,0.19932185630921023,0.8652931626873654
test_113,8,0.2,0.32314491019707864,0.1927089061912067,0.9034927672255907
test_113,9,0.0,0.21116366433776868,0.11804526782468079,0.2742666544840859
test_113,9,0.01,0.2925238248934038,0.17131941819050084,0.42982040408915134
test_113,9,0.02,0.30378407499714855,0.17909516737772513,0.5289936359522395
test_113,9,0.05,0.3328131939068457,0.1996256164519153,0.6753572619093147
test_113,9,0.1,0.3331772106127857,0.19988760216991874,0.7628681136331188
test_113,9,0.15,0.33345386330930016,0.20008678785901923,0.8389673968254379
test_113,9,0.2,0.33337135285595376,0.20002737468075008,0.9188043997461053
test_114,0,0.0,0.20864048571957589,0.11647047064328973,0.1600815432617823
test_114,0,0.01,0.23665400415482313,0.1342073561923927,0.2338490251699805
test_114,0,0.02,0.18159954585870752,0.09986774114861553,0.25743252007490824
test_114,0,0.05,0.2941053192723159,0.17240532055991833,0.5114529823384713
test_114,0,0.1,0.2978287895466115,0.17496993705309008,0.8597428175677685
test_114,0,0.15,0.3298424951727141,0.19749184985210344,0.8661558091006448
test_114,0,0.2,0.32215546200534306,0.19200554920921342,0.9383962280781585
test_114,1,0.0,0.3109321494189962,0.18408505573772072,0.15947048879132159
test_114,1,0.01,0.33236550235311113,0.19930356611241526,0.7634560237190434
test_114,1,0.02,0.2946668918382752,0.17279139801367804,0.38139449638680906
test_114,1,0.05,0.3229449190908222,0.192566674027036,0.48966864667973786
test_114,1,0.1,0.32679860909055763,0.1953133740302065,0.7979102684908261
test_114,1,0.15,0.3203323858491852,0.19071177127573233,0.8787807152948165
test_114,1,0.2,0.3315150047713321,0.19869223020845783,0.9984876731861149
test_114,2,0.0,0.2740677590202593,0.1587940433076807,0.2419375313113509
test_114,2,0.01,0.24559847154597264,0.13998988690028855,0.2777789293234104
test_114,2,0.02,0.30741214746570034,0.1816225651185044,0.3577363913795315
test_114,2,0.05,0.3204300506432651,0.19078100960664834,0.46077727671233504
test_114,2,0.1,0.3154857704429709,0.18728590409469742,0.8234872969511433
test_114,2,0.15,0.32390122019952106,0.1932470950417838,0.9018210002752399
test_114,2,0.2,0.32882922293413525,0.19676578088055888,0.8904108201243239
test_114,3,0.0,0.31570144686323065,0.18743793745786996,0.30861787241841265
test_114,3,0.01,0.28870120066656224,0.16870297623010852,0.3184196643751067
test_114,3,0.02,0.3087306221857788,0.18254373090156636,0.3228815803135729
test_114,3,0.05,0.31678796769736933,0.18820443391436792,0.4486833344076316
test_114,3,0.1,0.329065246186495,0.19693482671030874,0.7192009696970819
test_114,3,0.15,0.32372623744346124,0.19312253444194938,0.8345534290313115
test_114,3,0.2,0.32832055213163586,0.19640162026894128,0.878513822284317
test_114,4,0.0,0.24338066684707524,0.13855060242917605,0.2156547431898666
test_114,4,0.01,0.2607812776589749,0.1499416228155351,0.29500015547021025
test_114,4,0.02,0.24834122451304944,0.14177488674642816,0.24762510905275517
test_114,4,0.05,0.32055620100228494,0.19087045436923317,0.5047383251030174
test_114,4,0.1,0.3243814054370805,0.19358904615265055,0.7565636729875508
test_114,4,0.15,0.32788106055827637,0.19608716391176528,0.8513491936522157
test_114,4,0.2,0.32209849087546316,0.1919650760928879,0.9124243531795362
test_114,5,0.0,0.2740962445851993,0.15881316888340827,0.2622308240128239
test_114,5,0.01,0.1782789428599914,0.0978629204296944,0.15846331540360645
test_114,5,0.02,0.28935229929376144,0.16914780242261615,0.298923951399969
test_114,5,0.05,0.3112007276027159,0.184273366698554,0.4682346584924911
test_114,5,0.1,0.32747819328269684,0.19579905742780465,0.8259380662097545
test_114,5,0.15,0.32764503730591665,0.1959183574150408,0.8749790017513749
test_114,5,0.2,0.3219804792492833,0.19188124766584053,0.91822141450578
test_114,6,0.0,0.23588896326786402,0.1337154852252543,0.23376831724771555
test_114,6,0.01,0.2765663500021364,0.1604740339162342,0.275964676713046
test_114,6,0.02,0.29192820823761845,0.17091097086522816,0.2672554024252757
test_114,6,0.05,0.3220496584784232,0.19193038703778706,0.4712350882619631
test_114,6,0.1,0.3039979490393243,0.17924385696770184,0.8010318987305118
test_114,6,0.15,0.32628993828805825,0.19495009664595972,0.8183965244357286
test_114,6,0.2,0.3189488012663868,0.1897317592151034,0.9267539276088208
test_114,7,0.0,0.22716831102981422,0.12813867917815325,0.16502567832680015
test_114,7,0.01,0.33071740895301305,0.198119486015597,0.41371420181706603
test_114,7,0.02,0.28561255155378584,0.1665974350270953,0.34784928033923174
test_114,7,0.05,0.3297285529129542,0.19741015958094774,0.7317845014272014
test_114,7,0.1,0.33006631032581385,0.1976523453396594,0.7493276773469576
test_114,7,0.15,0.3270671872742773,0.19550527360473263,0.8324879815170884
test_114,7,0.2,0.3281333612763161,0.19626766494175377,0.8982535236488681
test_114,8,0.0,0.3141672957228924,0.1863573383799128,0.3371567531180777
test_114,8,0.01,0.2969375983006326,0.1743550899863324,0.6060522423220926
test_114,8,0.02,0.28130716188143084,0.16367506493444994,0.29520503717983754
test_114,8,0.05,0.3168327307279893,0.18823603364448926,0.596526338920153
test_114,8,0.1,0.33004596349371385,0.1976377530630745,0.7358466069995803
test_114,8,0.15,0.32611902489841843,0.19482808500086304,0.887345884491287
test_114,8,0.2,0.3112129357019759,0.18428192771084337,0.9164974953020093
test_114,9,0.0,0.26457799652883046,0.1524574403226563,0.16869439892184523
test_114,9,0.01,0.2584291838682176,0.14838855903787873,0.24098160984804629
test_114,9,0.02,0.2799276466650525,0.16274178590355062,0.37315848347773994
test_114,9,0.05,0.31448470630365205,0.1865807492105187,0.6095745144487631
test_114,9,0.1,0.32937451803441464,0.19715640733965514,0.7286080915986916
test_114,9,0.15,0.3298465645391341,0.19749476756793635,0.8531161503618336
test_114,9,0.2,0.32943555853071455,0.19720015005285954,0.9428963183851015
test_116,0,0.0,0.00683775113962519,0.003430604379314726,0.3776533296140459
test_116,0,0.01,0.00683775113962519,0.003430604379314726,0.4916632562618793
test_116,0,0.02,0.005487084247847374,0.0027510898548271045,0.8525275996458784
test_116,0,0.05,0.00464291744048624,0.0023268604306807125,0.9876744023642106
test_116,0,0.1,0.005740334290055715,0.0028784287165594313,0.9947403187255447
test_116,0,0.15,0.00464291744048624,0.0023268604306807125,0.9893759424954821
test_116,0,0.2,0.003545500590916765,0.0017758985200845665,0.9953295323218995
test_116,1,0.0,0.008694918115819687,0.004366441985671287,0.9623455364229577
test_116,1,0.01,0.003545500590916765,0.0017758985200845665,0.9270296045763763
test_116,1,0.02,0.00683775113962519,0.003430604379314726,0.9556502019568074
test_116,1,0.05,0.00683775113962519,0.003430604379314726,0.6960810506949636
test_116,1,0.1,0.004980584163430694,0.00249650911860534,0.9815794338022324
test_116,1,0.15,0.00683775113962519,0.003430604379314726,0.9823044499802392
test_116,1,0.2,0.00464291744048624,0.0023268604306807125,0.9994991014071455
test_116,2,0.0,0.007597501266250211,0.003813236166426574,0.15888030779232523
test_116,2,0.01,0.007597501266250211,0.003813236166426574,0.3670435641464418
test_116,2,0.02,0.007597501266250211,0.003813236166426574,0.9487160803165033
test_116,2,0.05,0.007597501266250211,0.003813236166426574,0.9758901304371138
test_116,2,0.1,0.003545500590916765,0.0017758985200845665,0.9979791347875266
test_116,2,0.15,0.003545500590916765,0.0017758985200845665,0.9850871831204372
test_116,2,0.2,0.003545500590916765,0.0017758985200845665,0.9771405829511445
test_116,3,0.0,0.00683775113962519,0.003430604379314726,0.36511645116408153
test_116,3,0.01,0.003545500590916765,0.0017758985200845665,0.6991344596394807
test_116,3,0.02,0.007597501266250211,0.003813236166426574,0.9227242909944149
test_116,3,0.05,0.008019584669930779,0.004025935500275459,0.9381104679218626
test_116,3,0.1,0.007175417862569644,0.0036006269326894565,0.9628849131437535
test_116,3,0.15,0.009117001519500253,0.004579375848032564,0.9355724466193464
test_116,3,0.2,0.007175417862569644,0.0036006269326894565,0.9746729025067893
test_116,4,0.0,0.00852608475434746,0.004281293713704379,0.6114000672287786
test_116,4,0.01,0.007597501266250211,0.003813236166426574,0.4371334372966643
test_116,4,0.02,0.007597501266250211,0.003813236166426574,0.8135265851698076
test_116,4,0.05,0.00683775113962519,0.003430604379314726,0.9562677610021982
test_116,4,0.1,0.005740334290055715,0.0028784287165594313,0.9913818476942713
test_116,4,0.15,0.007597501266250211,0.003813236166426574,0.9829474502278386
test_116,4,0.2,0.00683775113962519,0.003430604379314726,0.9900436869260514
test_116,5,0.0,0.007597501266250211,0.003813236166426574,0.3642525829452539
test_116,5,0.01,0.00683775113962519,0.003430604379314726,0.8983784545193204
test_116,5,0.02,0.007597501266250211,0.003813236166426574,0.8468192444215716
test_116,5,0.05,0.00903258483876414,0.004536781852872589,0.9868322869541206
test_116,5,0.1,0.007175417862569644,0.0036006269326894565,0.9888212313514375
test_116,5,0.15,0.007175417862569644,0.0036006269326894565,0.9935994144018457
test_116,5,0.2,0.005740334290055715,0.0028784287165594313,0.9823937846126519
test_116,6,0.0,0.007597501266250211,0.003813236166426574,0.35958856583763305
test_116,6,0.01,0.007597501266250211,0.003813236166426574,0.2280555174467079
test_116,6,0.02,0.007935167989194665,0.00398338842274769,0.37776996416663666
test_116,6,0.05,0.007597501266250211,0.003813236166426574,0.8928287873416659
test_116,6,0.1,0.004980584163430694,0.00249650911860534,0.9796702981077342
test_116,6,0.15,0.005740334290055715,0.0028784287165594313,0.9692953990810667
test_116,6,0.2,0.00683775113962519,0.003430604379314726,0.9756866008194455
test_116,7,0.0,0.007597501266250211,0.003813236166426574,0.41662832203854266
test_116,7,0.01,0.003545500590916765,0.0017758985200845665,0.8456521437914891
test_116,7,0.02,0.00683775113962519,0.003430604379314726,0.7132590317450803
test_116,7,0.05,0.003545500590916765,0.0017758985200845665,0.910145475220262
test_116,7,0.1,0.00464291744048624,0.0023268604306807125,0.9693821779762711
test_116,7,0.15,0.003545500590916765,0.0017758985200845665,0.9814600111726873
test_116,7,0.2,0.003545500590916765,0.0017758985200845665,0.9863502981506356
test_116,8,0.0,0.00683775113962519,0.003430604379314726,0.5271629107627658
test_116,8,0.01,0.00683775113962519,0.003430604379314726,0.7855901702569893
test_116,8,0.02,0.0032922505487084247,0.001648839470680252,0.990346774124965
test_116,8,0.05,0.007175417862569644,0.0036006269326894565,0.9550361280076095
test_116,8,0.1,0.00464291744048624,0.0023268604306807125,0.9678672066611955
test_116,8,0.15,0.007175417862569644,0.0036006269326894565,0.9825894146789496
test_116,8,0.2,0.00464291744048624,0.0023268604306807125,0.9827332329818452
test_116,9,0.0,0.0040520006753334455,0.002030113347995263,0.7109876783862613
test_116,9,0.01,0.007597501266250211,0.003813236166426574,0.7356036098163095
test_116,9,0.02,0.007597501266250211,0.003813236166426574,0.803024538217034
test_116,9,0.05,0.007175417862569644,0.0036006269326894565,0.9544582990588183
test_116,9,0.1,0.005740334290055715,0.0028784287165594313,0.928504613455106
test_116,9,0.15,0.003545500590916765,0.0017758985200845665,0.9530441631935921
test_116,9,0.2,0.003545500590916765,0.0017758985200845665,0.9912157247757407
test_117,0,0.0,0.011593526299408652,0.00583056153394639,0.4379638517067218
test_117,0,0.01,0.01330532212885154,0.0066972153683468455,0.2191852523574755
test_117,0,0.02,0.01330532212885154,0.0066972153683468455,0.40428355982682757
test_117,0,0.05,0.01104886399004046,0.00555512088256005,0.7624532207723986
test_117,0,0.1,0.01104886399004046,0.00555512088256005,0.990274111312054
test_117,0,0.15,0.012994086523498288,0.0065395308767670435,0.9171275380816633
test_117,0,0.2,0.01330532212885154,0.0066972153683468455,0.9842770005314785
test_117,1,0.0,0.012994086523498288,0.0065395308767670435,0.49827689549789356
test_117,1,0.01,0.0,0.0,0.8969762103865647
test_117,1,0.02,0.010893246187363835,0.00547645125958379,0.23473698304416074
test_117,1,0.05,0.012994086523498288,0.0065395308767670435,0.9521044714674968
test_117,1,0.1,0.010893246187363835,0.00547645125958379,0.9172806154129545
test_117,1,0.15,0.010893246187363835,0.00547645125958379,0.8821205184710025
test_117,1,0.2,0.0,0.0,0.99801507260776
test_117,2,0.0,0.009337068160597572,0.004690431519699813,0.20545125026285083
test_117,2,0.01,0.011593526299408652,0.00583056153394639,0.5756664317963217
test_117,2,0.02,0.010893246187363835,0.00547645125958379,0.7688467448900382
test_117,2,0.05,0.010893246187363835,0.00547645125958379,0.887021984436932
test_117,2,0.1,0.009337068160597572,0.004690431519699813,0.8738396158631959
test_117,2,0.15,0.010893246187363835,0.00547645125958379,0.9929936068999765
test_117,2,0.2,0.013149704326174915,0.006618366947327198,0.9801137113093029
test_117,3,0.0,0.011749144102085279,0.005909286580831996,0.25778084526462036
test_117,3,0.01,0.013694366635543105,0.006894390473205891,0.23447433260246855
test_117,3,0.02,0.012994086523498288,0.0065395308767670435,0.6249832768074668
test_117,3,0.05,0.010893246187363835,0.00547645125958379,0.587429915598807
test_117,3,0.1,0.012994086523498288,0.0065395308767670435,0.936882394913455
test_117,3,0.15,0.012994086523498288,0.0065395308767670435,0.9536815534056213
test_117,3,0.2,0.010893246187363835,0.00547645125958379,0.9780309161733651
test_117,4,0.0,0.010893246187363835,0.00547645125958379,0.8347581275487788
test_117,4,0.01,0.009337068160597572,0.004690431519699813,0.6554725304896699
test_117,4,0.02,0.009337068160597572,0.004690431519699813,0.8009871167844628
test_117,4,0.05,0.010893246187363835,0.00547645125958379,0.9105878397818323
test_117,4,0.1,0.012994086523498288,0.0065395308767670435,0.9450721759531424
test_117,4,0.15,0.010893246187363835,0.00547645125958379,0.9799418228967144
test_117,4,0.2,0.013149704326174915,0.006618366947327198,0.9893975264288463
test_117,5,0.0,0.009337068160597572,0.004690431519699813,0.4072194116127908
test_117,5,0.01,0.004357298474945534,0.002183406113537118,0.2931020156855711
test_117,5,0.02,0.012994086523498288,0.0065395308767670435,0.46212915926158843
test_117,5,0.05,0.012994086523498288,0.0065395308767670435,0.8847566010073007
test_117,5,0.1,0.012994086523498288,0.0065395308767670435,0.9682361529679411
test_117,5,0.15,0.01104886399004046,0.00555512088256005,0.8954044208627502
test_117,5,0.2,0.013149704326174915,0.006618366947327198,0.927690391676941
test_117,6,0.0,0.0,0.0,0.3346942656170012
test_117,6,0.01,0.01104886399004046,0.00555512088256005,0.6203284258431327
test_117,6,0.02,0.012994086523498288,0.0065395308767670435,0.5043190493263461
test_117,6,0.05,0.010893246187363835,0.00547645125958379,0.7022883070556631
test_117,6,0.1,0.004979769685652039,0.0024960998439937598,0.7712463945696635
test_117,6,0.15,0.012994086523498288,0.0065395308767670435,0.9299380570238824
test_117,6,0.2,0.010893246187363835,0.00547645125958379,0.9851700379200411
test_117,7,0.0,0.009337068160597572,0.004690431519699813,0.712591947402238
test_117,7,0.01,0.0,0.0,0.8544477496215761
test_117,7,0.02,0.009337068160597572,0.004690431519699813,0.7741400796198745
test_117,7,0.05,0.005135387488328665,0.0025743037678446056,0.9788789680402932
test_117,7,0.1,0.009337068160597572,0.004690431519699813,0.8802117402186257
test_117,7,0.15,0.010893246187363835,0.00547645125958379,0.9932773263279842
test_117,7,0.2,0.010893246187363835,0.00547645125958379,0.9942806990496609
test_117,8,0.0,0.012994086523498288,0.0065395308767670435,0.6698017422338766
test_117,8,0.01,0.009337068160597572,0.004690431519699813,0.8610197776696918
test_117,8,0.02,0.0,0.0,0.2768078225500657
test_117,8,0.05,0.013149704326174915,0.006618366947327198,0.7390864637527891
test_117,8,0.1,0.013694366635543105,0.006894390473205891,0.9747437516244573
test_117,8,0.15,0.015406162464985995,0.0077628793225123505,0.9892438163088875
test_117,8,0.2,0.011593526299408652,0.00583056153394639,0.9624308922061015
test_117,9,0.0,0.0,0.0,0.4223865506052455
test_117,9,0.01,0.01104886399004046,0.00555512088256005,0.5549808578871301
test_117,9,0.02,0.010893246187363835,0.00547645125958379,0.687114207387866
test_117,9,0.05,0.01104886399004046,0.00555512088256005,0.8542571651801751
test_117,9,0.1,0.010893246187363835,0.00547645125958379,0.8409352954683778
test_117,9,0.15,0.005135387488328665,0.0025743037678446056,0.9738603786446346
test_117,9,0.2,0.010893246187363835,0.00547645125958379,0.9863723363882813
test_121,0,0.0,0.2733573237371718,0.1583172520262447,0.21310126292649847
test_121,0,0.01,0.26855924296947886,0.15510738203371566,0.24220080618440093
test_121,0,0.02,0.2341063574570172,0.1325710404166195,0.273948367079296
test_121,0,0.05,0.2736905237904838,0.15854082223508975,0.4285342137663736
test_121,0,0.1,0.2700253232040517,0.15608628659476118,0.8465616294815964
test_121,0,0.15,0.2931494069039051,0.1717487213524382,0.9090933282552491
test_121,0,0.2,0.24676795948287353,0.14075031358090387,0.9708044672630332
test_121,1,0.0,0.2856190856990537,0.16660188136515588,0.1374234550527427
test_121,1,0.01,0.24776755964280955,0.1414010800943181,0.9223127636034655
test_121,1,0.02,0.2693589230974277,0.15564112437427802,0.2967847640405139
test_121,1,0.05,0.29421564707450354,0.1724811501347814,0.3956704596070531
test_121,1,0.1,0.26316140210582434,0.15151747688293749,0.6370985922598069
test_121,1,0.15,0.27635612421697986,0.16033249565049296,0.7982394294961681
test_121,1,0.2,0.24723443955751032,0.141053912250019,0.999711149471904
test_121,2,0.0,0.2786885245901639,0.1619047619047619,0.16455558420618938
test_121,2,0.01,0.28435292549646807,0.1657409205671004,0.293237075281207
test_121,2,0.02,0.288817806210849,0.16878261546849443,0.33389261830019634
test_121,2,0.05,0.288817806210849,0.16878261546849443,0.4514830443080318
test_121,2,0.1,0.2741570038651206,0.1588539655571859,0.685020520599716
test_121,2,0.15,0.27622284419565507,0.16024278037654155,0.8526318279526243
test_121,2,0.2,0.3009462881514061,0.17712582365861312,0.8680589184915705
test_121,3,0.0,0.29661468745835,0.1741324674308517,0.26022105707057763
test_121,3,0.01,0.266759962681594,0.15390826252451076,0.222497074310723
test_121,3,0.02,0.2818872451019592,0.16406795438678148,0.2749079429983923
test_121,3,0.05,0.2845528455284553,0.16587677725118483,0.330479086203118
test_121,3,0.1,0.29454884712781554,0.17271022194435762,0.6194260697727204
test_121,3,0.15,0.2944822071171531,0.17266440042199038,0.6903033658267033
test_121,3,0.2,0.2889510862321738,0.1688736563327621,0.8597447343494852
test_121,4,0.0,0.2859522857523657,0.16682866140507757,0.20841058138841634
test_121,4,0.01,0.2810875649740104,0.1635264014887183,0.2823681294484476
test_121,4,0.02,0.2573637211781954,0.14768642447418737,0.1918133659126159
test_121,4,0.05,0.2890177262428362,0.16891918208373904,0.3767779156237453
test_121,4,0.1,0.2692922830867653,0.15559662700704632,0.6156969310905676
test_121,4,0.15,0.2734239637478342,0.158361959164769,0.7583979669217151
test_121,4,0.2,0.27269092363054775,0.15787037037037038,0.9101761269818257
test_121,5,0.0,0.26402772224443555,0.15209213051823417,0.23362773844444049
test_121,5,0.01,0.27615620418499265,0.16019792794185866,0.23178283847169429
test_121,5,0.02,0.2734239637478342,0.158361959164769,0.32081517843599894
test_121,5,0.05,0.2783553245368519,0.1616798916198955,0.41231271215122134
test_121,5,0.1,0.2822204451552712,0.1642937502424642,0.7933808062631962
test_121,5,0.15,0.2808876449420232,0.1633910919874404,0.8120889788439503
test_121,5,0.2,0.2854858056777289,0.16651119402985073,0.8959317439903568
test_121,6,0.0,0.2731574037051846,0.15818315131401228,0.23819924675087506
test_121,6,0.01,0.2741570038651206,0.1588539655571859,0.25122958137047585
test_121,6,0.02,0.2741570038651206,0.1588539655571859,0.28716493879888777
test_121,6,0.05,0.2950153272024523,0.173031072894274,0.4217698312209985
test_121,6,0.1,0.25696388111422097,0.1474231533873681,0.6480850336427976
test_121,6,0.15,0.28135412501666,0.16370686312524235,0.7675674214796634
test_121,6,0.2,0.2630947620951619,0.1514732965009208,0.9334447004610161
test_121,7,0.0,0.27982140477142475,0.16266997249447954,0.23578922847067768
test_121,7,0.01,0.2700919632147141,0.1561308216803421,0.4282314211962554
test_121,7,0.02,0.2920165267226443,0.17097151775263364,0.32334708894876013
test_121,7,0.05,0.2651606024256964,0.1528444666384973,0.8047015112056333
test_121,7,0.1,0.2854858056777289,0.16651119402985073,0.8150892517273031
test_121,7,0.15,0.2812874850059976,0.1636617424683029,0.8240955083791942
test_121,7,0.2,0.2955484472877516,0.17339797474293311,0.9087238912371416
test_121,8,0.0,0.28675196588031454,0.16737329339919874,0.282355170805783
test_121,8,0.01,0.29548180727708917,0.17335209946047384,0.5353900241569282
test_121,8,0.02,0.21624683459949354,0.12123136698173123,0.21838352964265256
test_121,8,0.05,0.2632946821271491,0.1516058478185795,0.4703593032113839
test_121,8,0.1,0.2899506863921098,0.16955691516308796,0.7877240694846854
test_121,8,0.15,0.28401972544315607,0.1655145631067961,0.8744576532647957
test_121,8,0.2,0.26669332267093165,0.1538638985005767,0.9103968867157903
test_121,9,0.0,0.24316939890710382,0.13841368584758942,0.041224421646856566
test_121,9,0.01,0.2621618019458883,0.15085512692691158,0.20376965178199288
test_121,9,0.02,0.26336132213781155,0.1516500383729854,0.3000160652251214
test_121,9,0.05,0.2622284419565507,0.15089925988418912,0.4416224717831526
test_121,9,0.1,0.30167932826869254,0.1776339022954679,0.6850431403732956
test_121,9,0.15,0.2684926029588165,0.1550629257591502,0.9015638362073716
test_121,9,0.2,0.2927495668399307,0.1714742964206253,0.964657095446851
test_122,0,0.0,0.0630470256638481,0.0325495902580991,0.2522528694575645
test_122,0,0.01,0.036690896503980615,0.01868829337094499,0.6281556984482648
test_122,0,0.02,0.029471393957375264,0.014956085319949812,0.8709226523796295
test_122,0,0.05,0.06863472284033031,0.03553689385017154,0.9009543146975645
test_122,0,0.1,0.08089798744004352,0.04215408399896934,0.9598431842867984
test_122,0,0.15,0.09924343569203382,0.05221259658159681,0.9797505842207946
test_122,0,0.2,0.10038075458636206,0.05284256559766764,0.9750319101994889
test_122,1,0.0,0.06556890669040202,0.03389570552147239,0.6383334673819194
test_122,1,0.01,0.0717994362854176,0.03723649792275735,0.9432433123029335
test_122,1,0.02,0.06279978242595065,0.03241780682050235,0.3126252424367423
test_122,1,0.05,0.09464471146714137,0.04967299906571162,0.4735917947512629
test_122,1,0.1,0.08173861444889483,0.04261078029541412,0.9083073768343192
test_122,1,0.15,0.09790832220738763,0.05147402901263454,0.9470090758326831
test_122,1,0.2,0.07268951194184839,0.03771551724137931,0.9998303026841324
test_122,2,0.0,0.0638876526726994,0.032997905705675026,0.0831106809819899
test_122,2,0.01,0.07981011719329477,0.04156365883807169,0.3702230401402155
test_122,2,0.02,0.0813924739158384,0.042422680412371135,0.5802768853137026
test_122,2,0.05,0.09054047371804382,0.04741680694030817,0.8912980562684744
test_122,2,0.1,0.08787024674875142,0.04595412345806719,0.9599158434373869
test_122,2,0.15,0.09177668990753103,0.04809536149261467,0.9607330942459709
test_122,2,0.2,0.11229787865301884,0.059489194499017684,0.9368602827536439
test_122,3,0.0,0.08653513326410522,0.04522431259044862,0.12065086254304645
test_122,3,0.01,0.07194778222815607,0.03731630376240671,0.1770247322208385
test_122,3,0.02,0.06225584730257627,0.03212800163319468,0.8532593445799749
test_122,3,0.05,0.07560698214903823,0.039288742708841896,0.777413398768824
test_122,3,0.1,0.09988626811056718,0.05256857336178629,0.8062133677515549
test_122,3,0.15,0.09998516540572615,0.05262336039975016,0.8723404387508199
test_122,3,0.2,0.11269346783365475,0.05971126889721487,0.9284167845729352
test_122,4,0.0,0.05310784750037086,0.02727826882048156,0.8683118620245681
test_122,4,0.01,0.07644760915788953,0.03974293059125964,0.25669506553274835
test_122,4,0.02,0.07135439845720219,0.03699715406507192,0.4483267702745841
test_122,4,0.05,0.10161697077584927,0.05352817066499961,0.5127479427118807
test_122,4,0.1,0.10839143549423923,0.057301197260417214,0.8583019115822277
test_122,4,0.15,0.10977599762646492,0.05807565531313765,0.904124646366373
test_122,4,0.2,0.11709439746822925,0.06218814013341037,0.9763976168622891
test_122,5,0.0,0.05310784750037086,0.02727826882048156,0.5126131062065966
test_122,5,0.01,0.028037383177570093,0.014218009478672985,0.856268772450048
test_122,5,0.02,0.07204667952331503,0.03736951447844264,0.8564908657902535
test_122,5,0.05,0.08213420362953074,0.04282583472992136,0.9630219672465363
test_122,5,0.1,0.10611679770558276,0.0560313315926893,0.9822195684994807
test_122,5,0.15,0.1054739652870494,0.05567300916138125,0.9730320274459019
test_122,5,0.2,0.11219898135785986,0.05943369044188909,0.9744320880575453
test_122,6,0.0,0.03723483162735499,0.018970599350011337,0.23617072136089948
test_122,6,0.01,0.04796518815210404,0.024571891782348768,0.6441303944173977
test_122,6,0.02,0.06799189042179696,0.035192342146348955,0.5571082748941495
test_122,6,0.05,0.06329426890174554,0.032681407343103715,0.8374844612749606
test_122,6,0.1,0.06284923107353015,0.03244416081684748,0.9238600021635904
test_122,6,0.15,0.09108440884141819,0.047715262667081135,0.9582855125871712
test_122,6,0.2,0.09049102507046432,0.047389683032939715,0.9749600193480757
test_122,7,0.0,0.042723631508678236,0.021828103683492497,0.8051018034802772
test_122,7,0.01,0.0744202146071305,0.03864821139672838,0.6448628030456116
test_122,7,0.02,0.0665578796419918,0.03442455242966752,0.7243068585307357
test_122,7,0.05,0.0796617712505563,0.04148319814600232,0.9499538568149969
test_122,7,0.1,0.08831528457696682,0.04619762027935851,0.9757713432773065
test_122,7,0.15,0.10339712208871088,0.05451701212358232,0.973239468223262
test_122,7,0.2,0.11086386787321367,0.058684954455030885,0.9721969959992585
test_122,8,0.0,0.08554616031251545,0.044684368219857426,0.5074533735800941
test_122,8,0.01,0.08742520892053603,0.04571073995553027,0.8774472136127317
test_122,8,0.02,0.02971863719527271,0.015083448362404316,0.9864683726965119
test_122,8,0.05,0.08381545764723335,0.04374080668885964,0.8927006412916941
test_122,8,0.1,0.09563368441873114,0.05021811383464894,0.9645513216336985
test_122,8,0.15,0.10794639766602383,0.05705250503096987,0.9575523356597818
test_122,8,0.2,0.10275428967017752,0.054159716430358634,0.9658262592367755
test_122,9,0.0,0.032092172279088164,0.01630776189159987,0.5618504917973303
test_122,9,0.01,0.03861939375958068,0.019689902937098196,0.7019990175802022
test_122,9,0.02,0.05345398803342728,0.027460942461577542,0.6403765944033794
test_122,9,0.05,0.07807941452801266,0.04062572362158129,0.7054514796819231
test_122,9,0.1,0.10903426791277258,0.057660626029654036,0.8314673067687028
test_122,9,0.15,0.10611679770558276,0.0560313315926893,0.9494072668302066
test_122,9,0.2,0.10497947881125451,0.05539754194608981,0.9876427728646355
