slide,fold,lambda,dice,iou,entropy
test_001,0,0.0,0.5862444440477678,0.4146717171717172,0.42939473489810587
test_001,0,0.05,0.7043430142268078,0.5436184283037584,0.5847325207692791
test_001,0,0.1,0.8080184216633048,0.6778782796214209,0.7200431047015373
test_001,1,0.0,0.7640706163760018,0.6182154308327796,0.9887041099437351
test_001,1,0.05,0.8426839935024366,0.7281364716044051,0.623585063647822
test_001,1,0.1,0.8238339194230735,0.7004401274852026,0.9970779562363428
test_001,2,0.0,0.6788882740400921,0.5138765031752466,0.4653153773596535
test_001,2,0.05,0.7564306242301994,0.6082737633852956,0.5825186701457975
test_001,2,0.1,0.768069116938291,0.6234677022053496,0.6799861075685844
test_001,3,0.0,0.6975241427321898,0.5355370994709865,0.4987204496016699
test_001,3,0.05,0.809624962067796,0.680142758600006,0.6022207004423331
test_001,3,0.1,0.7911675978650863,0.6544890726520969,0.6931367297977551
test_001,4,0.0,0.6547187661769693,0.48667798949100366,0.459005198393839
test_001,4,0.05,0.8034130058370968,0.6714204731927081,0.5910261818274622
test_001,4,0.1,0.7962014244658253,0.6614075150508615,0.6990174995402679
test_001,5,0.0,0.6896342443012442,0.526291412380122,0.4279794941022851
test_001,5,0.05,0.7116973991895896,0.5524303053815884,0.5647287708766938
test_001,5,0.1,0.636832616340301,0.4671712542230836,0.7789628758480676
test_001,6,0.0,0.7131254351046928,0.5541530266881207,0.45425474963428536
test_001,6,0.05,0.8468609985541137,0.7343962848297214,0.5956243614112068
test_001,6,0.1,0.8604987415433498,0.7551538316937152,0.6751615255375798
test_001,7,0.0,0.822084575427072,0.6979147723828575,0.5474578045077466
test_001,7,0.05,0.8599632280751861,0.754329377133373,0.6257713468418439
test_001,7,0.1,0.8284750361471591,0.707176596068871,0.6456546794965438
test_001,8,0.0,0.7887042359115332,0.6511244068495977,0.4436742687324515
test_001,8,0.05,0.8516806197675871,0.7416757344940152,0.5872147169228796
test_001,8,0.1,0.8254761607254423,0.7028177148241588,0.695063969355034
test_001,9,0.0,0.7893468520733297,0.6520008256907788,0.5465673032485535
test_001,9,0.05,0.851609217971832,0.741567444896944,0.6749270050742825
test_001,9,0.1,0.8413630602809661,0.7261662660997104,0.656221179370758
test_002,0,0.0,0.19855050250706138,0.11021707951479204,0.2560324665206723
test_002,0,0.05,0.1871209301307175,0.10321754674138847,0.5301737660422094
test_002,0,0.1,0.16929780385802806,0.0924769764382251,0.7821003316194376
test_002,1,0.0,0.21501609336340347,0.12045828120016683,0.993999157322645
test_002,1,0.05,0.20700225526044974,0.11545037123876514,0.42076631380891943
test_002,1,0.1,0.2283724902016597,0.12890547755586315,0.998920245204162
test_002,2,0.0,0.20853495653697093,0.1164047031215625,0.3564053141961741
test_002,2,0.05,0.19351448402706312,0.10712207892950645,0.47894538026552086
test_002,2,0.1,0.18256661776619737,0.10045299021733892,0.7565246037005167
test_002,3,0.0,0.19631713778984475,0.10884238127609984,0.27795156654647235
test_002,3,0.05,0.20214140264062533,0.1124345390330045,0.4033725043035114
test_002,3,0.1,0.20630159181975433,0.1150146484375,0.5319515429790864
test_002,4,0.0,0.19579164020932321,0.10851941747572816,0.2737354030364459
test_002,4,0.05,0.19114974491471612,0.10567472037960587,0.4143553016167982
test_002,4,0.1,0.19338310963193273,0.10704157071870077,0.6657244286629717
test_002,5,0.0,0.18764642771123907,0.10353742811578795,0.1855499077497016
test_002,5,0.05,0.17915088349280725,0.09838864838864839,0.5663948536050644
test_002,5,0.1,0.14455562610847145,0.07790889780505074,0.9234002654734182
test_002,6,0.0,0.20354272952201616,0.11330229383516564,0.35406275892776434
test_002,6,0.05,0.21133761029975257,0.11815399681723589,0.4136856138062499
test_002,6,0.1,0.2051630137286243,0.11430732445225199,0.5469472520342704
test_002,7,0.0,0.22272339121105297,0.12531723543180978,0.38549048769336375
test_002,7,0.05,0.2274090779707035,0.1282919116557142,0.5374413274314893
test_002,7,0.1,0.203148606336625,0.11305810099434588,0.5443488522920492
test_002,8,0.0,0.20389306124236387,0.11351944410581495,0.32369049898957664
test_002,8,0.05,0.22780320115609468,0.12854283525661617,0.5253861742310441
test_002,8,0.1,0.18331107267193625,0.10090394118356032,0.778502946401605
test_002,9,0.0,0.19631713778984475,0.10884238127609984,0.3390769558439025
test_002,9,0.05,0.19268244619123734,0.10661239126747594,0.45963977348142165
test_002,9,0.1,0.19938254034288716,0.1107300938761613,0.7429365359295234
test_004,0,0.0,0.0019491677566617937,0.00097553461864298,0.21649966605486412
test_004,0,0.05,0.004513862173322049,0.0022620363468113,0.9707164702401785
test_004,0,0.1,0.0,0.0,0.9925556163122462
test_004,1,0.0,0.0,0.0,0.9963821225980076
test_004,1,0.05,0.0031802210766587163,0.0015926430167741271,0.93483461212144
test_004,1,0.1,0.0,0.0,0.9994134609299627
test_004,2,0.0,0.003282808853325126,0.001644103064710869,0.6550737134392537
test_004,2,0.05,0.003693159959990767,0.0018499961458413629,0.9759254060664484
test_004,2,0.1,0.00041035110666564077,0.0002052176589795552,0.9920466343740325
test_004,3,0.0,0.004513862173322049,0.0022620363468113,0.6011388714076803
test_004,3,0.05,0.004513862173322049,0.0022620363468113,0.9560186177507737
test_004,3,0.1,0.0,0.0,0.9465612319110858
test_004,4,0.0,0.0015901105383293581,0.0007956878850102669,0.4866778219777552
test_004,4,0.05,0.0027698699699930753,0.0013868556899607057,0.985995781768915
test_004,4,0.1,0.0019491677566617937,0.00097553461864298,0.9827690180208034
test_004,5,0.0,0.0038983355133235874,0.0019529744314531671,0.17362376767824175
test_004,5,0.05,0.0015901105383293581,0.0007956878850102669,0.9790434541628831
test_004,5,0.1,0.0,0.0,0.9938464093971116
test_004,6,0.0,0.004206098843322818,0.002107481559536354,0.790890162609993
test_004,6,0.05,0.0037444538483239723,0.001875738732720078,0.9748727363878241
test_004,6,0.1,0.0028211638583262805,0.0014125744811999178,0.9535939193240975
test_004,7,0.0,0.0029237516349926904,0.0014640160271228231,0.9405889874005342
test_004,7,0.05,0.0,0.0,0.9626398717106112
test_004,7,0.1,0.0033341027416583313,0.0016698350716744593,0.9853177595827767
test_004,8,0.0,0.0037957477366571775,0.001901482642546959,0.8225595903018208
test_004,8,0.05,0.0013336410966633325,0.0006672654946747081,0.9945850846255752
test_004,8,0.1,0.00041035110666564077,0.0002052176589795552,0.9877823094668652
test_004,9,0.0,0.004154804954989613,0.0020817270624518117,0.51471770154834
test_004,9,0.05,0.0033341027416583313,0.0016698350716744593,0.7334795947035071
test_004,9,0.1,0.0037444538483239723,0.001875738732720078,0.9964688323624872
test_008,0,0.0,0.015600255276904531,0.007861447935774353,0.2181070217816335
test_008,0,0.05,0.01517479376935259,0.007645405611394275,0.911596053998168
test_008,0,0.1,0.02193490438934455,0.011089071051310852,0.9768207403203536
test_008,1,0.0,0.01181837520977616,0.005944313669543714,0.9950149697686826
test_008,1,0.05,0.026284066466542178,0.013317046298292256,0.7246885909949742
test_008,1,0.1,0.02425130593046068,0.012274489161123607,0.9990660380050163
test_008,2,0.0,0.017396648308790508,0.008774648894823434,0.5347332398693728
test_008,2,0.05,0.024629493937173518,0.012468290815105539,0.9236137921846647
test_008,2,0.1,0.02425130593046068,0.012274489161123607,0.9821430429162266
test_008,3,0.0,0.024818587940529935,0.01256521947250012,0.3408822213578328
test_008,3,0.05,0.026284066466542178,0.013317046298292256,0.7598772966642563
test_008,3,0.1,0.025858604958990238,0.013098659003831418,0.8735683632720564
test_008,4,0.0,0.012716571725719147,0.006398972358342452,0.3696217645772428
test_008,4,0.05,0.026473160469898598,0.013414137542817449,0.8848140400508241
test_008,4,0.1,0.026473160469898598,0.013414137542817449,0.943341063786627
test_008,5,0.0,0.015600255276904531,0.007861447935774353,0.29858581429768316
test_008,5,0.05,0.021367622379275298,0.010799187671723809,0.9574441390749623
test_008,5,0.1,0.012527477722362729,0.006303220588934875,0.9907477199928272
test_008,6,0.0,0.01999669085494126,0.010099321936777768,0.5976955700853729
test_008,6,0.05,0.02425130593046068,0.012274489161123607,0.8905010810984276
test_008,6,0.1,0.02425130593046068,0.012274489161123607,0.9073296732938283
test_008,7,0.0,0.02425130593046068,0.012274489161123607,0.8150965255774982
test_008,7,0.05,0.02538586995059919,0.012856116830260953,0.8620329054597842
test_008,7,0.1,0.024629493937173518,0.012468290815105539,0.9368675673343162
test_008,8,0.0,0.01999669085494126,0.010099321936777768,0.7063352128253391
test_008,8,0.05,0.02425130593046068,0.012274489161123607,0.9725698942693565
test_008,8,0.1,0.02732408348500248,0.013851278487382875,0.946978453981504
test_008,9,0.0,0.02477131443969083,0.012540985568293325,0.41445743565525683
test_008,9,0.05,0.02538586995059919,0.012856116830260953,0.6118151577325058
test_008,9,0.1,0.02538586995059919,0.012856116830260953,0.9857693524492789
test_010,0,0.0,0.004629883294066078,0.0023203130363149585,0.1780019520933887
test_010,0,0.05,0.0037258232425620512,0.0018663885381786244,0.9882699659066414
test_010,0,0.1,0.001917703139553997,0.0009597718485205803,0.9882541386004638
test_010,1,0.0,0.0009588515697769985,0.0004796557442201483,0.9954323835660768
test_010,1,0.05,0.00468467481233905,0.002347836832205182,0.7577380525589851
test_010,1,0.1,0.003698427483425566,0.0018526396684461156,0.9993449957648219
test_010,2,0.0,0.004629883294066078,0.0023203130363149585,0.8315633479401991
test_010,2,0.05,0.0037258232425620512,0.0018663885381786244,0.9848306412184317
test_010,2,0.1,0.001917703139553997,0.0009597718485205803,0.9842542209386103
test_010,3,0.0,0.0019450988986904826,0.0009734962225604321,0.7346615848729732
test_010,3,0.05,0.004629883294066078,0.0023203130363149585,0.944401676653435
test_010,3,0.1,0.001917703139553997,0.0009597718485205803,0.9170712885693327
test_010,4,0.0,0.0009862473289134841,0.0004933669553776998,0.4431293955072575
test_010,4,0.05,0.001917703139553997,0.0009597718485205803,0.9924676738398882
test_010,4,0.1,0.001917703139553997,0.0009597718485205803,0.9891791680628026
test_010,5,0.0,0.003698427483425566,0.0018526396684461156,0.48265839902066765
test_010,5,0.05,0.004629883294066078,0.0023203130363149585,0.9932289162112024
test_010,5,0.1,0.0009314558106405128,0.00046594490886665754,0.9953368070590949
test_010,6,0.0,0.003753219001698537,0.0018801377852800307,0.632771616512671
test_010,6,0.05,0.00468467481233905,0.002347836832205182,0.8844357916778186
test_010,6,0.1,0.00468467481233905,0.002347836832205182,0.9156537746057402
test_010,7,0.0,0.003698427483425566,0.0018526396684461156,0.9822122942183997
test_010,7,0.05,0.003698427483425566,0.0018526396684461156,0.9812440715269442
test_010,7,0.1,0.0037258232425620512,0.0018663885381786244,0.9613350562536727
test_010,8,0.0,0.00468467481233905,0.002347836832205182,0.9369273078948226
test_010,8,0.05,0.00468467481233905,0.002347836832205182,0.9942605502390209
test_010,8,0.1,0.001917703139553997,0.0009597718485205803,0.9621213159799127
test_010,9,0.0,0.004629883294066078,0.0023203130363149585,0.3746148506022704
test_010,9,0.05,0.004629883294066078,0.0023203130363149585,0.6439350750621403
test_010,9,0.1,0.003698427483425566,0.0018526396684461156,0.9979195170923141
test_011,0,0.0,0.0,0.0,0.43190876410382917
test_011,0,0.05,0.0,0.0,0.9279856228732152
test_011,0,0.1,0.0014052070728756002,0.0007030975352525292,0.9942515365600934
test_011,1,0.0,0.0,0.0,0.993688951143201
test_011,1,0.05,0.0,0.0,0.9340764065565691
test_011,1,0.1,0.0,0.0,0.9988901344147281
test_011,2,0.0,0.0,0.0,0.679490804552134
test_011,2,0.05,0.0,0.0,0.9274630660241164
test_011,2,0.1,0.0,0.0,0.9878080873915234
test_011,3,0.0,0.0,0.0,0.6102843439647969
test_011,3,0.05,0.0,0.0,0.9516057560731171
test_011,3,0.1,0.0,0.0,0.9636046068308016
test_011,4,0.0,0.0,0.0,0.6134566654747504
test_011,4,0.05,0.0,0.0,0.9565998375161603
test_011,4,0.1,0.0,0.0,0.988528256537948
test_011,5,0.0,0.0,0.0,0.3518898742027937
test_011,5,0.05,0.0,0.0,0.9608954319536669
test_011,5,0.1,0.0,0.0,0.9910148587751958
test_011,6,0.0,0.0,0.0,0.7233113314841566
test_011,6,0.05,0.0,0.0,0.9807397094619685
test_011,6,0.1,0.0,0.0,0.98899514147092
test_011,7,0.0,0.0,0.0,0.8349996624748324
test_011,7,0.05,0.0,0.0,0.8869117688444788
test_011,7,0.1,0.0,0.0,0.9611834536023888
test_011,8,0.0,0.0,0.0,0.7611642661009487
test_011,8,0.05,0.0,0.0,0.9874911945631573
test_011,8,0.1,0.0007026035364378001,0.0003514252245216712,0.9950715470767618
test_011,9,0.0,0.0,0.0,0.5684003715367203
test_011,9,0.05,0.0,0.0,0.8857519180877349
test_011,9,0.1,0.0,0.0,0.9905786854157895
test_013,0,0.0,0.010771071978115917,0.0054146970348087665,0.34686638857062974
test_013,0,0.05,0.017780817233715166,0.00897015697774711,0.9666466096703332
test_013,0,0.1,0.006496837066165157,0.0032590051457975985,0.9931778539639455
test_013,1,0.0,0.006838775859121217,0.0034311202607651397,0.9962993751105162
test_013,1,0.05,0.012651735339374252,0.006366139022711631,0.8706000008588409
test_013,1,0.1,0.008719439220379552,0.004378809993989869,0.999219087202337
test_013,2,0.0,0.018293725423149255,0.009231300146665516,0.5067542392396175
test_013,2,0.05,0.017267909044281073,0.008709148917823576,0.9658240453762645
test_013,2,0.1,0.008206531030945461,0.004120171673819743,0.993217159982173
test_013,3,0.0,0.018293725423149255,0.009231300146665516,0.19523455078359692
test_013,3,0.05,0.018293725423149255,0.009231300146665516,0.6840313776618516
test_013,3,0.1,0.008206531030945461,0.004120171673819743,0.9680557113431927
test_013,4,0.0,0.010771071978115917,0.0054146970348087665,0.37644470790347434
test_013,4,0.05,0.017780817233715166,0.00897015697774711,0.973850614146965
test_013,4,0.1,0.008377500427423492,0.00420636964546313,0.9921520813717597
test_013,5,0.0,0.016413062061890922,0.008274435442165143,0.25945230041035033
test_013,5,0.05,0.01590015387245683,0.008013787160706592,0.9699839323053269
test_013,5,0.1,0.01196785775346213,0.006019951840385277,0.9914060302490948
test_013,6,0.0,0.01196785775346213,0.006019951840385277,0.7762224985786442
test_013,6,0.05,0.017096939647803042,0.00862217623728229,0.8846641139536009
test_013,6,0.1,0.01196785775346213,0.006019951840385277,0.9581399096187292
test_013,7,0.0,0.018293725423149255,0.009231300146665516,0.7042465009973661
test_013,7,0.05,0.012993674132330314,0.006539321975563586,0.794641375042351
test_013,7,0.1,0.018293725423149255,0.009231300146665516,0.9542484230083067
test_013,8,0.0,0.01196785775346213,0.006019951840385277,0.5282086787857617
test_013,8,0.05,0.01196785775346213,0.006019951840385277,0.9892721841139362
test_013,8,0.1,0.010087194392203796,0.005069164017527279,0.9722288910842446
test_013,9,0.0,0.01590015387245683,0.008013787160706592,0.17260452420200695
test_013,9,0.05,0.017267909044281073,0.008709148917823576,0.4951613807374532
test_013,9,0.1,0.017780817233715166,0.00897015697774711,0.9910047018105597
test_016,0,0.0,0.4899896490405457,0.32449423192974025,0.586038035239726
test_016,0,0.05,0.49061778418691887,0.32504542523884883,0.7257920954880048
test_016,0,0.1,0.4908124176125556,0.32521631064318707,0.8212585530519982
test_016,1,0.0,0.4904585386568524,0.32490564268467076,0.981455306511217
test_016,1,0.05,0.49054700839577825,0.32498329601800513,0.7699284605147013
test_016,1,0.1,0.49084780550812596,0.32524738545232845,0.9955419689728183
test_016,2,0.0,0.4904319977351747,0.32488234845954134,0.6690196558942083
test_016,2,0.05,0.49058239629134853,0.32501435990012545,0.7373800762604587
test_016,2,0.1,0.49080357063866303,0.32520854216860406,0.7909960870784872
test_016,3,0.0,0.4906885599780595,0.32510756028651483,0.6405444341030581
test_016,3,0.05,0.49076818274309275,0.32517746918103324,0.7445948382157863
test_016,3,0.1,0.49044084470906724,0.3248901131102385,0.8150664332131967
test_016,4,0.0,0.49018428246618245,0.3246649751844321,0.5957159306726121
test_016,4,0.05,0.4907770297169853,0.32518523729131493,0.733320586186439
test_016,4,0.1,0.4905558553696708,0.3249910618519843,0.8001132568010572
test_016,5,0.0,0.490299293126786,0.3247658896194461,0.593471187317434
test_016,5,0.05,0.49058239629134853,0.32501435990012545,0.7080745723498129
test_016,5,0.1,0.4900161899622234,0.32451751250893496,0.8100767474072272
test_016,6,0.0,0.49049392655242274,0.32493670292573146,0.6547380041299856
test_016,6,0.05,0.49061778418691887,0.32504542523884883,0.7515266343034208
test_016,6,0.1,0.49017543549228987,0.32465721317238955,0.8066786328615434
test_016,7,0.0,0.49084780550812596,0.32524738545232845,0.7224948411047881
test_016,7,0.05,0.49075933576920017,0.3251697011618228,0.78273428305075
test_016,7,0.1,0.49056470234356336,0.3249988277769963,0.7857075018129437
test_016,8,0.0,0.49032583404846375,0.3247891797495356,0.6398131716321159
test_016,8,0.05,0.49084780550812596,0.32524738545232845,0.7427901880304137
test_016,8,0.1,0.49036122194403403,0.32482023453020703,0.8111322032575277
test_016,9,0.0,0.4902019764139676,0.3246804994814159,0.6677730495274492
test_016,9,0.05,0.49021967036175274,0.32469602414227533,0.8026341298293919
test_016,9,0.1,0.49084780550812596,0.32524738545232845,0.7956273985324166
test_021,0,0.0,0.19562437890265838,0.10841666037567514,0.8006010411918231
test_021,0,0.05,0.1957255087709522,0.1084787873033812,0.8363444983745115
test_021,0,0.1,0.19543863016497584,0.10830256783278207,0.9275362619852636
test_021,1,0.0,0.1958782355108245,0.10857262484513404,0.9876333661652843
test_021,1,0.05,0.1957936166414358,0.10852063181206703,0.891677271258111
test_021,1,0.1,0.1958782355108245,0.10857262484513404,0.9959884224306484
test_021,2,0.0,0.1957936166414358,0.10852063181206703,0.8355924132298868
test_021,2,0.05,0.19576678626821498,0.10850414723454782,0.8492326202508159
test_021,2,0.1,0.19568423127368942,0.10845342853253752,0.8787663107782597
test_021,3,0.0,0.1957358281452679,0.10848512717738946,0.8205425678787368
test_021,3,0.05,0.19570487002232081,0.10846610777292397,0.859437206210368
test_021,3,0.1,0.19542831079066014,0.10829623004685708,0.9028660024339789
test_021,4,0.0,0.19577504176766755,0.1085092193600269,0.8375205871588969
test_021,4,0.05,0.19568423127368942,0.10845342853253752,0.8453330776426093
test_021,4,0.1,0.19539735266771305,0.10827721712398328,0.9041677035378719
test_021,5,0.0,0.19575646689389928,0.10849780714297154,0.8271701320314739
test_021,5,0.05,0.19573995589499418,0.1084876631472987,0.8333629683306111
test_021,5,0.1,0.19566978414964745,0.10844455323685379,0.8924128728888715
test_021,6,0.0,0.19572344489608906,0.108477519337282,0.7928705214351884
test_021,6,0.05,0.1957832972671201,0.10851429153192273,0.8653785199756612
test_021,6,0.1,0.19568423127368942,0.10845342853253752,0.9127615721577148
test_021,7,0.0,0.1958782355108245,0.10857262484513404,0.8669492201100253
test_021,7,0.05,0.19582044701465662,0.10853711687987819,0.9054787386797362
test_021,7,0.1,0.19581631926493032,0.10853458068368618,0.9165477161343976
test_021,8,0.0,0.19579568051629895,0.10852189987679925,0.8149997380961976
test_021,8,0.05,0.19582870251410917,0.10854218930707749,0.8514695125208134
test_021,8,0.1,0.19553976003326967,0.10836468197097816,0.9092847423116771
test_021,9,0.0,0.19577091401794128,0.10850668329148531,0.8588731920010376
test_021,9,0.05,0.19576059464362558,0.10850034317089911,0.9230491714762458
test_021,9,0.1,0.19583076638897232,0.10854345742113054,0.8927770989663053
test_026,0,0.0,0.41842016943464155,0.2645583620556613,0.577639058402119
test_026,0,0.05,0.41876595441740316,0.2648348962554188,0.6593906660698522
test_026,0,0.1,0.41842016943464155,0.2645583620556613,0.7869182751330837
test_026,1,0.0,0.4188676558829213,0.26491625286232534,0.9697182844623076
test_026,1,0.05,0.4184608500208488,0.2645908892147028,0.7192188765341996
test_026,1,0.1,0.4188676558829213,0.26491625286232534,0.9921218870906192
test_026,2,0.0,0.4186439126587814,0.26473728214033054,0.6357435014588166
test_026,2,0.05,0.41876595441740316,0.2648348962554188,0.6702533946405349
test_026,2,0.1,0.4185625514863669,0.26467221443362615,0.7278172227605385
test_026,3,0.0,0.418501530607056,0.2646234180471242,0.6042508950936265
test_026,3,0.05,0.41866425295188503,0.264753550113192,0.6936795301190696
test_026,3,0.1,0.41862357236567777,0.2647210145859594,0.7695430114550029
test_026,4,0.0,0.41880663500361043,0.26486743764230675,0.6061090042796463
test_026,4,0.05,0.41860323207257416,0.2647047474500624,0.6647202849116192
test_026,4,0.1,0.41842016943464155,0.2645583620556613,0.7591754873473585
test_026,5,0.0,0.41860323207257416,0.2647047474500624,0.5824264088699197
test_026,5,0.05,0.4188676558829213,0.26491625286232534,0.6497591577536829
test_026,5,0.1,0.41862357236567777,0.2647210145859594,0.7527774527710637
test_026,6,0.0,0.4186439126587814,0.26473728214033054,0.5869444852676686
test_026,6,0.05,0.41876595441740316,0.2648348962554188,0.7005229298349107
test_026,6,0.1,0.41858289177947056,0.26468848073262335,0.7704023264259227
test_026,7,0.0,0.4188676558829213,0.26491625286232534,0.668208092734764
test_026,7,0.05,0.4188676558829213,0.26491625286232534,0.7235441503357382
test_026,7,0.1,0.41880663500361043,0.26486743764230675,0.7412384093047004
test_026,8,0.0,0.41860323207257416,0.2647047474500624,0.5896110071771555
test_026,8,0.05,0.4191320796932684,0.26512782902947724,0.6685590938471299
test_026,8,0.1,0.4185625514863669,0.26467221443362615,0.7705284010179316
test_026,9,0.0,0.41874561412429956,0.2648186261898636,0.6479898617697152
test_026,9,0.05,0.4185422111932633,0.2646559485530547,0.7710937584623782
test_026,9,0.1,0.41917276027947564,0.2651603854913213,0.7277869884789888
test_027,0,0.0,0.5470623204200932,0.376521531589894,0.5733234602947741
test_027,0,0.05,0.5541464381254335,0.38326594942780784,0.5846239318119172
test_027,0,0.1,0.5537996631328643,0.3829342650635426,0.6827914191162912
test_027,1,0.0,0.5325968493014961,0.3629519597582796,0.986963346141119
test_027,1,0.05,0.5525611810165462,0.3817509754261072,0.6024495057097283
test_027,1,0.1,0.5401763598533638,0.3700285054974888,0.9977117803616894
test_027,2,0.0,0.5495888239373824,0.3789193250905116,0.5648868841458995
test_027,2,0.05,0.5515208560388388,0.3807585758746879,0.5808277899054473
test_027,2,0.1,0.5461210740116913,0.3756303666348644,0.6238499758918125
test_027,3,0.0,0.5501832953532151,0.37948472630356045,0.5707007589244745
test_027,3,0.05,0.5540968988407807,0.3832185562065303,0.5887885519549456
test_027,3,0.1,0.5446348954721094,0.37422561100142965,0.629630584486927
test_027,4,0.0,0.5471613989893986,0.37661540559893614,0.5849279745278717
test_027,4,0.05,0.5530070345784207,0.382176726351467,0.5852213629976754
test_027,4,0.1,0.5517190131774498,0.380947494441594,0.6324421720403164
test_027,5,0.0,0.5453284454572476,0.3748808064296417,0.5724697604861743
test_027,5,0.05,0.5541464381254335,0.38326594942780784,0.5769782634251788
test_027,5,0.1,0.5484494203903696,0.3778369338930412,0.6516047404870181
test_027,6,0.0,0.5452789061725949,0.3748339860378001,0.5591130761334344
test_027,6,0.05,0.5521648667393243,0.38137275029083695,0.5921364221217698
test_027,6,0.1,0.5540968988407807,0.3832185562065303,0.6322952794550873
test_027,7,0.0,0.5502328346378679,0.37953186400136685,0.5616992810435151
test_027,7,0.05,0.5466164668582185,0.3760992569363965,0.592259059295549
test_027,7,0.1,0.5521648667393243,0.38137275029083695,0.6141956420765016
test_027,8,0.0,0.544535816902804,0.3741320626276379,0.5570107893503873
test_027,8,0.05,0.5511740810462696,0.38042809273062983,0.5633999367495874
test_027,8,0.1,0.5541464381254335,0.38326594942780784,0.6551136711195911
test_027,9,0.0,0.5512731596155751,0.3805225003419505,0.5900858764383808
test_027,9,0.05,0.5518676310314079,0.38108921729611384,0.6286060767107806
test_027,9,0.1,0.5483503418210641,0.3777428932191243,0.6017599266290695
test_029,0,0.0,0.04565387156845077,0.023360177045552346,0.12251665497601133
test_029,0,0.05,0.039166216135039345,0.019974266282703265,0.5249874275347975
test_029,0,0.1,0.033279269538054906,0.016921197312156383,0.9192221424809335
test_029,1,0.0,0.014657295608818406,0.007382753403933434,0.9971962356058037
test_029,1,0.05,0.04541358803387998,0.023234372118753458,0.19142742118833717
test_029,1,0.1,0.037243947858473,0.018975332068311195,0.9996213795580725
test_029,2,0.0,0.04565387156845077,0.023360177045552346,0.14019773794890728
test_029,2,0.05,0.04565387156845077,0.023360177045552346,0.489416490072609
test_029,2,0.1,0.03412026190905268,0.01735623052007578,0.8911154862848324
test_029,3,0.0,0.04565387156845077,0.023360177045552346,0.111608814683461
test_029,3,0.05,0.04565387156845077,0.023360177045552346,0.17825795029901761
test_029,3,0.1,0.04565387156845077,0.023360177045552346,0.4791506130683492
test_029,4,0.0,0.04565387156845077,0.023360177045552346,0.12076862694607679
test_029,4,0.05,0.04565387156845077,0.023360177045552346,0.2316139306762705
test_029,4,0.1,0.04565387156845077,0.023360177045552346,0.703710505807955
test_029,5,0.0,0.04565387156845077,0.023360177045552346,0.1038670686507172
test_029,5,0.05,0.03520153781462125,0.01791610615140027,0.6254408963583018
test_029,5,0.1,0.031837568330630145,0.016176291051153705,0.9661754769933325
test_029,6,0.0,0.04565387156845077,0.023360177045552346,0.11141981319702614
test_029,6,0.05,0.04565387156845077,0.023360177045552346,0.26762339781844263
test_029,6,0.1,0.04565387156845077,0.023360177045552346,0.6141686944135554
test_029,7,0.0,0.03796479846218538,0.019349703018798604,0.38975811102330726
test_029,7,0.05,0.03604253018561903,0.018351991191044227,0.7865640856508449
test_029,7,0.1,0.04565387156845077,0.023360177045552346,0.6651816981246038
test_029,8,0.0,0.04565387156845077,0.023360177045552346,0.10627603919770565
test_029,8,0.05,0.04277046915360125,0.021852556626358113,0.8165124570073264
test_029,8,0.1,0.03460082897819427,0.017604988079955988,0.8678279117613599
test_029,9,0.0,0.04565387156845077,0.023360177045552346,0.1651874512212299
test_029,9,0.05,0.042650327386315856,0.021789835502086914,0.3802117414479344
test_029,9,0.1,0.04565387156845077,0.023360177045552346,0.9611661772170407
test_030,0,0.0,0.037941787941787944,0.01933774834437086,0.24567377211887179
test_030,0,0.05,0.05962280962280962,0.03072743274786668,0.6501193150195657
test_030,0,0.1,0.0865013365013365,0.045205851538551084,0.8778525226908481
test_030,1,0.0,0.024725274725274724,0.012517385257301807,0.9941356992643476
test_030,1,0.05,0.1040986040986041,0.054907182580089295,0.5742958930602633
test_030,1,0.1,0.033783783783783786,0.01718213058419244,0.9991997247110532
test_030,2,0.0,0.02376002376002376,0.012022843402464683,0.4077440771277304
test_030,2,0.05,0.06378081378081378,0.032940905779039,0.7040230215746698
test_030,2,0.1,0.10335610335610336,0.054494206075790794,0.9146487494333055
test_030,3,0.0,0.026136026136026135,0.013241047246464039,0.34006395147349505
test_030,3,0.05,0.0694980694980695,0.036,0.6394952352073503
test_030,3,0.1,0.10795960795960796,0.05705988540930853,0.761742433491826
test_030,4,0.0,0.039204039204039205,0.019993941229930322,0.27982684429533794
test_030,4,0.05,0.08382833382833382,0.04374782035881738,0.6896241849235589
test_030,4,0.1,0.12303237303237304,0.06554847897464298,0.7983454180547914
test_030,5,0.0,0.019230769230769232,0.009708737864077669,0.28416767816499067
test_030,5,0.05,0.05583605583605584,0.02871982890314696,0.7527308542468054
test_030,5,0.1,0.06043956043956044,0.031161473087818695,0.865863840604817
test_030,6,0.0,0.04492129492129492,0.022976719456154343,0.5732250165759549
test_030,6,0.05,0.08122958122958122,0.042334184660629985,0.7046399793235619
test_030,6,0.1,0.08761508761508761,0.04581456747942227,0.7870792305496743
test_030,7,0.0,0.022275022275022274,0.011262952395254542,0.7829621324405877
test_030,7,0.05,0.02702702702702703,0.0136986301369863,0.7670829340736028
test_030,7,0.1,0.07269082269082269,0.037716222984166124,0.7912485452861621
test_030,8,0.0,0.04106029106029106,0.020960466967365348,0.5475056848039094
test_030,8,0.05,0.03318978318978319,0.01687492921590094,0.8442921005229322
test_030,8,0.1,0.08776358776358777,0.04589578317931195,0.7910805692167028
test_030,9,0.0,0.04707454707454707,0.024104630826553113,0.35539368455103165
test_030,9,0.05,0.09444609444609445,0.04956359102244389,0.6522379509495777
test_030,9,0.1,0.02673002673002673,0.013546056592414209,0.8272675051677952
test_033,0,0.0,0.004047380342356392,0.002027793797555485,0.4738033087810071
test_033,0,0.05,0.0050313764806356985,0.002522032888797893,0.9767079223803611
test_033,0,0.1,0.0032490438528090305,0.001627165292099415,0.9959525012643181
test_033,1,0.0,0.000686940700308195,0.0003435883625692981,0.9957930726835315
test_033,1,0.05,0.005978240689168616,0.0029980819724027487,0.907147938328995
test_033,1,0.1,0.0020793880657977797,0.001040776121622124,0.9993648219706749
test_033,2,0.0,0.0050313764806356985,0.002522032888797893,0.6993934269250535
test_033,2,0.05,0.005235602094240838,0.0026246719160104987,0.9768946087381826
test_033,2,0.1,0.004381567710073892,0.002195593926763918,0.9928822754647045
test_033,3,0.0,0.005142772269874866,0.00257801520749765,0.5984355232658171
test_033,3,0.05,0.006089636478407783,0.0030541174717866586,0.9494795602128052
test_033,3,0.1,0.004307303850581114,0.0021583001525694936,0.9736989775542971
test_033,4,0.0,0.005699751216070699,0.002858020611262649,0.4072278307034534
test_033,4,0.05,0.006089636478407783,0.0030541174717866586,0.9798838456031529
test_033,4,0.1,0.007964798930600423,0.003998322382217251,0.9837135632765507
test_033,5,0.0,0.004047380342356392,0.002027793797555485,0.36557468724639497
test_033,5,0.05,0.005439827707845977,0.0027273319619104354,0.9829919185320307
test_033,5,0.1,0.0017266347332070848,0.0008640633274800011,0.9939046382026272
test_033,6,0.0,0.004678623148045004,0.002344796784278696,0.8625774528451345
test_033,6,0.05,0.006275296127139727,0.0031475238857951687,0.9784332023972869
test_033,6,0.1,0.005755449110690283,0.002886029754035787,0.984954674577656
test_033,7,0.0,0.004047380342356392,0.002027793797555485,0.9427444380462529
test_033,7,0.05,0.003880286658497642,0.0019439148025856858,0.9544551830668015
test_033,7,0.1,0.006479521740744867,0.003250291036088475,0.982187029713041
test_033,8,0.0,0.005087074375255282,0.0025500232666356443,0.8528255418879039
test_033,8,0.05,0.004752887007537782,0.0023821044403915586,0.9954026393448523
test_033,8,0.1,0.003843154728751253,0.0019252769329501382,0.9900994329186492
test_033,9,0.0,0.004678623148045004,0.002344796784278696,0.566510048012853
test_033,9,0.05,0.00516133823474806,0.0025873462018130037,0.8567421314694056
test_033,9,0.1,0.004752887007537782,0.0023821044403915586,0.9969560384871663
test_038,0,0.0,0.00955250673163226,0.00479917544368216,0.14288171600453134
test_038,0,0.05,0.02628542120784716,0.013317741830702267,0.9137484997837669
test_038,0,0.1,0.04827541992563149,0.024734750188877573,0.9092098154218494
test_038,1,0.0,0.03340171816899602,0.016984515077424614,0.9950190554091364
test_038,1,0.05,0.06712399025516091,0.034727519984079074,0.5785018519699048
test_038,1,0.1,0.046480317989485834,0.02379311476485839,0.9993175774196816
test_038,2,0.0,0.015835363508142068,0.007980871756761123,0.2759410064703284
test_038,2,0.05,0.025451981023208104,0.012890028897042112,0.8868854483638771
test_038,2,0.1,0.039299910244903195,0.02004381519144623,0.983653027588969
test_038,3,0.0,0.006731632260546224,0.003377183107651732,0.2504104833179774
test_038,3,0.05,0.03603026028978074,0.01834562903962917,0.726692980315105
test_038,3,0.1,0.04705731504038979,0.024095594511194276,0.8536646465688297
test_038,4,0.0,0.004359533273496602,0.0021845283988691853,0.05368641349775724
test_038,4,0.05,0.038787023977433006,0.019777058612010068,0.90567425508636
test_038,4,0.1,0.048980638543403,0.02510515247108307,0.8773849714147058
test_038,5,0.0,0.0033978715219899988,0.0017018270558391935,0.10787723429999153
test_038,5,0.05,0.003333760738556225,0.0016696634985872078,0.9678216293137705
test_038,5,0.1,0.02686241825875112,0.013614062449231568,0.9863603328161509
test_038,6,0.0,0.02917040646236697,0.014801079990891643,0.24241073865383958
test_038,6,0.05,0.05853314527503526,0.030148928441699963,0.6149000039328961
test_038,6,0.1,0.058789588408770355,0.03028501601770204,0.7240530583628966
test_038,7,0.0,0.027439415309655085,0.01391055642225689,0.5940684616507398
test_038,7,0.05,0.034683933837671495,0.01764801826781928,0.748692687637497
test_038,7,0.1,0.049621746377740736,0.025442114259417527,0.8440671896673286
test_038,8,0.0,0.01961789973073471,0.009906118484946585,0.26979732366612597
test_038,8,0.05,0.04071034748044621,0.02077811589934884,0.9451269648955919
test_038,8,0.1,0.04769842287472753,0.024431892814921845,0.9035717048676785
test_038,9,0.0,0.025644313373509423,0.012988699831146902,0.22091903231645288
test_038,9,0.05,0.02679830747531735,0.013581129378127233,0.5137290717179206
test_038,9,0.1,0.024874983972304143,0.012594131394443002,0.964975603782033
test_040,0,0.0,0.21043869707393723,0.11759233770301955,0.27667479159413233
test_040,0,0.05,0.25735762517518157,0.1476824097090218,0.934639035875365
test_040,0,0.1,0.31102051216715504,0.18414700380182247,0.944382781826729
test_040,1,0.0,0.3375037159723107,0.2030102077309001,0.993126498720784
test_040,1,0.05,0.3440098526351552,0.20773665422017973,0.6884431299712029
test_040,1,0.1,0.35301312269078866,0.2143387585865462,0.998674821825611
test_040,2,0.0,0.26138361574722896,0.15034001641458553,0.582810419831671
test_040,2,0.05,0.3109865375631715,0.18412318461600355,0.8637046784987366
test_040,2,0.1,0.32552766806811906,0.19440611938481517,0.9347079862304725
test_040,3,0.0,0.23221641822737504,0.13136020756258107,0.3941088559316721
test_040,3,0.05,0.32647895697965773,0.19508506232490153,0.7038994423091753
test_040,3,0.1,0.329519684036183,0.19726044113609323,0.7729860480327815
test_040,4,0.0,0.16902365481802353,0.09231340167926891,0.3148876087819781
test_040,4,0.05,0.32776999193103157,0.19600772043884598,0.7407964863530194
test_040,4,0.1,0.3253408077462097,0.19427284623109461,0.8558748058229851
test_040,5,0.0,0.18120355034611627,0.09962827362050286,0.20320088066823763
test_040,5,0.05,0.2850129528177687,0.16618956585476985,0.8942151517018159
test_040,5,0.1,0.29500148638892426,0.17302155047873347,0.9102923118953916
test_040,6,0.0,0.33538030322334056,0.20147563066372765,0.6823877565626633
test_040,6,0.05,0.3508897099418185,0.21277516249652345,0.6896854150016843
test_040,6,0.1,0.3492759162526012,0.2115895198304073,0.8163996667493277
test_040,7,0.0,0.3407313033507453,0.20535028717098192,0.8055315585542944
test_040,7,0.05,0.34665987174587,0.2096724478053592,0.880369390008911
test_040,7,0.1,0.3321187412409224,0.19912613053043265,0.856098806079193
test_040,8,0.0,0.348222703529112,0.21081698136492658,0.6344192302421828
test_040,8,0.05,0.3538624877903767,0.21496532650870964,0.9179842249290009
test_040,8,0.1,0.3438060050112541,0.20758800361040453,0.8468072448070929
test_040,9,0.0,0.27271414617573364,0.1578859373924332,0.20569619107297663
test_040,9,0.05,0.3092368454580201,0.18289779063809267,0.6736701333319228
test_040,9,0.1,0.35432114494415423,0.21530394211216283,0.9623970344753294
test_046,0,0.0,0.04259175351155415,0.02175925925925926,0.24607418307327603
test_046,0,0.05,0.03715450838241957,0.018928901200369344,0.9462135753941469
test_046,0,0.1,0.045310376076121435,0.023180343069077423,0.8641162316959592
test_046,1,0.0,0.045672859084730406,0.023370119632755263,0.9951410947456101
test_046,1,0.05,0.06361576801087448,0.03285286409584425,0.5529838588779815
test_046,1,0.1,0.06361576801087448,0.03285286409584425,0.9992197403182617
test_046,2,0.0,0.04929768917082012,0.025271764377961536,0.5738885756070637
test_046,2,0.05,0.05527865881286815,0.02842497670083877,0.9648556477472421
test_046,2,0.1,0.03135478024467603,0.01592708525133493,0.9855785776113839
test_046,3,0.0,0.05364748527412778,0.027563087810783128,0.27674883298049974
test_046,3,0.05,0.06361576801087448,0.03285286409584425,0.6325257544896319
test_046,3,0.1,0.06361576801087448,0.03285286409584425,0.7163055443161574
test_046,4,0.0,0.03715450838241957,0.018928901200369344,0.3344972975438888
test_046,4,0.05,0.035342093339374714,0.017988929889298892,0.9301715124136459
test_046,4,0.1,0.04349796103307658,0.0222325150532654,0.9485592892195752
test_046,5,0.0,0.046216583597643864,0.02365491651205937,0.30144499392990115
test_046,5,0.05,0.03896692342546443,0.019870609981515713,0.9496484649310885
test_046,5,0.1,0.03371091980063434,0.017144437275324914,0.9816257597164133
test_046,6,0.0,0.06887177163570457,0.03566400750821211,0.42309968747748206
test_046,6,0.05,0.0672405980969642,0.03478994748687172,0.7808951966080406
test_046,6,0.1,0.06361576801087448,0.03285286409584425,0.8493906585017996
test_046,7,0.0,0.055459900317172635,0.028520831391555597,0.7740099627528659
test_046,7,0.05,0.055459900317172635,0.028520831391555597,0.8049443817756298
test_046,7,0.1,0.06144086995922066,0.03169409124906507,0.9041163610293518
test_046,8,0.0,0.06379700951517897,0.032949546007675745,0.35739535908495473
test_046,8,0.05,0.06361576801087448,0.03285286409584425,0.9532885166896738
test_046,8,0.1,0.05274127775260535,0.02708488458674609,0.9082915989850748
test_046,9,0.0,0.05999093792478478,0.030923019431988042,0.23902499974656813
test_046,9,0.05,0.06669687358405074,0.034498921908690354,0.5534292785537849
test_046,9,0.1,0.06361576801087448,0.03285286409584425,0.9730549243817204
test_048,0,0.0,0.028815781259754043,0.014618512560013175,0.3766230403953289
test_048,0,0.05,0.0298645358636619,0.015158620514835422,0.9720777547284123
test_048,0,0.1,0.024895436668955617,0.012604617057321297,0.9981027764232452
test_048,1,0.0,0.00224733129408827,0.0011249296918942565,0.9963849244639202
test_048,1,0.05,0.030314002122479554,0.015390271421508348,0.9649050493095185
test_048,1,0.1,0.0014732505150134216,0.0007371682742765756,0.9994018500632795
test_048,2,0.0,0.029015544041450778,0.014721345951629864,0.5896557739715097
test_048,2,0.05,0.03023909107934328,0.015351655595558034,0.9793895127790804
test_048,2,0.1,0.03348523628191523,0.01702770652919217,0.994203935079174
test_048,3,0.0,0.02761720456957363,0.014001949638557267,0.49834174379003376
test_048,3,0.05,0.030214120731631187,0.01533878430626862,0.9704661418155047
test_048,3,0.1,0.029939446906798176,0.01519722165889272,0.9783566950523266
test_048,4,0.0,0.029639802734253075,0.015042834693567193,0.4016637558059571
test_048,4,0.05,0.031412697421811596,0.01595697451704149,0.9860573548553709
test_048,4,0.1,0.03276109619826456,0.016653338918294555,0.9912327864569173
test_048,5,0.0,0.029814595168237718,0.015132888049581121,0.25937387141100804
test_048,5,0.05,0.030463824208752106,0.015467511885895404,0.9803997458467768
test_048,5,0.1,0.020825269991884637,0.01052219881152143,0.991982435095222
test_048,6,0.0,0.030563705599600473,0.01551901205766378,0.8776716517860501
test_048,6,0.05,0.026069043011423935,0.013206664052320653,0.9896146918481367
test_048,6,0.1,0.028965603346026592,0.014695635649585101,0.993638103284766
test_048,7,0.0,0.02599413196828766,0.013168214132112227,0.9719335369952394
test_048,7,0.05,0.016230726012859728,0.008181760966706527,0.9796058393788397
test_048,7,0.1,0.029340158561707973,0.014888494678155093,0.9913047940470057
test_048,8,0.0,0.02944003995255634,0.014939936134624158,0.9085626041044964
test_048,8,0.05,0.022023846682065047,0.011134535997879136,0.9964651354503479
test_048,8,0.1,0.025195080841500718,0.01275826315656374,0.9973793583979264
test_048,9,0.0,0.028815781259754043,0.014618512560013175,0.5010789437018766
test_048,9,0.05,0.026443598227105312,0.013398957437117264,0.8970869641144528
test_048,9,0.1,0.02891566265060241,0.014669926650366748,0.9982727183869139
test_051,0,0.0,0.002432888225373918,0.0012179256511750214,0.4486354851193289
test_051,0,0.05,0.001492908683752177,0.000747011952191235,0.9213620507377573
test_051,0,0.1,0.13944872964529595,0.07495022140331065,0.989888426870656
test_051,1,0.0,0.09289209587791325,0.04870835870227016,0.9963161488585127
test_051,1,0.05,0.10549888031848718,0.05568689256632519,0.930706537561472
test_051,1,0.1,0.15786127007823947,0.08569456117180935,0.9989316945204302
test_051,2,0.0,0.0,0.0,0.7467894357757705
test_051,2,0.05,0.001492908683752177,0.000747011952191235,0.9349148819340738
test_051,2,0.1,0.03997677697603052,0.020396073121191606,0.9870136689935919
test_051,3,0.0,0.0041469685659782695,0.0020777925531914893,0.6293327206488563
test_051,3,0.05,0.03887091869176965,0.019820683432953647,0.9412258448927935
test_051,3,0.1,0.058112852837908825,0.029925968109339406,0.9526345883288768
test_051,4,0.0,0.001492908683752177,0.000747011952191235,0.6160637202552015
test_051,4,0.05,0.051090652732852286,0.026214997021023066,0.9551736490587086
test_051,4,0.1,0.11030936385502198,0.05837429775280899,0.9826000103814226
test_051,5,0.0,0.0015482015979652207,0.0007747004952549595,0.3922412624461818
test_051,5,0.05,0.001492908683752177,0.000747011952191235,0.9525311544090016
test_051,5,0.1,0.005473998507091316,0.0027445109780439123,0.9872348777581085
test_051,6,0.0,0.02571120510906527,0.0130230213409511,0.8207471383945503
test_051,6,0.05,0.20552376212988305,0.11453133666112035,0.9708979950338733
test_051,6,0.1,0.17483619474164386,0.09579205671180586,0.9809954401616595
test_051,7,0.0,0.00890215918830002,0.004470980283254652,0.9090262860232543
test_051,7,0.05,0.10693649608802631,0.05648859421094138,0.9421929012528518
test_051,7,0.1,0.03256752647148268,0.01655331347310438,0.9643057706881791
test_051,8,0.0,0.02178540819993918,0.011012661765939012,0.8393241333210979
test_051,8,0.05,0.07193608139116972,0.037310008603384,0.9934478443975933
test_051,8,0.1,0.18738768626800476,0.10337990360563724,0.9920796604210576
test_051,9,0.0,0.023278316883691356,0.011776223776223777,0.5428371060302252
test_051,9,0.05,0.12192087583976113,0.06491785903550609,0.8623057042741298
test_051,9,0.1,0.031240496530369633,0.015868112115935515,0.9930527519202882
test_052,0,0.0,0.002554278416347382,0.0012787723785166241,0.33044082720707246
test_052,0,0.05,0.002554278416347382,0.0012787723785166241,0.9561607383300668
test_052,0,0.1,0.002554278416347382,0.0012787723785166241,0.9588316885958673
test_052,1,0.0,0.002554278416347382,0.0012787723785166241,0.9953531348958553
test_052,1,0.05,0.002554278416347382,0.0012787723785166241,0.6607413634753858
test_052,1,0.1,0.002554278416347382,0.0012787723785166241,0.9994601059796947
test_052,2,0.0,0.002554278416347382,0.0012787723785166241,0.45742996985178397
test_052,2,0.05,0.002554278416347382,0.0012787723785166241,0.9665140019429852
test_052,2,0.1,0.002554278416347382,0.0012787723785166241,0.9900250788647896
test_052,3,0.0,0.002554278416347382,0.0012787723785166241,0.07740825109641282
test_052,3,0.05,0.002554278416347382,0.0012787723785166241,0.7044085333559054
test_052,3,0.1,0.002554278416347382,0.0012787723785166241,0.8981052097847358
test_052,4,0.0,0.002554278416347382,0.0012787723785166241,0.07489998813325847
test_052,4,0.05,0.002554278416347382,0.0012787723785166241,0.9019589995650333
test_052,4,0.1,0.002554278416347382,0.0012787723785166241,0.8990012950818924
test_052,5,0.0,0.002554278416347382,0.0012787723785166241,0.18671152021180049
test_052,5,0.05,0.002554278416347382,0.0012787723785166241,0.9678274989312855
test_052,5,0.1,0.002554278416347382,0.0012787723785166241,0.9818079063136524
test_052,6,0.0,0.002554278416347382,0.0012787723785166241,0.4381816146448428
test_052,6,0.05,0.002554278416347382,0.0012787723785166241,0.7898051045253336
test_052,6,0.1,0.002554278416347382,0.0012787723785166241,0.9018627802863121
test_052,7,0.0,0.002554278416347382,0.0012787723785166241,0.4164744184573878
test_052,7,0.05,0.002554278416347382,0.0012787723785166241,0.7885240267424538
test_052,7,0.1,0.002554278416347382,0.0012787723785166241,0.8652834755111697
test_052,8,0.0,0.002554278416347382,0.0012787723785166241,0.12063448805623324
test_052,8,0.05,0.002554278416347382,0.0012787723785166241,0.9227914540603238
test_052,8,0.1,0.002554278416347382,0.0012787723785166241,0.9565802843817096
test_052,9,0.0,0.002554278416347382,0.0012787723785166241,0.4093237916162499
test_052,9,0.05,0.002554278416347382,0.0012787723785166241,0.6684129473345887
test_052,9,0.1,0.002554278416347382,0.0012787723785166241,0.9051370623483634
test_061,0,0.0,0.25061103519947653,0.14325632563256327,0.21839184591922053
test_061,0,0.05,0.26038759839110104,0.14968138773342773,0.4053454463271558
test_061,0,0.1,0.2511883912934701,0.14363376251788268,0.6648987042495073
test_061,1,0.0,0.12905833221069649,0.06898041474654378,0.994938450352023
test_061,1,0.05,0.2662381401435692,0.15356096261433266,0.43439591830549834
test_061,1,0.1,0.17363022266700026,0.09506849315068493,0.9990859764295402
test_061,2,0.0,0.24399068532168358,0.13894612248476612,0.22683888993491627
test_061,2,0.05,0.2575393083273994,0.14780207643030704,0.40433705485862226
test_061,2,0.1,0.26646908258116664,0.1537146409698477,0.6687411145507014
test_061,3,0.0,0.2538057389195743,0.14534794013269559,0.21957822608289101
test_061,3,0.05,0.26739285233155635,0.15432976407339938,0.3929601716405815
test_061,3,0.1,0.2679702084255499,0.1547145492122047,0.546330282311299
test_061,4,0.0,0.2398722118511961,0.13628113450982965,0.19204760532693538
test_061,4,0.05,0.26527587998691327,0.1529210765714793,0.3811631882025962
test_061,4,0.1,0.2723966051461673,0.1576731129132876,0.5901783303675026
test_061,5,0.0,0.2407959816015858,0.1368778033037961,0.20706000231798505
test_061,5,0.05,0.2585400588903216,0.14846167447617364,0.38169382550723163
test_061,5,0.1,0.24760878351070995,0.14129766297662977,0.6578373225081043
test_061,6,0.0,0.25114990088720385,0.1436085923056607,0.20508468763373353
test_061,6,0.05,0.2685090741132773,0.15507391352673114,0.4109142135504099
test_061,6,0.1,0.2662381401435692,0.15356096261433266,0.5750191435780557
test_061,7,0.0,0.22309039471911626,0.1255496588324488,0.32922407352097066
test_061,7,0.05,0.18960374126748908,0.10473051982566174,0.7116986126731846
test_061,7,0.1,0.2650834279555821,0.15279318454097707,0.5461600428021773
test_061,8,0.0,0.24168126094570927,0.13745019920318724,0.19350402103875894
test_061,8,0.05,0.24206616500837166,0.13769924680329304,0.48187096276851665
test_061,8,0.1,0.2610419352976271,0.150113991013524,0.6400940315042009
test_061,9,0.0,0.25923288620311385,0.1489187635430947,0.33160171246628994
test_061,9,0.05,0.27101095052058277,0.1567453250222618,0.5181279890652299
test_061,9,0.1,0.24164277053944305,0.13742530043998863,0.7916142564893524
test_064,0,0.0,0.09626472800200551,0.05056623650250198,0.11906042722745105
test_064,0,0.05,0.09626472800200551,0.05056623650250198,0.22734618491762082
test_064,0,0.1,0.10152920531461519,0.053479466525815395,0.5637728422462946
test_064,1,0.0,0.08598646277262471,0.04492468893254748,0.9969375258886444
test_064,1,0.05,0.10278265229380797,0.0541754756871036,0.21817489103171786
test_064,1,0.1,0.09375783404361995,0.049184639663335084,0.9996799544157613
test_064,2,0.0,0.09501128102281274,0.04987498355046717,0.13695547152055051
test_064,2,0.05,0.09501128102281274,0.04987498355046717,0.23007739914075723
test_064,2,0.1,0.09400852343945851,0.04932263580165724,0.5516401457923914
test_064,3,0.0,0.09626472800200551,0.05056623650250198,0.12160249914465387
test_064,3,0.05,0.10278265229380797,0.0541754756871036,0.17429692836944205
test_064,3,0.1,0.10152920531461519,0.053479466525815395,0.3704767918455418
test_064,4,0.0,0.09501128102281274,0.04987498355046717,0.1182654426887277
test_064,4,0.05,0.10278265229380797,0.0541754756871036,0.18525527640139425
test_064,4,0.1,0.10278265229380797,0.0541754756871036,0.4179355576550744
test_064,5,0.0,0.09375783404361995,0.049184639663335084,0.09008526273842415
test_064,5,0.05,0.09626472800200551,0.05056623650250198,0.17439473733649047
test_064,5,0.1,0.10278265229380797,0.0541754756871036,0.4948380940874857
test_064,6,0.0,0.09375783404361995,0.049184639663335084,0.14570170112655315
test_064,6,0.05,0.09626472800200551,0.05056623650250198,0.19032161225835106
test_064,6,0.1,0.10278265229380797,0.0541754756871036,0.41327870409775014
test_064,7,0.0,0.09501128102281274,0.04987498355046717,0.24062397142143566
test_064,7,0.05,0.09501128102281274,0.04987498355046717,0.5944331877831054
test_064,7,0.1,0.09626472800200551,0.05056623650250198,0.3414398053438943
test_064,8,0.0,0.09501128102281274,0.04987498355046717,0.1290082062664132
test_064,8,0.05,0.09626472800200551,0.05056623650250198,0.4793826583867984
test_064,8,0.1,0.10278265229380797,0.0541754756871036,0.538646460610622
test_064,9,0.0,0.09375783404361995,0.049184639663335084,0.15109137993767996
test_064,9,0.05,0.09626472800200551,0.05056623650250198,0.3330707642147833
test_064,9,0.1,0.09501128102281274,0.04987498355046717,0.7719300882820708
test_065,0,0.0,0.02221450885109337,0.011232011232011231,0.26214173823013126
test_065,0,0.05,0.05137105171815342,0.026362664766654793,0.7984456218374573
test_065,0,0.1,0.12912183269698022,0.06901669758812616,0.7119783473515982
test_065,1,0.0,0.0,0.0,0.992208791361287
test_065,1,0.05,0.08399861159319681,0.04384057971014493,0.3167189400791169
test_065,1,0.1,0.04165220409580007,0.021269053527118043,0.998538122282574
test_065,2,0.0,0.02221450885109337,0.011232011232011231,0.6797375359053313
test_065,2,0.05,0.05137105171815342,0.026362664766654793,0.8296433705821359
test_065,2,0.1,0.07358556056924678,0.0381981981981982,0.8929619191964826
test_065,3,0.0,0.05137105171815342,0.026362664766654793,0.208167011558929
test_065,3,0.05,0.07358556056924678,0.0381981981981982,0.40067660044378345
test_065,3,0.1,0.10621312044429018,0.056085043988269793,0.5860079258064159
test_065,4,0.0,0.02221450885109337,0.011232011232011231,0.3034343055314693
test_065,4,0.05,0.07358556056924678,0.0381981981981982,0.5719720102576311
test_065,4,0.1,0.09163484901076015,0.04801746089487086,0.8068653439762551
test_065,5,0.0,0.0,0.0,0.2968986336159975
test_065,5,0.05,0.05137105171815342,0.026362664766654793,0.8721807202803851
test_065,5,0.1,0.05900728913571676,0.030400572246065807,0.9332356145183518
test_065,6,0.0,0.05137105171815342,0.026362664766654793,0.35690340878449817
test_065,6,0.05,0.08122179798681013,0.04232995658465991,0.5590277521453905
test_065,6,0.1,0.08122179798681013,0.04232995658465991,0.6437635681414989
test_065,7,0.0,0.04165220409580007,0.021269053527118043,0.8471312897354174
test_065,7,0.05,0.06386671294689344,0.032986733596271064,0.8949403327877238
test_065,7,0.1,0.07358556056924678,0.0381981981981982,0.8051764369844869
test_065,8,0.0,0.06386671294689344,0.032986733596271064,0.34873679162952254
test_065,8,0.05,0.08122179798681013,0.04232995658465991,0.9556102372820396
test_065,8,0.1,0.11384935786185352,0.060360691939639305,0.7139855551895944
test_065,9,0.0,0.05137105171815342,0.026362664766654793,0.5469085380738137
test_065,9,0.05,0.11384935786185352,0.060360691939639305,0.5544035738587939
test_065,9,0.1,0.08122179798681013,0.04232995658465991,0.9728941083163409
test_066,0,0.0,0.0010444283763155781,0.0005224870383023191,0.2979942555784117
test_066,0,0.05,0.007993894111030771,0.004012986751093992,0.9767126894640391
test_066,0,0.1,0.00670844380171929,0.003365510570121521,0.9970675020316828
test_066,1,0.0,0.0,0.0,0.993376298734518
test_066,1,0.05,0.007391339278541014,0.0037093782759454884,0.9635372065462006
test_066,1,0.1,0.0,0.0,0.9989799431785417
test_066,2,0.0,0.0012854503093114808,0.0006431385159578744,0.7105064251289547
test_066,2,0.05,0.001968345786133205,0.000985142443555359,0.9841115127772435
test_066,2,0.1,0.010363943118823812,0.005208964264082374,0.9926128147047631
test_066,3,0.0,0.0041777135052623125,0.0020932292085983416,0.5955506964528017
test_066,3,0.05,0.01108700891781152,0.005574406204556471,0.9749642023017883
test_066,3,0.1,0.008556278621354543,0.004296520423600605,0.9826753696818988
test_066,4,0.0,0.0018478348196352536,0.0009247718226046399,0.3937802136049286
test_066,4,0.05,0.009319514742508235,0.004681572362579708,0.9872100085617809
test_066,4,0.1,0.012814332770948823,0.0064484828882734645,0.9893548422225836
test_066,5,0.0,0.001968345786133205,0.000985142443555359,0.22375694670837198
test_066,5,0.05,0.010163091507993894,0.005107499747653174,0.9875192611686392
test_066,5,0.1,0.005864867036233631,0.0029410579751017285,0.9926491660108434
test_066,6,0.0,0.0042982244717602635,0.0021537408667297356,0.8867374504037182
test_066,6,0.05,0.010163091507993894,0.005107499747653174,0.9857192852062806
test_066,6,0.1,0.0067887844460512575,0.0034059533646385457,0.9868012962230375
test_066,7,0.0,4.0170322165983774e-05,2.0085564504790408e-05,0.976803301224063
test_066,7,0.05,0.0,0.0,0.9716650814203508
test_066,7,0.1,0.008998152165180365,0.0045194092486482125,0.9920720224005259
test_066,8,0.0,0.005181971559411906,0.002597716426025494,0.9452712615522859
test_066,8,0.05,0.0,0.0,0.9937898081664392
test_066,8,0.1,0.010604965051819716,0.005330748727889508,0.9953604830749018
test_066,9,0.0,0.007993894111030771,0.004012986751093992,0.4934471266143075
test_066,9,0.05,0.010082750863661926,0.005066919676201627,0.9448761942785814
test_066,9,0.1,0.009199003776010283,0.0046207550596259,0.9982718922255074
test_068,0,0.0,0.5635260913949438,0.3922981740351816,0.29847593948835366
test_068,0,0.05,0.6517504353569927,0.48340489212734494,0.7554069806995574
test_068,0,0.1,0.7684381192577914,0.623954127903575,0.8123373701963535
test_068,1,0.0,0.6640245000900739,0.4970334412081985,0.9911072493801749
test_068,1,0.05,0.8116495526331592,0.6830052148603307,0.6153841932613258
test_068,1,0.1,0.7060589683540504,0.5456654909968442,0.9983507168248905
test_068,2,0.0,0.5330931363718249,0.36341307658299354,0.5380837314186921
test_068,2,0.05,0.7056266138233351,0.5451491983372921,0.6818009862035469
test_068,2,0.1,0.7395664444844773,0.5867555979037637,0.8381118811863247
test_068,3,0.0,0.594535519125683,0.4230171073094868,0.32430406647834187
test_068,3,0.05,0.7722572509457756,0.6290057518488086,0.5850637495184015
test_068,3,0.1,0.71886146640245,0.5611114235896282,0.6949981042683275
test_068,4,0.0,0.44443643787906084,0.2857076680769587,0.25998143867617707
test_068,4,0.05,0.7582297483936828,0.6106038918333397,0.613894210036612
test_068,4,0.1,0.8131387737945115,0.6851169756334493,0.7632771596111377
test_068,5,0.0,0.5421485618206929,0.3718818993640228,0.2530377875709503
test_068,5,0.05,0.6806701495226085,0.5159211316838713,0.636027165631492
test_068,5,0.1,0.5739746592205609,0.40249962101433406,0.8754396653435869
test_068,6,0.0,0.7068996577193298,0.5466703817219282,0.4631357663525603
test_068,6,0.05,0.808911307271963,0.6791360813099944,0.6129646494060149
test_068,6,0.1,0.8189995796553173,0.6934794988610479,0.7015637354946468
test_068,7,0.0,0.6368822434396205,0.4672246696035242,0.5895303414228447
test_068,7,0.05,0.6382513661202186,0.46869983948635635,0.7317202984132769
test_068,7,0.1,0.7633459436738125,0.6172671651937458,0.6972713143538951
test_068,8,0.0,0.6948657899477572,0.5324094522968198,0.4321861469730733
test_068,8,0.05,0.7729778418303008,0.6299624148461358,0.6693076999935345
test_068,8,0.1,0.751432174382994,0.6018352859698736,0.7865135216548516
test_068,9,0.0,0.5825016513541104,0.41093638797573456,0.4025288356667224
test_068,9,0.05,0.7693268480153727,0.6251268639238036,0.6424872437426263
test_068,9,0.1,0.7299345463279889,0.5747219910734549,0.8221932366237136
test_069,0,0.0,0.023755767154216158,0.012020663620107291,0.4159047462577004
test_069,0,0.05,0.03923552642508174,0.020010320950759823,0.905169306523048
test_069,0,0.1,0.05350710936261147,0.02748898268263919,0.9677227980919254
test_069,1,0.0,0.02212472910421276,0.01118610937189805,0.9953630430894571
test_069,1,0.05,0.08732094449184859,0.045653735915798785,0.5990577985900787
test_069,1,0.1,0.0452462036834276,0.023146753196585157,0.9991025306679049
test_069,2,0.0,0.021520640937544834,0.01087736439552387,0.7334059753177593
test_069,2,0.05,0.04736051226676533,0.02425461154723694,0.9057051468477169
test_069,2,0.1,0.0613753577334612,0.031659227059914155,0.9647419267669647
test_069,3,0.0,0.04338863257092373,0.02217539634758178,0.4034969864528629
test_069,3,0.05,0.0703309648043132,0.03644716452486421,0.6681530034324065
test_069,3,0.1,0.07295874832931866,0.03786050156739812,0.8399591130236796
test_069,4,0.0,0.02576436030838701,0.0130502964237904,0.28158638403718167
test_069,4,0.05,0.06644969833347177,0.03436667682045755,0.8124919128741939
test_069,4,0.1,0.08143108486683631,0.04244365903384,0.9163039506601189
test_069,5,0.0,0.02689702562088937,0.0136318407960199,0.2721582160683336
test_069,5,0.05,0.02519047655005248,0.012755901898855181,0.9344135961471928
test_069,5,0.1,0.01339565509586124,0.006742990938393237,0.9854794977533252
test_069,6,0.0,0.04955033187093656,0.0254045683313976,0.7327679690057953
test_069,6,0.05,0.0847686719876766,0.04426027850935987,0.766105319707897
test_069,6,0.1,0.09283324901269341,0.04867600012669855,0.8418803743499752
test_069,7,0.0,0.053325882912611096,0.027393328161365398,0.9062994091216424
test_069,7,0.05,0.07617551781682537,0.03959587713031942,0.9385421449381277
test_069,7,0.1,0.07338161004598621,0.038088295237199386,0.9055272737394019
test_069,8,0.0,0.06456192281263451,0.033357782702331536,0.6403447349775088
test_069,8,0.05,0.07856166607516367,0.04088690471511998,0.986914167009697
test_069,8,0.1,0.08159720911266999,0.0425339295273483,0.9180670381799976
test_069,9,0.0,0.0363510054292424,0.01851196702147296,0.35134779223144524
test_069,9,0.05,0.07545061201682386,0.03920430023149057,0.6372483233843076
test_069,9,0.1,0.06634398290430488,0.034310126681141535,0.9930655637229903
test_071,0,0.0,0.3717830160696526,0.2283375125913543,0.6753192980382698
test_071,0,0.05,0.37180046411808837,0.22835067565395373,0.7296180181403589
test_071,0,0.1,0.3716783277790379,0.22825854013972827,0.8175127616893169
test_071,1,0.0,0.37181791216652416,0.2283638389986712,0.9777278978504585
test_071,1,0.05,0.37176556802121685,0.2283243498108638,0.7781454899774144
test_071,1,0.1,0.37181791216652416,0.2283638389986712,0.9936598284203693
test_071,2,0.0,0.3717306719243453,0.22829802509617342,0.6814833430032349
test_071,2,0.05,0.37180046411808837,0.22835067565395373,0.7330677620656976
test_071,2,0.1,0.3717306719243453,0.22829802509617342,0.7808426822249915
test_071,3,0.0,0.3716783277790379,0.22825854013972827,0.693381126235545
test_071,3,0.05,0.37180046411808837,0.22835067565395373,0.7492318665868176
test_071,3,0.1,0.37162598363373056,0.22821905772177398,0.8139039236358513
test_071,4,0.0,0.37180046411808837,0.22835067565395373,0.7019124753649687
test_071,4,0.05,0.37176556802121685,0.2283243498108638,0.7407404967652751
test_071,4,0.1,0.3716957758274737,0.22827170150981002,0.8007196885862676
test_071,5,0.0,0.37174811997278107,0.2283111873124732,0.6737331777911877
test_071,5,0.05,0.3717306719243453,0.22829802509617342,0.702994915125849
test_071,5,0.1,0.3717830160696526,0.2283375125913543,0.7856559557214745
test_071,6,0.0,0.3717132238759095,0.22828486316195537,0.6542550238191253
test_071,6,0.05,0.37176556802121685,0.2283243498108638,0.7485523359390389
test_071,6,0.1,0.3717830160696526,0.2283375125913543,0.8021333098784629
test_071,7,0.0,0.37181791216652416,0.2283638389986712,0.7267495027998911
test_071,7,0.05,0.37181791216652416,0.2283638389986712,0.7806650094773201
test_071,7,0.1,0.3717830160696526,0.2283375125913543,0.7971705843222244
test_071,8,0.0,0.37180046411808837,0.22835067565395373,0.6619297574840969
test_071,8,0.05,0.3717830160696526,0.2283375125913543,0.7252656825465048
test_071,8,0.1,0.3717830160696526,0.2283375125913543,0.806855101311618
test_071,9,0.0,0.3717306719243453,0.22829802509617342,0.6782181506182472
test_071,9,0.05,0.3716957758274737,0.22827170150981002,0.7793163545604316
test_071,9,0.1,0.3717830160696526,0.2283375125913543,0.7713762288428495
test_073,0,0.0,0.4170383728627845,0.26345450560099676,0.6710884361563569
test_073,0,0.05,0.41721186111808617,0.26359299192929625,0.7570196800209082
test_073,0,0.1,0.41645399137124206,0.2629882485901768,0.8459962113710001
test_073,1,0.0,0.41724838496130756,0.2636221508143003,0.9854130708293853
test_073,1,0.05,0.41702924190197915,0.26344721768774193,0.8087505526863635
test_073,1,0.1,0.41724838496130756,0.2636221508143003,0.9957461330213584
test_073,2,0.0,0.41698358709795236,0.263410779382585,0.7076932560384053
test_073,2,0.05,0.41721186111808617,0.26359299192929625,0.7674670452848399
test_073,2,0.1,0.4171753372748647,0.26356383438998077,0.8196550227599233
test_073,3,0.0,0.41713881343164333,0.26353467819626075,0.6941703481739765
test_073,3,0.05,0.4170383728627845,0.26345450560099676,0.7794065842201735
test_073,3,0.1,0.4150295614856073,0.2618531875424871,0.8427905664022793
test_073,4,0.0,0.4170748967060059,0.26348365809480956,0.688939276415356
test_073,4,0.05,0.4170566347843952,0.2634690816797416,0.7626934545095683
test_073,4,0.1,0.4165726938617116,0.26308292919215975,0.8302995567925506
test_073,5,0.0,0.4170201109411738,0.26343992985856346,0.6691854270429602
test_073,5,0.05,0.4171844682356701,0.2635711236486564,0.7402514139906841
test_073,5,0.1,0.4166457415481544,0.2631412012341051,0.8143720927669635
test_073,6,0.0,0.41692880133312027,0.263367056190663,0.6740082428365272
test_073,6,0.05,0.41710228958842194,0.26350552334804306,0.7818576247053769
test_073,6,0.1,0.4169105394115096,0.2633524824658546,0.834939068505981
test_073,7,0.0,0.41724838496130756,0.2636221508143003,0.7340269749141731
test_073,7,0.05,0.41724838496130756,0.2636221508143003,0.7981917325229293
test_073,7,0.1,0.4171935991964755,0.26357841299143325,0.8217305881328681
test_073,8,0.0,0.41712055151003263,0.2635201006039699,0.6611355781177014
test_073,8,0.05,0.41724838496130756,0.2636221508143003,0.7517942508680968
test_073,8,0.1,0.4161070148606387,0.2627115712770373,0.8412896869962007
test_073,9,0.0,0.4170748967060059,0.26348365809480956,0.7227201601768836
test_073,9,0.05,0.41676444403862395,0.263235904770693,0.8351640203908979
test_073,9,0.1,0.41724838496130756,0.2636221508143003,0.802814047723418
test_074,0,0.0,0.03611130450927151,0.018387653328921557,0.14812361401328947
test_074,0,0.05,0.035182993339367356,0.01790649878339751,0.6170459812038094
test_074,0,0.1,0.03211956647868366,0.016321909569073284,0.8451888030409088
test_074,1,0.0,0.036482628977233166,0.018580242535990357,0.9957729943530926
test_074,1,0.05,0.036946784562185246,0.018821081502849172,0.33748022100030234
test_074,1,0.1,0.03717886235466128,0.018941543700340523,0.9992047326650777
test_074,2,0.0,0.035182993339367356,0.01790649878339751,0.2531469816244895
test_074,2,0.05,0.03611130450927151,0.018387653328921557,0.5420437495592176
test_074,2,0.1,0.03444034440344403,0.017521902377972465,0.867952562350336
test_074,3,0.0,0.03611130450927151,0.018387653328921557,0.12953676203493655
test_074,3,0.05,0.036807537886699625,0.018748817855116322,0.2978107098267313
test_074,3,0.1,0.03258372206363573,0.016561681647674995,0.6218752045573969
test_074,4,0.0,0.03383694214300634,0.017209631728045325,0.11165102473423169
test_074,4,0.05,0.03355844879203509,0.017065571448803284,0.3942614685834136
test_074,4,0.1,0.03467242219592007,0.01764205753152898,0.7968131780254807
test_074,5,0.0,0.03611130450927151,0.018387653328921557,0.10796156852481636
test_074,5,0.05,0.032862215414606974,0.0167055992071919,0.49759446433592897
test_074,5,0.1,0.028267075123581425,0.014336158192090396,0.9097628705246671
test_074,6,0.0,0.0379215112905846,0.019327214231642693,0.15928736367955085
test_074,6,0.05,0.03550790224883381,0.018074851148284662,0.32811326492646525
test_074,6,0.1,0.03550790224883381,0.018074851148284662,0.6440373848904688
test_074,7,0.0,0.03406901993548237,0.017329713138944634,0.3534822217713512
test_074,7,0.05,0.03379052658451113,0.017185618847524845,0.783042305987919
test_074,7,0.1,0.036807537886699625,0.018748817855116322,0.6366079523083917
test_074,8,0.0,0.03625055118475713,0.018459865746430933,0.1615954722915131
test_074,8,0.05,0.036946784562185246,0.018821081502849172,0.665008661155342
test_074,8,0.1,0.033047877648587805,0.016801566887698516,0.819765950792463
test_074,9,0.0,0.032862215414606974,0.0167055992071919,0.21938433077206443
test_074,9,0.05,0.034950915546891316,0.017786281179138323,0.5088150644354223
test_074,9,0.1,0.03379052658451113,0.017185618847524845,0.9284844203463738
test_075,0,0.0,0.479049193764927,0.31496692187616143,0.3818566537891752
test_075,0,0.05,0.5890815562244739,0.4175163765299786,0.48490595428558625
test_075,0,0.1,0.6048246915673888,0.43351160811960615,0.6997727003414865
test_075,1,0.0,0.47031556931077856,0.30745921176622754,0.9930325524762549
test_075,1,0.05,0.6910303698364918,0.5279193297633443,0.5334347817668779
test_075,1,0.1,0.570625061827843,0.3992130032429012,0.9988181407292833
test_075,2,0.0,0.5958932180155736,0.42439309150932003,0.39721254254615607
test_075,2,0.05,0.5683639292830797,0.3970030798389007,0.4812854354351937
test_075,2,0.1,0.5203148627068583,0.35163890586797064,0.6450858591788088
test_075,3,0.0,0.5272961094388152,0.3580462527588523,0.38721278387306546
test_075,3,0.05,0.6677689687822388,0.5012411159435664,0.48395515488542307
test_075,3,0.1,0.6533259846525629,0.48514041052764134,0.6389824316477981
test_075,4,0.0,0.3997682339141618,0.2498189589699207,0.3491360624464608
test_075,4,0.05,0.6141235991577281,0.4431301368466135,0.46520644329176675
test_075,4,0.1,0.6532977204957533,0.48510924087560603,0.6414728432056591
test_075,5,0.0,0.5027628213281328,0.3357937062277009,0.3399189408596779
test_075,5,0.05,0.5741298172722262,0.4026522359657469,0.4384294355735855
test_075,5,0.1,0.5335707522505335,0.36385714010369485,0.6930717610648335
test_075,6,0.0,0.6243269597659727,0.45383382642998027,0.4056169883533221
test_075,6,0.05,0.6575938723308037,0.48986209074639436,0.49853025509106913
test_075,6,0.1,0.6730826302624326,0.5072528596076427,0.5998511210191712
test_075,7,0.0,0.5718404205706533,0.4004037285519207,0.4212850892303531
test_075,7,0.05,0.6395048119726968,0.47005297600498597,0.5087959853255503
test_075,7,0.1,0.6118342024561553,0.44075009162356965,0.5641857590959994
test_075,8,0.0,0.6333714899450262,0.4634554930509596,0.385753990751755
test_075,8,0.05,0.6575373440171846,0.48979935574878414,0.46975188205270224
test_075,8,0.1,0.6237899407865914,0.4532665174262184,0.6725029493156841
test_075,9,0.0,0.5839657438419469,0.4123952095808383,0.4232426877666222
test_075,9,0.05,0.6861406707084411,0.5222329783801226,0.6078120543545377
test_075,9,0.1,0.6167521657410155,0.44587249693502246,0.5998293735489021
test_079,0,0.0,0.056850609643108625,0.02925694232529753,0.3628563024156217
test_079,0,0.05,0.05766593781269688,0.02968899065063919,0.9625320679631569
test_079,0,0.1,0.05744357558462736,0.02957112332112332,0.9974455462279553
test_079,1,0.0,0.0,0.0,0.9939984807200131
test_079,1,0.05,0.06292851054367565,0.032486416162852985,0.946196355431328
test_079,1,0.1,0.0,0.0,0.9989854580589852
test_079,2,0.0,0.06122373346180929,0.03157854494016898,0.6654280242572992
test_079,2,0.05,0.05618352295890005,0.02890371782650143,0.9679316127672477
test_079,2,0.1,0.0534410554793759,0.027454116213540478,0.9858857744882459
test_079,3,0.0,0.06441092539747248,0.03327716933445661,0.5478645544607249
test_079,3,0.05,0.059889560093392136,0.030869149952244507,0.9486728035227381
test_079,3,0.1,0.04269354778934885,0.021812398227742644,0.9462496217281029
test_079,4,0.0,0.055961160730830524,0.028786030196736312,0.45148263913490055
test_079,4,0.05,0.06011192232146166,0.03098731468745224,0.973284556806804
test_079,4,0.1,0.05373753845013527,0.027610632949958108,0.9799493935136117
test_079,5,0.0,0.05366341770744543,0.027571499295479644,0.29448443157414944
test_079,5,0.05,0.047585516806878406,0.024372651000341673,0.9726365511507172
test_079,5,0.1,0.03209428158470148,0.016308851224105463,0.9934004375751558
test_079,6,0.0,0.07026646406996997,0.03641252160553102,0.8267995165016873
test_079,6,0.05,0.06559685728050996,0.033910644493830945,0.9792400649609113
test_079,6,0.1,0.0633732349998147,0.03272351500306185,0.9796551827166263
test_079,7,0.0,0.036689767631471665,0.018687707641196014,0.9736210792432298
test_079,7,0.05,0.019345513842048696,0.009767232991542548,0.9884467299362368
test_079,7,0.1,0.059000111181114034,0.03039676175201436,0.9872883183939694
test_079,8,0.0,0.07167475818107698,0.037169434194341947,0.8867627604604844
test_079,8,0.05,0.03891338991216692,0.01984276967268879,0.9925787803139138
test_079,8,0.1,0.0481043620057073,0.024644945697577275,0.9838691901602877
test_079,9,0.0,0.06507801208168106,0.03363340356253591,0.6967723128712774
test_079,9,0.05,0.0656709780231998,0.03395026248227766,0.790781124835996
test_079,9,0.1,0.04995738057295334,0.02561860960127713,0.9965272097686495
test_082,0,0.0,0.13314577535855174,0.07132092779452234,0.30342985728161365
test_082,0,0.05,0.15201369988685362,0.08225910542602306,0.3841230518329759
test_082,0,0.1,0.14244212715207485,0.07668247069669433,0.7259176939782085
test_082,1,0.0,0.12715207486009603,0.06789236496636405,0.9934005572991328
test_082,1,0.05,0.19663007247484787,0.10903479617445568,0.3760633800093265
test_082,1,0.1,0.1799944955811749,0.09889777538813092,0.9988732875788476
test_082,2,0.0,0.2038163970520779,0.11347191719018676,0.3235421329636513
test_082,2,0.05,0.17155438671600257,0.09382526090446883,0.37574127055638523
test_082,2,0.1,0.15708999724779057,0.08524018916452336,0.5957319340084832
test_082,3,0.0,0.12033271153787346,0.06401809100818326,0.30586645769264476
test_082,3,0.05,0.1778233081557139,0.0975884001543961,0.36316307992642494
test_082,3,0.1,0.16614170820464205,0.09059680835098134,0.5486703828201226
test_082,4,0.0,0.10537904039631815,0.055620117502743885,0.27592695615304785
test_082,4,0.05,0.17864897097948074,0.0980859637340497,0.3572594580888085
test_082,4,0.1,0.18574355524295894,0.10237998921251348,0.6069669044716626
test_082,5,0.0,0.1517996391547659,0.08213375690790563,0.27781249464810537
test_082,5,0.05,0.1258677104675698,0.06716052605815358,0.3528084322233326
test_082,5,0.1,0.10504265924589462,0.055432730324204815,0.8162087301419891
test_082,6,0.0,0.16635576893672976,0.09072412527934358,0.31953416951426034
test_082,6,0.05,0.20617106510504266,0.11493351517217866,0.3659227613001414
test_082,6,0.1,0.1898107091526253,0.10485682912408142,0.4770375151288594
test_082,7,0.0,0.20066664627993028,0.11152277362338545,0.3321915112019851
test_082,7,0.05,0.27399773707226077,0.15874703235179477,0.43234758114420047
test_082,7,0.1,0.20005504418825112,0.11114509004417261,0.4581501783022554
test_082,8,0.0,0.17916883275740803,0.09839947600893471,0.3153109626837819
test_082,8,0.05,0.1995657625149078,0.11084312792988654,0.3714003491285769
test_082,8,0.1,0.15923060456866764,0.08650220117949996,0.6537732184611359
test_082,9,0.0,0.17861839087489678,0.09806752740887494,0.33157489936466483
test_082,9,0.05,0.20479496039876458,0.11407886892087557,0.41812519123145264
test_082,9,0.1,0.20984067765511757,0.11721899555859241,0.5843008804952813
test_084,0,0.0,0.012579423657018163,0.006329522702318672,0.414785404435716
test_084,0,0.05,0.012579423657018163,0.006329522702318672,0.9398062152167246
test_084,0,0.1,0.012579423657018163,0.006329522702318672,0.9964463063408125
test_084,1,0.0,0.0,0.0,0.9929496463921487
test_084,1,0.05,0.021564726269173995,0.010899889703497048,0.9477302010654808
test_084,1,0.1,0.008215133816828188,0.004124508603467165,0.9986702955956817
test_084,2,0.0,0.013349592452345805,0.006719648510693287,0.547999188709934
test_084,2,0.05,0.006931519157948784,0.003477812842145939,0.9588597316347216
test_084,2,0.1,0.006931519157948784,0.003477812842145939,0.9885084696400783
test_084,3,0.0,0.012579423657018163,0.006329522702318672,0.5403303924420392
test_084,3,0.05,0.012579423657018163,0.006329522702318672,0.9256256016602175
test_084,3,0.1,0.02336178679160516,0.011818949282420936,0.9476956357696966
test_084,4,0.0,0.013349592452345805,0.006719648510693287,0.4153677276433155
test_084,4,0.05,0.015146652974776973,0.007631119446420488,0.9725238444476048
test_084,4,0.1,0.020794557473846353,0.01050651793242104,0.9808911812279765
test_084,5,0.0,0.013349592452345805,0.006719648510693287,0.34838779001521125
test_084,5,0.05,0.018612412553751363,0.009393625291526302,0.9594605741734256
test_084,5,0.1,0.02926641422245042,0.014850517814107992,0.9891573573215807
test_084,6,0.0,0.0,0.0,0.7880682767735415
test_084,6,0.05,0.0,0.0,0.9780571361444718
test_084,6,0.1,0.006931519157948784,0.003477812842145939,0.9799386878178504
test_084,7,0.0,0.00898530261215583,0.00451292631036039,0.9431087159010547
test_084,7,0.05,0.016430267633656376,0.008283181259302401,0.971021336178801
test_084,7,0.1,0.006931519157948784,0.003477812842145939,0.9756273009689126
test_084,8,0.0,0.0007701687953276426,0.0003852327447833066,0.7349616369236838
test_084,8,0.05,0.008215133816828188,0.004124508603467165,0.9926125265484713
test_084,8,0.1,0.017200436428984018,0.008674823590341166,0.990195120039196
test_084,9,0.0,0.0,0.0,0.598244576445616
test_084,9,0.05,0.020794557473846353,0.01050651793242104,0.6668157543630077
test_084,9,0.1,0.016173544701880496,0.008152701391135555,0.996974308238311
test_090,0,0.0,0.24935121551333345,0.14243360388614407,0.763031524261867
test_090,0,0.05,0.24943019110513703,0.14248514388729386,0.7838358167815137
test_090,0,0.1,0.24930698918192343,0.14240474351664056,0.8489117438036057
test_090,1,0.0,0.24944282719982563,0.14249339071903563,0.9704779701123075
test_090,1,0.05,0.24935121551333345,0.14243360388614407,0.818619815576126
test_090,1,0.1,0.24943650915248133,0.1424892672882827,0.9932810556068253
test_090,2,0.0,0.24943335012880918,0.1424872055840678,0.7672323910206419
test_090,2,0.05,0.24943335012880918,0.1424872055840678,0.7943458800445387
test_090,2,0.1,0.2494270320814649,0.14248308219796085,0.8197318871335084
test_090,3,0.0,0.2493543745370056,0.14243566539690675,0.7585698749512655
test_090,3,0.05,0.24942387305779276,0.14248102051606873,0.7954801727859763
test_090,3,0.1,0.24907638045385694,0.1422542809254124,0.8340032021586825
test_090,4,0.0,0.24935753356067775,0.1424377269151094,0.7588787949655899
test_090,4,0.05,0.24943335012880918,0.1424872055840678,0.7879417246763082
test_090,4,0.1,0.24923749066113626,0.14235939445336604,0.8329398248588422
test_090,5,0.0,0.24935121551333345,0.14243360388614407,0.7588866407139464
test_090,5,0.05,0.24943335012880918,0.1424872055840678,0.7728480233701696
test_090,5,0.1,0.2493764877027106,0.14245009618056684,0.8216011999516301
test_090,6,0.0,0.2493480564896613,0.14243154238282132,0.7471089069874219
test_090,6,0.05,0.24943335012880918,0.1424872055840678,0.7993198820316912
test_090,6,0.1,0.24943019110513703,0.14248514388729386,0.8344849311077771
test_090,7,0.0,0.24943650915248133,0.1424892672882827,0.7673922924339224
test_090,7,0.05,0.24943650915248133,0.1424892672882827,0.799241525783588
test_090,7,0.1,0.24943019110513703,0.14248514388729386,0.8286198545782413
test_090,8,0.0,0.24943335012880918,0.1424872055840678,0.7460877448755132
test_090,8,0.05,0.24943650915248133,0.1424892672882827,0.7708004349022936
test_090,8,0.1,0.24935121551333345,0.14243360388614407,0.83602654473325
test_090,9,0.0,0.24935121551333345,0.14243360388614407,0.7909766626115624
test_090,9,0.05,0.2493480564896613,0.14243154238282132,0.8455584203382679
test_090,9,0.1,0.24943650915248133,0.1424892672882827,0.8025470661105476
test_092,0,0.0,0.060183782692113504,0.031025507548152004,0.3749318363944384
test_092,0,0.05,0.08999293143491871,0.047116543658933745,0.8887446885315836
test_092,0,0.1,0.09237604766232455,0.048424663335309565,0.9570603183737438
test_092,1,0.0,0.09617287690598808,0.05051555140662791,0.9948975927599697
test_092,1,0.05,0.11010804806624255,0.058261557203616234,0.4410726698752813
test_092,1,0.1,0.10881551045137837,0.057538284103286985,0.9990353894858783
test_092,2,0.0,0.08151065333737251,0.042486893909088996,0.6348259533074583
test_092,2,0.05,0.09366858527718873,0.049135519959318585,0.8741666360288394
test_092,2,0.1,0.09467838028880138,0.04969154777299612,0.9611915735524118
test_092,3,0.0,0.07230132283146522,0.037506547930853854,0.37279671827048244
test_092,3,0.05,0.09395132788044028,0.04929114836084681,0.6267384561484294
test_092,3,0.1,0.10130263556498031,0.05335375582360074,0.789159604971288
test_092,4,0.0,0.0800565485206503,0.041697347106220944,0.04370425807970747
test_092,4,0.05,0.09160860345349894,0.04800304781255953,0.6594044765832036
test_092,4,0.1,0.09859638493385843,0.05185452691506989,0.8914219507879182
test_092,5,0.0,0.07395738665050995,0.038398624276486874,0.012534466609920733
test_092,5,0.05,0.08603453498939716,0.04495093383982273,0.7647969527544841
test_092,5,0.1,0.09492073109158841,0.049825082158380156,0.9543259516271526
test_092,6,0.0,0.10142381096637383,0.05342098544804697,0.19956767335393985
test_092,6,0.05,0.10441280420074725,0.05508203707649691,0.5166794975480206
test_092,6,0.1,0.10986569726345552,0.05812586814830644,0.7223673513476038
test_092,7,0.0,0.1040896697970312,0.054902211427840984,0.9007927172101474
test_092,7,0.05,0.10889629405230739,0.0575834597065294,0.9390749240472168
test_092,7,0.1,0.1054629910128244,0.05566689408152823,0.8811311318320637
test_092,8,0.0,0.09726345551852973,0.05111766828709109,0.20900023594989728
test_092,8,0.05,0.11289508229829345,0.05982448630136986,0.977231661863441
test_092,8,0.1,0.1076441482379077,0.05688367129135539,0.8292022386854474
test_092,9,0.0,0.0983944259315359,0.051742815267953865,0.10678549061329073
test_092,9,0.05,0.1012218519640513,0.05330894084111553,0.6262965263750079
test_092,9,0.1,0.09306270827022115,0.048802185931244836,0.9905826380661668
test_094,0,0.0,0.09929178974340724,0.05223936488915518,0.1422358600422625
test_094,0,0.05,0.19360119577209153,0.10717522361007131,0.6133305897478653
test_094,0,0.1,0.45748959037688175,0.29658768428581317,0.8275634757553312
test_094,1,0.0,0.5928680735969252,0.42133083790687675,0.9949862228178957
test_094,1,0.05,0.5032919320972277,0.33626593113943315,0.4360289818703218
test_094,1,0.1,0.674685931883697,0.5090762620837809,0.999073826281188
test_094,2,0.0,0.10213886615182034,0.05381788178817882,0.43950551311030817
test_094,2,0.05,0.2061283319691092,0.11490695552116811,0.589807784336591
test_094,2,0.1,0.2972347770383288,0.1745600468168708,0.842602847661782
test_094,3,0.0,0.2031744901953806,0.11307413496009032,0.14341820800395913
test_094,3,0.05,0.35794868144773834,0.21798872995231902,0.3761397001322935
test_094,3,0.1,0.36652549912808285,0.22438397350704808,0.7719545021498052
test_094,4,0.0,0.11541335990604648,0.06124067604569918,0.16706152389772358
test_094,4,0.05,0.3383750311398982,0.20364103662454486,0.4227865894119612
test_094,4,0.1,0.3595857503825759,0.21920423482448909,0.8159193045260328
test_094,5,0.0,0.1321399338054735,0.07074402210155283,0.13077501888766394
test_094,5,0.05,0.183067013060963,0.10075606220864183,0.5521471935820541
test_094,5,0.1,0.20242713263817216,0.11261136408631954,0.9373426399082251
test_094,6,0.0,0.2363073418982882,0.13398442229307075,0.2549175612044726
test_094,6,0.05,0.5366739029858714,0.36674935551340043,0.40675266971664326
test_094,6,0.1,0.574575607672871,0.4030909045514693,0.6618129657786327
test_094,7,0.0,0.4415459624897683,0.2833230572492065,0.3992166447840477
test_094,7,0.05,0.6402718957970035,0.47088229905514695,0.6685431118916922
test_094,7,0.1,0.4002989430228834,0.25023359288097885,0.6503865541886247
test_094,8,0.0,0.2977686038649062,0.17492839371955426,0.21416186889987757
test_094,8,0.05,0.5952525000889711,0.42374341305229024,0.5366757775830293
test_094,8,0.1,0.3964553898715257,0.24723689466909318,0.8445357797495372
test_094,9,0.0,0.21652016085981707,0.12140320070239853,0.1756014572008495
test_094,9,0.05,0.3657781415708744,0.2238240418118467,0.5346468855203795
test_094,9,0.1,0.5845047866472116,0.4129330718559863,0.7878714706257204
test_097,0,0.0,0.0041886471855057,0.0020987189894470073,0.40762945463962513
test_097,0,0.05,0.0041886471855057,0.0020987189894470073,0.9426493912827097
test_097,0,0.1,0.0033193053168158377,0.0016624116843792674,0.985749139758964
test_097,1,0.0,0.0041886471855057,0.0020987189894470073,0.9976960495435415
test_097,1,0.05,0.0041886471855057,0.0020987189894470073,0.8986861874878317
test_097,1,0.1,0.0046233181198506315,0.002317015209125475,0.9995003353004295
test_097,2,0.0,0.0041886471855057,0.0020987189894470073,0.6687835564198871
test_097,2,0.05,0.0041886471855057,0.0020987189894470073,0.9630375227389293
test_097,2,0.1,0.003042696540414518,0.0015236662972930189,0.9932056354917768
test_097,3,0.0,0.0041886471855057,0.0020987189894470073,0.5516536742446677
test_097,3,0.05,0.0041886471855057,0.0020987189894470073,0.9383346655177108
test_097,3,0.1,0.0041886471855057,0.0020987189894470073,0.9696910390364635
test_097,4,0.0,0.0041886471855057,0.0020987189894470073,0.3982284041744501
test_097,4,0.05,0.0041886471855057,0.0020987189894470073,0.979372388312451
test_097,4,0.1,0.0033193053168158377,0.0016624116843792674,0.9903730471490093
test_097,5,0.0,0.0041886471855057,0.0020987189894470073,0.44937380996586096
test_097,5,0.05,0.0041886471855057,0.0020987189894470073,0.9788585027307738
test_097,5,0.1,0.0021733546717246557,0.0010878594881126628,0.9944658508675673
test_097,6,0.0,0.0041886471855057,0.0020987189894470073,0.8424086483745895
test_097,6,0.05,0.0041886471855057,0.0020987189894470073,0.9880355320305341
test_097,6,0.1,0.0041886471855057,0.0020987189894470073,0.9873050386276658
test_097,7,0.0,0.0041886471855057,0.0020987189894470073,0.9392703942997349
test_097,7,0.05,0.0041886471855057,0.0020987189894470073,0.9622538870835609
test_097,7,0.1,0.0041886471855057,0.0020987189894470073,0.9724348798175556
test_097,8,0.0,0.0041886471855057,0.0020987189894470073,0.8061179104266851
test_097,8,0.05,0.004425740422421117,0.002217777865784836,0.9964391289874059
test_097,8,0.1,0.0033193053168158377,0.0016624116843792674,0.9941311609613208
test_097,9,0.0,0.0041886471855057,0.0020987189894470073,0.2928896984128563
test_097,9,0.05,0.0041886471855057,0.0020987189894470073,0.7547952486520598
test_097,9,0.1,0.0041886471855057,0.0020987189894470073,0.9975218492398458
test_099,0,0.0,0.0010182207931404073,0.0005093697219913675,0.4406576520796081
test_099,0,0.05,0.0001607717041800643,8.03923144947343e-05,0.9792348010704451
test_099,0,0.1,0.0004823151125401929,0.0002412157272654177,0.9988798788193602
test_099,1,0.0,5.359056806002143e-05,2.6796002036496154e-05,0.9950799980377841
test_099,1,0.05,0.0005894962486602357,0.00029483502640113645,0.967159335833482
test_099,1,0.1,0.00021436227224008573,0.00010719262514738985,0.9992947033559486
test_099,2,0.0,0.0010718113612004287,0.0005361930294906167,0.6267471689619042
test_099,2,0.05,0.0001607717041800643,8.03923144947343e-05,0.9785301495234129
test_099,2,0.1,0.0002679528403001072,0.00013399437223636607,0.993467023798567
test_099,3,0.0,0.0005894962486602357,0.00029483502640113645,0.601700679627688
test_099,3,0.05,0.00021436227224008573,0.00010719262514738985,0.9694213949377746
test_099,3,0.1,0.0010182207931404073,0.0005093697219913675,0.9756888765303666
test_099,4,0.0,0.0019828510182207932,0.0009924094091140734,0.4334120318350261
test_099,4,0.05,0.0005894962486602357,0.00029483502640113645,0.9815475854032172
test_099,4,0.1,0.0019292604501607716,0.0009655616350177019,0.9906588707486277
test_099,5,0.0,0.0022508038585209,0.0011266698857234831,0.44224273294481325
test_099,5,0.05,0.0020364415862808146,0.0010192586234644065,0.9850101049038437
test_099,5,0.1,0.0026259378349410504,0.0013146950712350084,0.9966850498985836
test_099,6,0.0,0.0015005359056806003,0.0007508312774857878,0.8445042479244109
test_099,6,0.05,0.00021436227224008573,0.00010719262514738985,0.9889922003890247
test_099,6,0.1,0.00021436227224008573,0.00010719262514738985,0.9922448868946183
test_099,7,0.0,0.0005894962486602357,0.00029483502640113645,0.9779344306796226
test_099,7,0.05,0.0009646302250803858,0.00048254785266205565,0.9885556993448215
test_099,7,0.1,0.0001607717041800643,8.03923144947343e-05,0.9927853691555525
test_099,8,0.0,0.0005894962486602357,0.00029483502640113645,0.8751984577895922
test_099,8,0.05,0.0005894962486602357,0.00029483502640113645,0.9944826286984902
test_099,8,0.1,0.0001607717041800643,8.03923144947343e-05,0.9946559307263753
test_099,9,0.0,0.0010718113612004287,0.0005361930294906167,0.6298810748077506
test_099,9,0.05,0.0009646302250803858,0.00048254785266205565,0.8979282566183443
test_099,9,0.1,0.002357984994640943,0.0011803841613907073,0.9978661444810079
test_102,0,0.0,0.0,0.0,0.32216427820012267
test_102,0,0.05,0.0,0.0,0.9449101663116579
test_102,0,0.1,0.012404418011894647,0.006240916474309652,0.9965188469925852
test_102,1,0.0,0.15751911639762106,0.08549294475698607,0.9956258085349945
test_102,1,0.05,0.05148683092608326,0.02642365047527688,0.9560107613366223
test_102,1,0.1,0.19456244689889549,0.10776470588235294,0.9987027390893218
test_102,2,0.0,0.0005097706032285472,0.00025495028469448456,0.6744376733461871
test_102,2,0.05,0.0,0.0,0.944075585803241
test_102,2,0.1,0.023279524214103654,0.011776841743316427,0.9917976966069058
test_102,3,0.0,0.009855564995751912,0.004952185792349727,0.498322201965786
test_102,3,0.05,0.009855564995751912,0.004952185792349727,0.9466028283405337
test_102,3,0.1,0.024468988954970263,0.012386031309134697,0.9704782854767648
test_102,4,0.0,0.009345794392523364,0.004694835680751174,0.5589337995940471
test_102,4,0.05,0.02463891248937978,0.012473118279569893,0.9638338489245399
test_102,4,0.1,0.041971112999150385,0.021435390089386445,0.985664325238555
test_102,5,0.0,0.0,0.0,0.4416170747932296
test_102,5,0.05,0.0,0.0,0.9696315944189671
test_102,5,0.1,0.0,0.0,0.9933097477939332
test_102,6,0.0,0.0,0.0,0.7454439191641495
test_102,6,0.05,0.01597281223449448,0.008050702295306612,0.9769360886436658
test_102,6,0.1,0.07221750212404418,0.0374614367562803,0.9864948470763685
test_102,7,0.0,0.01155480033984707,0.005810972483336182,0.9205938197155328
test_102,7,0.05,0.14222599830076466,0.07655721211012531,0.9321955950975792
test_102,7,0.1,0.009345794392523364,0.004694835680751174,0.9788606185963639
test_102,8,0.0,0.0011894647408666101,0.0005950862875116892,0.8093687012533093
test_102,8,0.05,0.09787595581988105,0.05145613721636591,0.9947260929096371
test_102,8,0.1,0.1221750212404418,0.06506198534069314,0.9957758484224595
test_102,9,0.0,0.0,0.0,0.6140827539023721
test_102,9,0.05,0.009345794392523364,0.004694835680751174,0.9171628028822795
test_102,9,0.1,0.05454545454545454,0.028037383177570093,0.9957194198085875
test_104,0,0.0,0.35500694337293626,0.21581060293400367,0.43062888128382226
test_104,0,0.05,0.3558710075605616,0.2164495664251661,0.49357653198211254
test_104,0,0.1,0.3597592964048758,0.2193332329921734,0.657173165398505
test_104,1,0.0,0.31328498688474,0.1857367631453767,0.993649365350092
test_104,1,0.05,0.3770405801573831,0.23231670216002434,0.5154192146865633
test_104,1,0.1,0.32278969294861903,0.19245630174793008,0.9987992247183154
test_104,2,0.0,0.33257213392994905,0.1994521866266911,0.42646902626854155
test_104,2,0.05,0.35559327264311064,0.21624411207236285,0.48557235780365937
test_104,2,0.1,0.365591729671347,0.2236844589619168,0.6091183397737763
test_104,3,0.0,0.3617034408270329,0.2207801992879881,0.42140535001873963
test_104,3,0.05,0.3792624594969912,0.23400609291698402,0.4933197078817594
test_104,3,0.1,0.3633081314611943,0.2219771103192111,0.5796299643190834
test_104,4,0.0,0.3296404875790773,0.19734702926396688,0.39162304421190636
test_104,4,0.05,0.3741397932417837,0.23011805792810233,0.47873642008169087
test_104,4,0.1,0.3789230057089955,0.23374769183910452,0.612257295102008
test_104,5,0.0,0.3512420922697115,0.21303436400389308,0.4223418980118115
test_104,5,0.05,0.3553772565962043,0.21608436221713515,0.4622275354614049
test_104,5,0.1,0.30418145347940134,0.1793714628864666,0.7009609844067618
test_104,6,0.0,0.37398549606542203,0.23000132850012336,0.43614560947336467
test_104,6,0.05,0.38484801728128376,0.23827356273524522,0.49332517561270944
test_104,6,0.1,0.3789847245795402,0.23379466580365132,0.5669726980173645
test_104,7,0.0,0.3518284215398858,0.21346589526109833,0.4340603336754989
test_104,7,0.05,0.34750810060175896,0.2102933761601524,0.5255091424257807
test_104,7,0.1,0.3643264928251813,0.2227379065730888,0.550037436552507
test_104,8,0.0,0.37410893380651133,0.2300947102700856,0.4135283403984502
test_104,8,0.05,0.3762073754050301,0.23168437256504304,0.4691978838121651
test_104,8,0.1,0.3563030396543743,0.21676930009011716,0.6269917683170839
test_104,9,0.0,0.3592038265699738,0.21892044385931916,0.45940215184892064
test_104,9,0.05,0.3841073908347477,0.237706013788362,0.5496780526832653
test_104,9,0.1,0.3660237617651597,0.22400800770552795,0.6110838032536393
test_105,0,0.0,0.20562739582181563,0.11459570623348442,0.5940351464060718
test_105,0,0.05,0.2067480180520574,0.11529222894123041,0.7903064064660061
test_105,0,0.1,0.20662048961423327,0.11521291975159678,0.8752268119931617
test_105,1,0.0,0.20685112615072368,0.11535635951223903,0.9922710701106437
test_105,1,0.05,0.20665712012296997,0.11523569889609761,0.8114229932008847
test_105,1,0.1,0.20683213255360094,0.11534454543184788,0.9975627901057801
test_105,2,0.0,0.20668289714763655,0.11525172922228687,0.6930237035162414
test_105,2,0.05,0.206796858730373,0.1153226056608156,0.7696879263072125
test_105,2,0.1,0.20665440675195243,0.11523401152014816,0.8537590241646016
test_105,3,0.0,0.20646447078072502,0.11511590789093479,0.6422212801357223
test_105,3,0.05,0.20672088434188204,0.11527535370087509,0.7816727641682711
test_105,3,0.1,0.20618635025142773,0.11494301555812535,0.8687751774065267
test_105,4,0.0,0.20654180185472476,0.11516398992088149,0.6237468630191438
test_105,4,0.05,0.20665305006644366,0.1152331678340882,0.7495483911398425
test_105,4,0.1,0.2063165920602694,0.11502397309748758,0.870693322999957
test_105,5,0.0,0.2056626696450436,0.11461761741553876,0.5588982410810003
test_105,5,0.05,0.20652280825760203,0.11515217991535263,0.7053090234123224
test_105,5,0.1,0.20655129865328614,0.1151698950174517,0.8536091379912508
test_105,6,0.0,0.20668425383314531,0.11525257293643085,0.646142544670859
test_105,6,0.05,0.20671681428535574,0.11527282245886707,0.7649139949109244
test_105,6,0.1,0.20666526023602258,0.1152407610545826,0.8663882590209373
test_105,7,0.0,0.20681178227096944,0.1153318877662963,0.744687546580535
test_105,7,0.05,0.20681178227096944,0.1153318877662963,0.8445272092375503
test_105,7,0.1,0.20669239394619793,0.11525763524810301,0.8463763731262
test_105,8,0.0,0.2067642982781626,0.11530235433057165,0.6090785989920698
test_105,8,0.05,0.2067927886738467,0.11532007420431607,0.7608626208503096
test_105,8,0.1,0.2064074899893568,0.11508048167982815,0.8693755737259147
test_105,9,0.0,0.2066761137200927,0.11524751067071556,0.6179632343925908
test_105,9,0.05,0.20662591635626834,0.11521629438095317,0.8400690418314589
test_105,9,0.1,0.20679821541588178,0.11532344948220241,0.8451840967472732
test_108,0,0.0,0.07948230991067032,0.04138587752710226,0.563351252543432
test_108,0,0.05,0.13251740873602025,0.07096045197740113,0.7794545069779244
test_108,0,0.1,0.17725258493353027,0.09724473257698542,0.7835420438950703
test_108,1,0.0,0.22240979109516776,0.1251187084520418,0.9959428497452634
test_108,1,0.05,0.18625589083491595,0.10269138292096487,0.3691719756712293
test_108,1,0.1,0.3483153970598579,0.21088493314027765,0.9984876093859097
test_108,2,0.0,0.09003305901385665,0.04713854312440156,0.7379932447574012
test_108,2,0.05,0.1502426672293733,0.08122290668491901,0.6620128353324275
test_108,2,0.1,0.1502426672293733,0.08122290668491901,0.8269046359047534
test_108,3,0.0,0.09003305901385665,0.04713854312440156,0.2839916420393149
test_108,3,0.05,0.18625589083491595,0.10269138292096487,0.35388415384250416
test_108,3,0.1,0.16824927903214462,0.09185162429920897,0.6557252492849387
test_108,4,0.0,0.09748892171344166,0.05124223602484472,0.25484099106227326
test_108,4,0.05,0.14123936132798762,0.07598577158858699,0.47855160587034284
test_108,4,0.1,0.16824927903214462,0.09185162429920897,0.7224625819011548
test_108,5,0.0,0.08792290919321938,0.04598293113596233,0.246970744272969
test_108,5,0.05,0.13251740873602025,0.07096045197740113,0.5976288344809472
test_108,5,0.1,0.12534289934585355,0.06686177397568663,0.869657031626212
test_108,6,0.0,0.18625589083491595,0.10269138292096487,0.2857230724124508
test_108,6,0.05,0.244073995920377,0.13900016023073225,0.33523900856197375
test_108,6,0.1,0.24477737919392276,0.13945660014426545,0.5153594356718402
test_108,7,0.0,0.18625589083491595,0.10269138292096487,0.5907461699081766
test_108,7,0.05,0.21762678483505662,0.12209944751381216,0.7640626468734211
test_108,7,0.1,0.18625589083491595,0.10269138292096487,0.6804665846310618
test_108,8,0.0,0.16824927903214462,0.09185162429920897,0.2650640752590862
test_108,8,0.05,0.22325385102342266,0.12565320665083135,0.6310263967663252
test_108,8,0.1,0.2368994865302103,0.13436527567222534,0.6027264548419603
test_108,9,0.0,0.13308011535485686,0.07128324918996308,0.3024430311808654
test_108,9,0.05,0.2128437785749455,0.1190963476070529,0.4814091182186167
test_108,9,0.1,0.20426250263768728,0.11374853113983549,0.8813685138045515
test_110,0,0.0,0.0013399000506989207,0.0006703991592832165,0.1870796227815309
test_110,0,0.05,0.0016658216846527124,0.0008336051611032583,0.9853619101423667
test_110,0,0.1,0.0024263054972115594,0.0012146262758108083,0.9956993979650781
test_110,1,0.0,0.0,0.0,0.9954895590598638
test_110,1,0.05,0.007315130006518433,0.003670991894740668,0.9621967689438954
test_110,1,0.1,0.0013036865358151662,0.0006522684447021307,0.9993330960567786
test_110,2,0.0,0.0011588324762801477,0.00057975215595333,0.6187674466070499
test_110,2,0.05,0.006373578619540812,0.0031969774031824455,0.9886924841958773
test_110,2,0.1,0.0033678568841891796,0.0016867688401197062,0.9953433140827725
test_110,3,0.0,0.0,0.0,0.4629388434900856
test_110,3,0.05,0.0022814514376765407,0.0011420284600743224,0.9653505645117788
test_110,3,0.1,0.0038386325776779895,0.001923007147781285,0.9696706348177755
test_110,4,0.0,0.0011588324762801477,0.00057975215595333,0.2799108067153559
test_110,4,0.05,0.004055913666980517,0.00203207779955004,0.9845399270349865
test_110,4,0.1,0.007315130006518433,0.003670991894740668,0.9932615605283828
test_110,5,0.0,0.0,0.0,0.1687794434064726
test_110,5,0.05,0.0011588324762801477,0.00057975215595333,0.988418209058856
test_110,5,0.1,0.0011588324762801477,0.00057975215595333,0.996987069721612
test_110,6,0.0,0.0013399000506989207,0.0006703991592832165,0.852031080486442
test_110,6,0.05,0.006047656985587021,0.003032999763898222,0.9853786509280812
test_110,6,0.1,0.006446005649308322,0.0032334241598546776,0.980960768106809
test_110,7,0.0,0.0011588324762801477,0.00057975215595333,0.9604268783284143
test_110,7,0.05,0.0007966973274426015,0.00039850740861500564,0.9663051051613892
test_110,7,0.1,0.0021003838632577677,0.0010512959941997462,0.9931573254475187
test_110,8,0.0,0.002752227131165351,0.0013780098636495502,0.8787400565023537
test_110,8,0.05,0.004780183964655609,0.0023958182082183823,0.9947348549592232
test_110,8,0.1,0.0024263054972115594,0.0012146262758108083,0.9934351803751958
test_110,9,0.0,0.0011588324762801477,0.00057975215595333,0.34966144832694634
test_110,9,0.05,0.006482219164192077,0.0032516485313084705,0.873696657907936
test_110,9,0.1,0.0,0.0,0.9973323089439893
test_113,0,0.0,0.25598140117310453,0.1467767610650993,0.38854468405961856
test_113,0,0.05,0.29649403376618966,0.17404930751237246,0.6955045956579476
test_113,0,0.1,0.3327743654582121,0.19959767806093634,0.8013819776152001
test_113,1,0.0,0.32966808956752386,0.19736681524701724,0.9912828921775789
test_113,1,0.05,0.33273068345349927,0.19956624892653888,0.6832018290599966
test_113,1,0.1,0.33333252440732014,0.1999994175735532,0.9980155552668944
test_113,2,0.0,0.2457986405189422,0.14011996923298267,0.5484187432399065
test_113,2,0.05,0.32955645777770226,0.1972867980556064,0.6854613426451258
test_113,2,0.1,0.3330024825939345,0.1997618347459231,0.8045153759706404
test_113,3,0.0,0.3089676728897345,0.1827095011351536,0.438280800560334
test_113,3,0.05,0.3326578801123113,0.1995138706954269,0.6402590492472879
test_113,3,0.1,0.3308863321434032,0.19824074208697423,0.7769972017889645
test_113,4,0.0,0.2500066736396089,0.1428615011690181,0.38635116136146547
test_113,4,0.05,0.33238122741579684,0.1993148751262417,0.6255720311322667
test_113,4,0.1,0.3314833195411448,0.1986694669722956,0.7826019832646758
test_113,5,0.0,0.2756528639621034,0.1598592639504609,0.35350044058931496
test_113,5,0.05,0.31172934629879945,0.18464417752887805,0.6425970121001576
test_113,5,0.1,0.29692114670115927,0.17434374581425108,0.8862605404515014
test_113,6,0.0,0.3295418971094647,0.19727636181909045,0.5196921831862443
test_113,6,0.05,0.3330413110425681,0.19978978078386728,0.6633675731356008
test_113,6,0.1,0.3330024825939345,0.1997618347459231,0.7562324461020835
test_113,7,0.0,0.3326287587758361,0.1994929206837129,0.6290732214377749
test_113,7,0.05,0.33253654121033127,0.19942658380754175,0.7704564748255679
test_113,7,0.1,0.33210457471928245,0.19911594557157988,0.7355538972726148
test_113,8,0.0,0.3260521902885196,0.19478037988813857,0.4728124009277247
test_113,8,0.05,0.3332111855053401,0.19991206000885223,0.6986902421504488
test_113,8,0.1,0.3328277545750833,0.19963609368404198,0.7898901616991633
test_113,9,0.0,0.29028148198481324,0.16978320052461102,0.4549977898058255
test_113,9,0.05,0.32780917758919015,0.19603574735363352,0.700007388402138
test_113,9,0.1,0.33335679218771613,0.20001689061289626,0.8174304784050017
test_114,0,0.0,0.2334147884845069,0.13212767035690756,0.21685898703029294
test_114,0,0.05,0.2685537675211658,0.15510372917366852,0.5028829752022334
test_114,0,0.1,0.3129261389647939,0.18548455179833034,0.8212977260447638
test_114,1,0.0,0.3312993283510724,0.19853730149440088,0.9945341692824722
test_114,1,0.05,0.3250284346978597,0.1940501208683082,0.5762289642070014
test_114,1,0.1,0.32493483927019984,0.19398340248962656,0.9990406093853599
test_114,2,0.0,0.24807671569574974,0.14160249933219515,0.25546468807453293
test_114,2,0.05,0.30997177894387734,0.18341219104031978,0.5174469377342056
test_114,2,0.1,0.32635911751719815,0.19499948939646664,0.7902010114715317
test_114,3,0.0,0.2713534916181225,0.15697454066078934,0.2570189770152104
test_114,3,0.05,0.30968285392805767,0.18320991102037673,0.45124623299939265
test_114,3,0.1,0.3156322676340907,0.18738916779814163,0.7961215410522552
test_114,4,0.0,0.2242546446730976,0.12628761438140657,0.2208981123887768
test_114,4,0.05,0.3095567035690378,0.1831216132612113,0.45051993729181716
test_114,4,0.1,0.3151968454271512,0.1870822977578432,0.7929590906957823
test_114,5,0.0,0.22309487524339897,0.1255524969426594,0.1883985968638328
test_114,5,0.05,0.26013424839819566,0.14951397724721205,0.43494645799505494
test_114,5,0.1,0.2607487227276149,0.14992009845554877,0.8824588597933667
test_114,6,0.0,0.2805421209944718,0.16315730930072397,0.265632324028531
test_114,6,0.05,0.3258992791117387,0.1946712494925752,0.5180230053329633
test_114,6,0.1,0.3287193500407954,0.19668710341905732,0.7384975460160662
test_114,7,0.0,0.2988054374874104,0.1756444818669582,0.3726364143421149
test_114,7,0.05,0.3139882436004126,0.18623134886729517,0.7121634807725684
test_114,7,0.1,0.318822650907367,0.1896424854162128,0.672325566548622
test_114,8,0.0,0.2749833664647583,0.15940911010301886,0.20425387355324248
test_114,8,0.05,0.332475375246451,0.19938258800561284,0.5405048106414916
test_114,8,0.1,0.32253798244882265,0.19227736847340116,0.808844314736304
test_114,9,0.0,0.28748039074056364,0.16786983879552886,0.2918154052351223
test_114,9,0.05,0.2875332925040236,0.16790591679558195,0.6118080803699021
test_114,9,0.1,0.33030640294459357,0.19782456106144652,0.7896785643718623
test_116,0,0.0,0.007597501266250211,0.003813236166426574,0.37262268038692664
test_116,0,0.05,0.007597501266250211,0.003813236166426574,0.9658486389462385
test_116,0,0.1,0.004980584163430694,0.00249650911860534,0.9887445592351926
test_116,1,0.0,0.004220834036805673,0.002114880297775146,0.9938570791803779
test_116,1,0.05,0.007175417862569644,0.0036006269326894565,0.7631835574735255
test_116,1,0.1,0.004474084079014013,0.0022420576166504503,0.9988448326818555
test_116,2,0.0,0.007597501266250211,0.003813236166426574,0.3892194926044005
test_116,2,0.05,0.007597501266250211,0.003813236166426574,0.9569985275889235
test_116,2,0.1,0.005740334290055715,0.0028784287165594313,0.992403213218552
test_116,3,0.0,0.007597501266250211,0.003813236166426574,0.19989467686029766
test_116,3,0.05,0.00683775113962519,0.003430604379314726,0.679306353359308
test_116,3,0.1,0.004980584163430694,0.00249650911860534,0.9691621522366228
test_116,4,0.0,0.007597501266250211,0.003813236166426574,0.29874770234647713
test_116,4,0.05,0.007597501266250211,0.003813236166426574,0.9643093300427489
test_116,4,0.1,0.007597501266250211,0.003813236166426574,0.9827468248569978
test_116,5,0.0,0.007597501266250211,0.003813236166426574,0.28613319337881477
test_116,5,0.05,0.00903258483876414,0.004536781852872589,0.9869311475161273
test_116,5,0.1,0.003545500590916765,0.0017758985200845665,0.9971106488162433
test_116,6,0.0,0.007597501266250211,0.003813236166426574,0.3933222349701467
test_116,6,0.05,0.00903258483876414,0.004536781852872589,0.8668478599027122
test_116,6,0.1,0.007175417862569644,0.0036006269326894565,0.9102022242032706
test_116,7,0.0,0.00683775113962519,0.003430604379314726,0.7803267456466492
test_116,7,0.05,0.00464291744048624,0.0023268604306807125,0.8795689256864739
test_116,7,0.1,0.00683775113962519,0.003430604379314726,0.9282918483325264
test_116,8,0.0,0.007597501266250211,0.003813236166426574,0.42502929162399133
test_116,8,0.05,0.007597501266250211,0.003813236166426574,0.9760708907596548
test_116,8,0.1,0.005824750970791828,0.0029208821910849596,0.9767344530747927
test_116,9,0.0,0.00683775113962519,0.003430604379314726,0.41322071115094877
test_116,9,0.05,0.005740334290055715,0.0028784287165594313,0.5262621876516977
test_116,9,0.1,0.00464291744048624,0.0023268604306807125,0.988192403828356
test_117,0,0.0,0.009337068160597572,0.004690431519699813,0.4132401369159123
test_117,0,0.05,0.013149704326174915,0.006618366947327198,0.8172603128414558
test_117,0,0.1,0.01104886399004046,0.00555512088256005,0.9550580413361499
test_117,1,0.0,0.0,0.0,0.9906009754219363
test_117,1,0.05,0.010893246187363835,0.00547645125958379,0.7797322056532533
test_117,1,0.1,0.0,0.0,0.9988153776934134
test_117,2,0.0,0.004979769685652039,0.0024960998439937598,0.5094184630927165
test_117,2,0.05,0.010893246187363835,0.00547645125958379,0.9073464661219541
test_117,2,0.1,0.010893246187363835,0.00547645125958379,0.9813652522411226
test_117,3,0.0,0.010893246187363835,0.00547645125958379,0.42773211916327136
test_117,3,0.05,0.012994086523498288,0.0065395308767670435,0.7883750058526244
test_117,3,0.1,0.010893246187363835,0.00547645125958379,0.9018593830073794
test_117,4,0.0,0.0,0.0,0.25515989213009954
test_117,4,0.05,0.010893246187363835,0.00547645125958379,0.8990201177825728
test_117,4,0.1,0.012994086523498288,0.0065395308767670435,0.9771299401633375
test_117,5,0.0,0.0,0.0,0.2355907300090962
test_117,5,0.05,0.009337068160597572,0.004690431519699813,0.6916619444886659
test_117,5,0.1,0.0001556178026766262,7.781495603454984e-05,0.8974193925587811
test_117,6,0.0,0.010893246187363835,0.00547645125958379,0.6441548175403135
test_117,6,0.05,0.012994086523498288,0.0065395308767670435,0.7344237316932326
test_117,6,0.1,0.012994086523498288,0.0065395308767670435,0.8988682485023741
test_117,7,0.0,0.004979769685652039,0.0024960998439937598,0.8838023556967186
test_117,7,0.05,0.005135387488328665,0.0025743037678446056,0.688265134921554
test_117,7,0.1,0.010893246187363835,0.00547645125958379,0.9598154615908606
test_117,8,0.0,0.010893246187363835,0.00547645125958379,0.4983661762262528
test_117,8,0.05,0.010893246187363835,0.00547645125958379,0.957290922438769
test_117,8,0.1,0.012994086523498288,0.0065395308767670435,0.8901610189114035
test_117,9,0.0,0.009337068160597572,0.004690431519699813,0.41609743661774246
test_117,9,0.05,0.013149704326174915,0.006618366947327198,0.7014714344121699
test_117,9,0.1,0.011593526299408652,0.00583056153394639,0.9076811538008163
test_121,0,0.0,0.2662268425962948,0.1535534458238844,0.22146480850542996
test_121,0,0.05,0.2764894042383047,0.1604222247999072,0.4864900654023424
test_121,0,0.1,0.2561642009862722,0.14689697340262917,0.7746633775091103
test_121,1,0.0,0.20711715313874451,0.11552185548617305,0.9965856868442379
test_121,1,0.05,0.2955484472877516,0.17339797474293311,0.40534576403758704
test_121,1,0.1,0.26456084232973476,0.15244604869057676,0.9995543730360958
test_121,2,0.0,0.29821404771424764,0.17523593217684144,0.28839609662864896
test_121,2,0.05,0.282353725176596,0.16438409311348207,0.45150907729552764
test_121,2,0.1,0.2724910035985606,0.15773637310496472,0.7330452503146918
test_121,3,0.0,0.27562308409969344,0.1598392332663472,0.20699247778289342
test_121,3,0.05,0.2890177262428362,0.16891918208373904,0.34867177670591293
test_121,3,0.1,0.29121684659469543,0.17042352390609156,0.5144162295999536
test_121,4,0.0,0.26682660269225644,0.1539526299600123,0.24063001910721496
test_121,4,0.05,0.2785552445688391,0.16181480334468876,0.38496268689243457
test_121,4,0.1,0.2705584432893509,0.156442663378545,0.6138824897131915
test_121,5,0.0,0.266426762628282,0.15368647651264702,0.2010541797818444
test_121,5,0.05,0.2521658003465281,0.1442732957145036,0.4710080741853217
test_121,5,0.1,0.23590563774490203,0.13372620126926563,0.8104331072859654
test_121,6,0.0,0.29028388644542186,0.16978484565014032,0.2900285963489708
test_121,6,0.05,0.2956817273090764,0.17348973607038123,0.3912016948246021
test_121,6,0.1,0.29141676662668264,0.17056047427746793,0.5809579340652974
test_121,7,0.0,0.2727575636412102,0.157915043018635,0.4146549289617629
test_121,7,0.05,0.28348660535785686,0.1651525739576054,0.7343802797645613
test_121,7,0.1,0.29421564707450354,0.1724811501347814,0.584645072860957
test_121,8,0.0,0.28308676529388244,0.16488122962272939,0.22615614086819952
test_121,8,0.05,0.28155404504864723,0.16384224609299258,0.6545211402158502
test_121,8,0.1,0.2624283619885379,0.15103167906727008,0.7349019808339778
test_121,9,0.0,0.2838864454218313,0.16542404473438957,0.2976341336458779
test_121,9,0.05,0.2739570838331334,0.1587197405505579,0.462528407019388
test_121,9,0.1,0.2920831667333067,0.1710172070701159,0.8649524310192346
test_122,0,0.0,0.055283587993868365,0.02842758340113914,0.16878764584538003
test_122,0,0.05,0.08282648469564358,0.04320239354156457,0.9372380664338945
test_122,0,0.1,0.0787716955941255,0.04100069492703266,0.8906413799875507
test_122,1,0.0,0.0485585719230579,0.024883438070139874,0.9956823651931297
test_122,1,0.05,0.10265539237501854,0.054104769351055515,0.49654528140170173
test_122,1,0.1,0.072244474113633,0.03747595228934206,0.9994555922005834
test_122,2,0.0,0.07011818226771498,0.036332889207748284,0.4908181598341605
test_122,2,0.05,0.08292538199080256,0.043256209858392014,0.8986292767572424
test_122,2,0.1,0.08341986846659744,0.04352537475167058,0.9589728110780862
test_122,3,0.0,0.076595955100628,0.03982312260585649,0.2696269674961905
test_122,3,0.05,0.08658458191168472,0.045251324460524614,0.6448221380678276
test_122,3,0.1,0.08737576027295653,0.04568370433568603,0.7875758017189705
test_122,4,0.0,0.0442070909360629,0.022603155339805826,0.3875787538771443
test_122,4,0.05,0.10033130593878258,0.052815159955228154,0.7318185744472121
test_122,4,0.1,0.10201255995648519,0.05374775291144517,0.9040500115893334
test_122,5,0.0,0.031498788508134305,0.016001406717074028,0.26876032602633027
test_122,5,0.05,0.06818968501211492,0.0352983336319656,0.984982701605323
test_122,5,0.1,0.044108193640903924,0.022551448652475097,0.983901704665524
test_122,6,0.0,0.05305839885279138,0.027252177888400682,0.7027411945836464
test_122,6,0.05,0.07303565247490482,0.03790192204059637,0.6643372663942655
test_122,6,0.1,0.09330959798249518,0.048937991130475374,0.8183607264998805
test_122,7,0.0,0.0704148741531919,0.0364922351494029,0.8411434312193286
test_122,7,0.05,0.09256786826880285,0.0485300979934671,0.8930278269833929
test_122,7,0.1,0.09484250605745932,0.049781976744186045,0.878104054529193
test_122,8,0.0,0.055679177174504275,0.028636826042726347,0.7030700815092336
test_122,8,0.05,0.09563368441873114,0.05021811383464894,0.9382697824694424
test_122,8,0.1,0.08371656035207437,0.04368694036590715,0.9366767690077464
test_122,9,0.0,0.05978341492360184,0.030812753268598517,0.24880770619801
test_122,9,0.05,0.07367848489343816,0.038248280110894345,0.5145824216287048
test_122,9,0.1,0.07842555506106907,0.04081317550180134,0.9859965272457863
